transaction_id,user_id,amount,payer,receiver,created_at,fee_amount
1,5,506.61,user 5,Deutsche Bahn,2023-01-15 02:54:57,1.0
2,43,933.36,user 43,Amazon,2023-01-15 07:27:33,2.12
3,46,95.07,user 46,Deutsche Bahn,2023-01-21 20:23:52,0.21
4,42,430.07,user 42,Uber,2023-01-27 07:51:54,0.83
5,19,177.76,user 19,Spotify,2023-01-29 08:56:34,0.34
6,19,928.49,user 19,Lidl,2023-01-29 23:42:48,1.98
7,47,452.98,user 47,Lidl,2023-02-02 13:04:30,1.04
8,35,1233.87,user 35,Booking.com,2023-02-08 11:00:23,2.42
9,109,1354.82,user 109,Carrefour,2023-02-11 20:46:55,2.51
10,45,394.82,user 45,Apple,2023-02-12 16:01:35,0.89
11,28,267.24,user 28,IKEA,2023-02-13 16:51:36,0.59
12,46,250.88,user 46,Amazon,2023-02-13 17:12:46,0.56
13,22,1123.84,user 22,Carrefour,2023-02-14 04:32:23,2.3
14,25,729.17,user 25,Shell,2023-02-15 14:59:47,1.5
15,94,860.31,user 94,Zara,2023-02-17 23:34:48,1.6
16,43,1114.36,user 43,Lidl,2023-02-24 21:48:43,2.13
17,36,309.9,user 36,Carrefour,2023-02-28 12:13:26,0.54
18,78,95.51,user 78,Uber,2023-03-04 02:42:27,0.16
19,44,1193.59,user 44,Zara,2023-03-04 18:48:58,2.35
20,31,778.03,user 31,Zara,2023-03-05 10:05:05,1.53
21,52,105.07,user 52,Uber,2023-03-07 00:36:28,0.21
22,144,737.15,user 144,Deutsche Bahn,2023-03-08 14:05:32,1.48
23,59,109.56,user 59,Spotify,2023-03-09 07:21:52,0.25
24,84,991.4,user 84,Spotify,2023-03-09 20:21:57,2.26
25,30,723.17,user 30,Deutsche Bahn,2023-03-11 01:51:22,1.48
26,74,1056.26,user 74,Carrefour,2023-03-11 15:05:22,2.42
27,139,801.58,user 139,Lidl,2023-03-12 19:21:05,1.72
28,31,1391.69,user 31,Lidl,2023-03-16 01:07:12,2.91
29,14,540.88,user 14,Decathlon,2023-03-16 05:39:16,1.22
30,27,856.71,user 27,Spotify,2023-03-16 19:08:19,1.84
31,47,389.01,user 47,Uber,2023-03-17 13:29:31,0.85
32,91,1362.61,user 91,IKEA,2023-03-18 16:50:35,2.51
33,98,237.78,user 98,Carrefour,2023-03-19 14:20:35,0.44
34,46,461.56,user 46,Spotify,2023-03-20 00:11:40,0.93
35,41,1380.46,user 41,Decathlon,2023-03-24 21:47:26,2.4
36,150,222.21,user 150,Spotify,2023-03-25 00:37:43,0.39
37,120,365.21,user 120,Uber,2023-03-25 07:00:46,0.67
38,142,421.27,user 142,Deutsche Bahn,2023-03-25 16:33:58,0.92
39,84,364.77,user 84,Lidl,2023-03-25 16:50:52,0.82
40,30,825.44,user 30,Amazon,2023-03-26 02:32:19,1.49
41,123,778.91,user 123,Zara,2023-03-26 17:19:15,1.6
42,101,565.44,user 101,Deutsche Bahn,2023-03-26 18:18:31,1.03
43,74,1016.09,user 74,Carrefour,2023-03-27 15:52:01,1.92
44,85,424.35,user 85,IKEA,2023-03-28 08:09:27,0.77
45,55,1331.64,user 55,Deutsche Bahn,2023-03-28 20:28:29,2.81
46,93,525.09,user 93,Decathlon,2023-03-29 02:01:13,1.1
47,19,811.11,user 19,Apple,2023-03-29 18:39:13,1.75
48,135,1167.67,user 135,Decathlon,2023-03-29 22:27:31,2.48
49,35,1039.58,user 35,Apple,2023-03-30 02:32:34,2.05
50,98,1062.6,user 98,Decathlon,2023-03-30 10:08:38,2.12
51,79,1118.1,user 79,Decathlon,2023-03-31 20:06:08,2.05
52,42,1048.05,user 42,Shell,2023-04-02 05:07:46,2.23
53,61,1320.02,user 61,Carrefour,2023-04-03 02:52:11,2.4
54,10,355.86,user 10,Shell,2023-04-05 15:03:15,0.72
55,178,120.54,user 178,Amazon,2023-04-05 20:21:07,0.23
56,155,456.4,user 155,Spotify,2023-04-05 23:57:16,0.96
57,37,956.23,user 37,Zara,2023-04-06 10:01:12,1.84
58,149,1255.03,user 149,Decathlon,2023-04-07 00:19:33,2.3
59,26,620.07,user 26,Lidl,2023-04-10 03:43:22,1.42
60,129,1122.9,user 129,Deutsche Bahn,2023-04-10 06:31:00,2.52
61,29,199.73,user 29,Apple,2023-04-10 06:37:40,0.42
62,140,1045.45,user 140,Booking.com,2023-04-10 14:03:07,2.17
63,66,1001.18,user 66,Booking.com,2023-04-12 05:58:07,2.25
64,66,106.59,user 66,IKEA,2023-04-12 10:29:09,0.19
65,117,1383.16,user 117,Booking.com,2023-04-13 07:08:36,3.09
66,95,1119.18,user 95,Shell,2023-04-13 08:49:29,2.09
67,74,79.47,user 74,Lidl,2023-04-14 08:45:02,0.16
68,108,1321.55,user 108,Amazon,2023-04-14 10:53:50,2.26
69,3,1230.15,user 3,Deutsche Bahn,2023-04-16 14:36:52,2.19
70,14,1352.9,user 14,Zara,2023-04-16 20:52:55,2.63
71,189,64.48,user 189,Zara,2023-04-16 21:43:30,0.14
72,65,1236.89,user 65,Carrefour,2023-04-17 12:26:11,2.45
73,71,899.14,user 71,Apple,2023-04-18 03:11:25,2.01
74,29,627.01,user 29,Apple,2023-04-20 02:09:29,1.26
75,20,1204.97,user 20,Zara,2023-04-20 04:22:35,2.28
76,13,172.39,user 13,Deutsche Bahn,2023-04-20 19:21:03,0.31
77,99,698.62,user 99,Apple,2023-04-21 17:40:18,1.32
78,207,478.01,user 207,Decathlon,2023-04-22 10:00:52,1.02
79,29,512.75,user 29,Decathlon,2023-04-23 11:55:47,1.05
80,167,325.95,user 167,Zara,2023-04-25 20:21:03,0.72
81,16,156.84,user 16,Deutsche Bahn,2023-04-26 06:28:03,0.33
82,173,1053.08,user 173,Deutsche Bahn,2023-04-26 18:53:52,2.36
83,207,1341.0,user 207,Amazon,2023-04-26 18:58:29,2.86
84,85,759.55,user 85,Amazon,2023-04-26 21:51:03,1.67
85,154,900.25,user 154,Spotify,2023-04-27 17:39:26,1.55
86,225,148.76,user 225,Apple,2023-04-29 03:18:58,0.27
87,47,729.34,user 47,Shell,2023-04-29 08:37:12,1.6
88,168,496.44,user 168,Carrefour,2023-04-29 10:13:47,1.12
89,102,645.47,user 102,Zara,2023-04-30 21:39:55,1.41
90,149,251.97,user 149,Lidl,2023-05-01 17:42:28,0.44
91,221,623.53,user 221,Spotify,2023-05-03 01:31:55,1.26
92,62,226.98,user 62,Booking.com,2023-05-04 07:27:18,0.52
93,27,38.82,user 27,Carrefour,2023-05-06 02:06:56,0.07
94,30,511.92,user 30,IKEA,2023-05-06 05:28:40,1.09
95,30,45.6,user 30,IKEA,2023-05-07 01:39:36,0.1
96,79,945.3,user 79,Amazon,2023-05-07 15:26:20,1.92
97,285,283.57,user 285,Deutsche Bahn,2023-05-07 16:44:22,0.51
98,20,470.94,user 20,Decathlon,2023-05-07 22:43:39,0.85
99,199,768.85,user 199,IKEA,2023-05-08 02:06:00,1.46
100,142,412.72,user 142,IKEA,2023-05-08 12:34:37,0.92
101,101,104.21,user 101,Apple,2023-05-08 12:45:42,0.23
102,192,641.29,user 192,Shell,2023-05-08 23:37:20,1.44
103,209,1088.79,user 209,Deutsche Bahn,2023-05-09 11:44:30,2.44
104,52,885.79,user 52,Zara,2023-05-10 02:32:49,1.84
105,195,173.19,user 195,Decathlon,2023-05-10 13:41:00,0.3
106,92,302.62,user 92,IKEA,2023-05-10 14:04:55,0.67
107,64,617.06,user 64,Decathlon,2023-05-10 16:04:46,1.11
108,15,544.4,user 15,Amazon,2023-05-12 05:38:39,1.25
109,230,635.79,user 230,Zara,2023-05-12 05:41:15,1.19
110,58,1205.29,user 58,Amazon,2023-05-13 03:29:53,2.06
111,38,485.15,user 38,Apple,2023-05-13 10:29:06,1.05
112,148,377.6,user 148,Decathlon,2023-05-13 20:36:04,0.66
113,225,134.34,user 225,Apple,2023-05-14 04:50:32,0.24
114,59,190.27,user 59,Amazon,2023-05-14 05:15:26,0.36
115,236,1316.82,user 236,Lidl,2023-05-15 00:02:23,2.6
116,177,1306.12,user 177,Lidl,2023-05-15 10:59:23,2.35
117,28,361.89,user 28,Apple,2023-05-15 22:01:21,0.68
118,147,151.34,user 147,Apple,2023-05-16 12:11:59,0.34
119,171,451.04,user 171,Uber,2023-05-17 10:31:52,0.98
120,217,296.34,user 217,Deutsche Bahn,2023-05-19 03:46:58,0.62
121,19,1374.49,user 19,Shell,2023-05-19 10:34:39,2.91
122,23,1351.47,user 23,Shell,2023-05-19 10:41:09,2.73
123,239,518.2,user 239,Amazon,2023-05-19 13:56:32,0.95
124,213,134.67,user 213,Zara,2023-05-20 06:29:55,0.31
125,107,938.03,user 107,Spotify,2023-05-20 14:04:04,1.95
126,263,930.75,user 263,Booking.com,2023-05-20 17:17:27,2.06
127,114,1116.0,user 114,Uber,2023-05-20 18:55:37,2.44
128,220,1311.71,user 220,Zara,2023-05-20 22:17:12,2.75
129,205,580.41,user 205,Booking.com,2023-05-21 21:22:22,1.06
130,224,38.98,user 224,Shell,2023-05-23 12:11:19,0.07
131,29,603.02,user 29,Apple,2023-05-23 18:24:52,1.15
132,23,1223.08,user 23,Decathlon,2023-05-24 10:06:52,2.66
133,34,398.68,user 34,Amazon,2023-05-26 19:10:18,0.89
134,165,482.25,user 165,Shell,2023-05-27 10:37:01,0.85
135,216,1043.04,user 216,Decathlon,2023-05-27 12:41:35,2.25
136,162,60.36,user 162,Uber,2023-05-27 21:14:18,0.13
137,196,308.0,user 196,Spotify,2023-05-31 09:52:44,0.64
138,135,660.86,user 135,Deutsche Bahn,2023-05-31 19:17:49,1.48
139,125,191.3,user 125,Uber,2023-06-02 08:37:05,0.38
140,243,109.25,user 243,Carrefour,2023-06-03 15:42:35,0.23
141,274,774.51,user 274,Zara,2023-06-04 11:43:30,1.49
142,113,679.3,user 113,Lidl,2023-06-04 17:09:56,1.35
143,60,1305.14,user 60,Shell,2023-06-05 14:17:33,2.74
144,219,1219.17,user 219,Zara,2023-06-05 14:35:36,2.24
145,53,494.18,user 53,IKEA,2023-06-05 21:55:51,1.02
146,48,788.72,user 48,Zara,2023-06-06 03:43:47,1.68
147,248,830.52,user 248,Booking.com,2023-06-06 12:00:32,1.49
148,148,1126.03,user 148,Apple,2023-06-06 13:53:39,2.09
149,5,949.27,user 5,IKEA,2023-06-06 17:33:54,1.82
150,177,1240.58,user 177,Uber,2023-06-06 19:39:23,2.45
151,289,384.55,user 289,Carrefour,2023-06-07 14:01:57,0.79
152,265,580.18,user 265,IKEA,2023-06-07 22:01:39,1.15
153,76,836.18,user 76,Shell,2023-06-09 04:01:28,1.7
154,40,943.0,user 40,Uber,2023-06-09 12:07:38,2.12
155,17,403.44,user 17,Shell,2023-06-09 23:55:51,0.87
156,258,502.06,user 258,Apple,2023-06-10 17:55:20,0.9
157,213,1062.33,user 213,IKEA,2023-06-11 08:07:37,1.96
158,131,669.58,user 131,Shell,2023-06-11 19:13:57,1.51
159,80,198.42,user 80,Amazon,2023-06-12 03:58:45,0.38
160,88,1101.59,user 88,Amazon,2023-06-12 14:33:18,1.91
161,14,197.4,user 14,Decathlon,2023-06-12 19:48:13,0.37
162,44,882.18,user 44,Deutsche Bahn,2023-06-12 21:14:39,1.96
163,162,626.86,user 162,Apple,2023-06-12 23:27:57,1.08
164,285,165.21,user 285,Booking.com,2023-06-13 09:35:56,0.32
165,184,487.12,user 184,Apple,2023-06-14 10:00:17,1.02
166,41,690.19,user 41,Amazon,2023-06-15 13:57:04,1.41
167,168,705.35,user 168,Amazon,2023-06-15 20:57:44,1.59
168,23,732.98,user 23,Uber,2023-06-16 17:17:35,1.5
169,173,1397.99,user 173,Shell,2023-06-16 17:46:47,2.83
170,190,990.86,user 190,Zara,2023-06-17 02:20:28,2.1
171,299,27.47,user 299,Amazon,2023-06-17 18:20:54,0.06
172,348,1241.1,user 348,Shell,2023-06-18 15:03:09,2.43
173,213,81.96,user 213,Lidl,2023-06-18 17:07:31,0.18
174,111,175.57,user 111,Shell,2023-06-19 19:09:40,0.39
175,254,877.81,user 254,Zara,2023-06-20 14:17:10,1.93
176,301,775.85,user 301,Amazon,2023-06-21 00:06:06,1.51
177,231,951.08,user 231,IKEA,2023-06-21 07:08:30,1.74
178,250,717.87,user 250,Decathlon,2023-06-21 23:03:59,1.26
179,333,238.47,user 333,Booking.com,2023-06-22 00:53:56,0.42
180,257,391.9,user 257,Shell,2023-06-22 07:06:11,0.7
181,182,176.7,user 182,IKEA,2023-06-22 07:32:37,0.31
182,74,809.98,user 74,Shell,2023-06-23 08:41:38,1.82
183,319,671.02,user 319,Carrefour,2023-06-23 09:12:08,1.44
184,274,1274.0,user 274,Uber,2023-06-23 12:18:59,2.65
185,21,1187.87,user 21,Booking.com,2023-06-24 10:57:25,2.63
186,81,1236.33,user 81,Zara,2023-06-25 02:10:04,2.38
187,139,1300.14,user 139,Spotify,2023-06-25 08:47:09,2.93
188,67,768.61,user 67,Deutsche Bahn,2023-06-25 09:39:53,1.36
189,214,358.49,user 214,Deutsche Bahn,2023-06-25 22:18:01,0.81
190,155,956.96,user 155,Uber,2023-06-26 18:16:40,1.7
191,126,1232.5,user 126,Shell,2023-06-26 21:17:16,2.46
192,1,336.09,user 1,Spotify,2023-06-26 21:58:14,0.65
193,234,21.68,user 234,IKEA,2023-06-27 21:09:23,0.04
194,209,821.65,user 209,Spotify,2023-06-28 11:08:19,1.72
195,326,651.28,user 326,IKEA,2023-06-28 13:02:34,1.27
196,252,279.77,user 252,Apple,2023-06-28 14:30:08,0.52
197,16,790.68,user 16,Shell,2023-06-29 04:44:15,1.72
198,188,1251.55,user 188,Amazon,2023-06-29 11:19:46,2.67
199,15,198.86,user 15,IKEA,2023-06-29 14:22:27,0.36
200,306,115.25,user 306,Carrefour,2023-06-30 00:19:13,0.24
201,165,175.68,user 165,Booking.com,2023-06-30 04:36:58,0.39
202,32,1185.67,user 32,Carrefour,2023-07-01 07:36:37,2.65
203,65,1332.37,user 65,Booking.com,2023-07-01 19:56:04,2.79
204,42,721.03,user 42,Spotify,2023-07-02 01:02:55,1.51
205,330,1043.11,user 330,Booking.com,2023-07-02 11:00:49,2.37
206,352,695.21,user 352,Booking.com,2023-07-02 14:31:48,1.36
207,193,149.83,user 193,Deutsche Bahn,2023-07-04 04:32:37,0.31
208,232,245.95,user 232,Apple,2023-07-04 05:14:45,0.44
209,294,43.0,user 294,Spotify,2023-07-06 10:08:02,0.1
210,147,1089.21,user 147,Amazon,2023-07-06 11:47:11,2.24
211,126,833.36,user 126,Carrefour,2023-07-06 17:33:33,1.89
212,55,1285.27,user 55,Shell,2023-07-06 20:27:42,2.55
213,353,640.51,user 353,Deutsche Bahn,2023-07-07 16:45:42,1.41
214,85,39.28,user 85,IKEA,2023-07-08 03:21:50,0.09
215,214,1298.9,user 214,Uber,2023-07-08 20:46:41,2.54
216,303,179.79,user 303,Decathlon,2023-07-09 02:25:55,0.31
217,101,1066.28,user 101,Spotify,2023-07-09 03:12:07,2.26
218,47,732.94,user 47,Lidl,2023-07-09 07:20:37,1.61
219,48,845.03,user 48,Uber,2023-07-09 07:30:33,1.75
220,181,130.12,user 181,Deutsche Bahn,2023-07-09 12:51:41,0.3
221,208,997.22,user 208,Booking.com,2023-07-09 23:48:20,2.01
222,241,646.15,user 241,Carrefour,2023-07-10 11:39:43,1.2
223,93,835.27,user 93,Lidl,2023-07-10 16:59:04,1.77
224,156,305.56,user 156,Shell,2023-07-10 22:23:21,0.56
225,98,1301.66,user 98,Decathlon,2023-07-11 03:29:07,2.68
226,197,197.53,user 197,Lidl,2023-07-12 13:50:04,0.42
227,357,520.37,user 357,Booking.com,2023-07-12 17:06:05,1.0
228,166,665.68,user 166,Carrefour,2023-07-12 19:12:28,1.49
229,309,710.12,user 309,Decathlon,2023-07-12 21:13:24,1.3
230,191,500.35,user 191,Apple,2023-07-12 21:46:37,0.9
231,343,74.96,user 343,IKEA,2023-07-13 02:44:33,0.15
232,332,657.39,user 332,Lidl,2023-07-14 05:57:41,1.46
233,226,1262.17,user 226,Booking.com,2023-07-14 23:17:51,2.68
234,42,760.15,user 42,Carrefour,2023-07-14 23:56:27,1.51
235,170,180.33,user 170,Apple,2023-07-15 11:53:38,0.39
236,353,500.24,user 353,Lidl,2023-07-16 01:29:10,0.97
237,289,678.9,user 289,Booking.com,2023-07-16 04:52:00,1.3
238,229,444.37,user 229,Uber,2023-07-18 04:03:20,0.96
239,80,637.52,user 80,Carrefour,2023-07-19 02:39:33,1.44
240,410,265.25,user 410,Lidl,2023-07-19 07:27:03,0.6
241,374,226.97,user 374,Decathlon,2023-07-19 11:36:00,0.42
242,161,37.15,user 161,Apple,2023-07-19 12:39:22,0.07
243,185,1128.21,user 185,Amazon,2023-07-19 18:39:23,2.54
244,37,525.83,user 37,Decathlon,2023-07-20 18:29:23,1.12
245,343,1398.19,user 343,Spotify,2023-07-21 06:18:45,2.98
246,149,1219.72,user 149,Amazon,2023-07-21 20:15:46,2.21
247,303,1338.01,user 303,Booking.com,2023-07-22 00:19:13,2.49
248,83,1185.87,user 83,Spotify,2023-07-22 07:02:29,2.46
249,136,1072.49,user 136,Spotify,2023-07-23 04:17:41,2.07
250,286,1127.86,user 286,Spotify,2023-07-23 07:07:22,2.35
251,158,677.42,user 158,Amazon,2023-07-23 18:33:23,1.51
252,171,762.83,user 171,Uber,2023-07-24 06:02:48,1.37
253,135,777.58,user 135,Lidl,2023-07-24 16:04:44,1.33
254,400,719.63,user 400,Apple,2023-07-25 03:38:42,1.25
255,129,725.1,user 129,Decathlon,2023-07-25 18:20:36,1.45
256,111,229.55,user 111,Amazon,2023-07-26 00:54:37,0.4
257,312,78.26,user 312,Spotify,2023-07-26 01:39:00,0.15
258,261,906.26,user 261,Decathlon,2023-07-26 02:26:03,1.66
259,397,871.47,user 397,Spotify,2023-07-26 22:27:17,1.83
260,399,542.47,user 399,Booking.com,2023-07-26 23:40:05,0.95
261,65,505.14,user 65,Carrefour,2023-07-27 12:15:04,0.99
262,145,101.09,user 145,Booking.com,2023-07-27 22:14:13,0.23
263,398,696.31,user 398,Shell,2023-07-28 07:10:33,1.48
264,138,1349.34,user 138,IKEA,2023-07-28 09:45:16,2.5
265,377,311.62,user 377,Spotify,2023-07-28 23:37:26,0.65
266,120,87.67,user 120,IKEA,2023-07-29 07:45:39,0.18
267,62,169.14,user 62,Apple,2023-07-29 15:19:08,0.38
268,398,452.86,user 398,IKEA,2023-07-29 18:41:46,0.84
269,227,1024.53,user 227,Amazon,2023-07-30 06:21:25,2.35
270,39,900.9,user 39,IKEA,2023-07-30 08:14:35,1.69
271,329,153.87,user 329,Decathlon,2023-07-30 09:06:50,0.35
272,65,705.23,user 65,IKEA,2023-07-30 09:29:25,1.5
273,175,99.1,user 175,Spotify,2023-07-30 13:44:32,0.18
274,403,657.31,user 403,Apple,2023-07-30 16:08:22,1.3
275,256,441.99,user 256,Uber,2023-07-30 16:13:03,0.95
276,19,1007.52,user 19,Apple,2023-07-30 20:48:24,2.0
277,254,805.96,user 254,Spotify,2023-07-30 23:00:58,1.44
278,33,1037.2,user 33,Zara,2023-07-31 09:18:32,2.14
279,87,664.2,user 87,Uber,2023-07-31 11:14:32,1.38
280,302,429.44,user 302,Deutsche Bahn,2023-07-31 12:50:41,0.98
281,258,271.34,user 258,Uber,2023-08-01 03:28:02,0.5
282,267,743.28,user 267,Uber,2023-08-01 09:26:32,1.68
283,176,174.78,user 176,Spotify,2023-08-01 09:36:12,0.33
284,22,166.65,user 22,Booking.com,2023-08-01 11:45:57,0.37
285,126,44.07,user 126,Amazon,2023-08-02 01:30:33,0.09
286,368,612.85,user 368,Zara,2023-08-02 03:55:34,1.18
287,182,933.13,user 182,Carrefour,2023-08-02 03:59:46,2.11
288,148,150.44,user 148,Booking.com,2023-08-02 06:56:04,0.33
289,205,1338.49,user 205,Shell,2023-08-02 12:12:43,2.78
290,126,807.92,user 126,Carrefour,2023-08-03 06:10:14,1.8
291,359,97.49,user 359,Carrefour,2023-08-03 14:57:53,0.21
292,474,1220.66,user 474,Booking.com,2023-08-03 15:13:04,2.26
293,193,1354.78,user 193,Shell,2023-08-04 03:22:10,2.5
294,381,71.19,user 381,Carrefour,2023-08-04 04:52:16,0.13
295,383,823.21,user 383,IKEA,2023-08-04 05:27:57,1.57
296,378,360.26,user 378,Zara,2023-08-04 15:55:19,0.82
297,122,1209.74,user 122,Lidl,2023-08-04 22:58:26,2.06
298,251,1080.59,user 251,IKEA,2023-08-05 05:43:38,1.95
299,408,143.44,user 408,Decathlon,2023-08-05 09:01:17,0.26
300,56,133.07,user 56,Deutsche Bahn,2023-08-05 11:36:39,0.26
301,299,73.92,user 299,Spotify,2023-08-05 14:13:56,0.14
302,339,656.2,user 339,Lidl,2023-08-06 08:36:03,1.43
303,191,744.8,user 191,Carrefour,2023-08-06 21:06:53,1.7
304,25,882.41,user 25,Decathlon,2023-08-07 09:38:10,1.7
305,140,875.7,user 140,Lidl,2023-08-07 16:00:46,1.67
306,472,1289.7,user 472,Shell,2023-08-07 19:59:12,2.49
307,103,740.62,user 103,Carrefour,2023-08-08 08:22:34,1.51
308,152,1239.71,user 152,Lidl,2023-08-08 08:23:52,2.56
309,114,1242.92,user 114,Carrefour,2023-08-08 20:47:20,2.69
310,235,40.11,user 235,Spotify,2023-08-08 22:15:14,0.08
311,318,533.54,user 318,Zara,2023-08-09 03:46:02,1.09
312,21,538.45,user 21,Amazon,2023-08-09 13:35:54,1.05
313,101,587.74,user 101,Carrefour,2023-08-09 17:12:49,1.21
314,497,494.37,user 497,Booking.com,2023-08-09 23:07:10,0.95
315,229,164.11,user 229,Carrefour,2023-08-10 23:59:36,0.37
316,107,817.43,user 107,Booking.com,2023-08-11 10:58:08,1.76
317,57,496.42,user 57,Decathlon,2023-08-11 17:35:22,0.86
318,254,484.67,user 254,Decathlon,2023-08-11 18:33:10,1.08
319,110,299.67,user 110,Uber,2023-08-12 08:28:42,0.62
320,285,1396.22,user 285,Uber,2023-08-12 11:05:19,2.76
321,341,931.26,user 341,Zara,2023-08-13 16:22:25,2.09
322,272,949.14,user 272,Shell,2023-08-14 04:41:32,1.64
323,310,1143.57,user 310,IKEA,2023-08-15 03:31:28,2.19
324,497,575.62,user 497,Apple,2023-08-16 02:18:32,1.32
325,55,524.32,user 55,Lidl,2023-08-16 07:32:06,0.96
326,272,1170.25,user 272,Deutsche Bahn,2023-08-16 09:12:18,2.64
327,72,35.54,user 72,Decathlon,2023-08-16 13:36:27,0.06
328,195,563.63,user 195,Booking.com,2023-08-16 13:51:39,1.26
329,131,241.73,user 131,Zara,2023-08-16 22:53:38,0.42
330,217,1029.99,user 217,Lidl,2023-08-17 19:22:57,2.15
331,39,661.88,user 39,IKEA,2023-08-17 21:55:52,1.33
332,301,1075.65,user 301,Deutsche Bahn,2023-08-18 07:54:55,2.35
333,238,570.45,user 238,Amazon,2023-08-18 23:31:00,1.26
334,306,107.28,user 306,IKEA,2023-08-19 03:11:03,0.23
335,16,641.84,user 16,Booking.com,2023-08-19 14:28:06,1.35
336,239,955.58,user 239,Zara,2023-08-19 14:42:59,2.06
337,205,494.77,user 205,Shell,2023-08-19 17:55:44,0.99
338,55,399.66,user 55,Zara,2023-08-19 22:12:11,0.91
339,61,1056.14,user 61,Amazon,2023-08-19 22:22:58,1.81
340,376,886.53,user 376,Deutsche Bahn,2023-08-20 09:06:07,1.89
341,198,1052.82,user 198,Booking.com,2023-08-20 10:04:30,2.37
342,114,872.71,user 114,Deutsche Bahn,2023-08-20 15:25:03,1.49
343,70,1257.27,user 70,IKEA,2023-08-21 13:24:43,2.49
344,356,235.83,user 356,Shell,2023-08-21 14:07:20,0.48
345,305,404.66,user 305,Zara,2023-08-21 15:47:15,0.75
346,362,1185.37,user 362,Decathlon,2023-08-22 00:40:48,2.63
347,36,903.5,user 36,Spotify,2023-08-22 10:37:14,1.83
348,468,618.49,user 468,Apple,2023-08-22 18:03:53,1.37
349,285,280.36,user 285,IKEA,2023-08-22 20:15:38,0.64
350,378,873.07,user 378,Amazon,2023-08-23 05:51:42,1.77
351,307,532.26,user 307,Shell,2023-08-23 06:02:27,1.21
352,416,1059.71,user 416,Deutsche Bahn,2023-08-23 07:51:31,2.09
353,138,748.41,user 138,Booking.com,2023-08-23 15:53:53,1.56
354,362,1041.41,user 362,Apple,2023-08-23 17:52:11,2.07
355,425,98.1,user 425,Decathlon,2023-08-23 18:41:11,0.2
356,292,687.25,user 292,Amazon,2023-08-23 22:16:10,1.38
357,310,796.5,user 310,Zara,2023-08-23 23:54:47,1.81
358,168,610.24,user 168,Lidl,2023-08-24 22:14:00,1.05
359,289,1214.7,user 289,Amazon,2023-08-24 22:54:42,2.63
360,481,482.51,user 481,Uber,2023-08-26 03:09:49,0.92
361,272,176.7,user 272,IKEA,2023-08-26 05:01:54,0.37
362,127,1354.43,user 127,IKEA,2023-08-26 09:49:03,2.65
363,149,285.63,user 149,Decathlon,2023-08-26 18:55:39,0.52
364,195,64.56,user 195,Decathlon,2023-08-27 01:21:12,0.12
365,64,533.37,user 64,Amazon,2023-08-27 03:49:45,1.03
366,441,1061.64,user 441,Shell,2023-08-27 14:16:26,2.11
367,479,993.68,user 479,Deutsche Bahn,2023-08-27 17:51:48,2.19
368,95,331.43,user 95,Decathlon,2023-08-28 04:07:57,0.66
369,175,896.06,user 175,Zara,2023-08-28 06:44:02,1.89
370,72,1302.31,user 72,Carrefour,2023-08-28 07:49:24,2.92
371,187,1136.28,user 187,Decathlon,2023-08-28 10:05:41,2.58
372,305,1345.54,user 305,Uber,2023-08-28 13:37:19,2.83
373,431,295.58,user 431,Booking.com,2023-08-29 00:21:15,0.54
374,366,55.39,user 366,Apple,2023-08-29 01:57:48,0.12
375,437,605.03,user 437,Amazon,2023-08-29 03:07:31,1.2
376,125,1159.03,user 125,Zara,2023-08-29 03:31:43,2.46
377,114,795.68,user 114,Uber,2023-08-29 06:40:10,1.58
378,41,911.43,user 41,Uber,2023-08-29 08:51:17,1.71
379,202,142.65,user 202,Decathlon,2023-08-29 16:03:29,0.29
380,396,187.63,user 396,Decathlon,2023-08-29 17:20:53,0.43
381,48,437.43,user 48,Lidl,2023-08-29 18:35:53,0.89
382,292,223.01,user 292,Booking.com,2023-08-29 23:49:22,0.47
383,71,979.76,user 71,Spotify,2023-08-30 12:39:31,1.95
384,352,1093.5,user 352,Deutsche Bahn,2023-08-30 13:17:26,2.37
385,487,68.72,user 487,IKEA,2023-08-30 14:38:44,0.14
386,463,606.65,user 463,Carrefour,2023-08-30 15:59:47,1.37
387,418,616.67,user 418,Booking.com,2023-08-30 16:35:07,1.32
388,112,261.15,user 112,Shell,2023-08-30 17:55:15,0.5
389,368,1290.52,user 368,Zara,2023-08-30 22:20:33,2.22
390,304,1262.15,user 304,Spotify,2023-08-31 13:03:30,2.56
391,399,618.25,user 399,Booking.com,2023-08-31 15:26:49,1.13
392,139,1267.48,user 139,Uber,2023-08-31 23:43:32,2.81
393,64,861.89,user 64,Zara,2023-09-02 10:49:04,1.65
394,133,1002.61,user 133,Spotify,2023-09-02 22:29:19,1.9
395,78,719.28,user 78,Shell,2023-09-03 02:58:32,1.36
396,44,898.84,user 44,Uber,2023-09-03 15:20:17,1.95
397,200,1384.68,user 200,Zara,2023-09-03 20:43:54,3.16
398,19,281.2,user 19,Shell,2023-09-04 11:47:50,0.51
399,385,1250.16,user 385,Shell,2023-09-04 18:18:04,2.3
400,206,237.38,user 206,IKEA,2023-09-04 23:25:14,0.41
401,485,331.34,user 485,Carrefour,2023-09-04 23:45:20,0.59
402,448,1255.92,user 448,Lidl,2023-09-05 12:05:21,2.85
403,53,394.05,user 53,Spotify,2023-09-05 13:14:59,0.71
404,463,838.72,user 463,Deutsche Bahn,2023-09-05 20:40:32,1.62
405,82,733.45,user 82,Amazon,2023-09-05 20:50:33,1.38
406,490,650.51,user 490,Booking.com,2023-09-06 12:55:18,1.36
407,369,61.9,user 369,Lidl,2023-09-06 15:07:40,0.12
408,168,407.0,user 168,Zara,2023-09-06 21:52:52,0.89
409,422,943.27,user 422,Apple,2023-09-07 01:34:51,1.88
410,46,54.34,user 46,Apple,2023-09-07 12:21:44,0.1
411,105,1180.89,user 105,Shell,2023-09-07 12:40:10,2.4
412,332,961.01,user 332,Booking.com,2023-09-07 19:30:34,2.03
413,181,492.99,user 181,Uber,2023-09-08 10:37:36,1.0
414,410,682.58,user 410,Apple,2023-09-08 10:41:26,1.35
415,178,1381.35,user 178,Apple,2023-09-08 14:01:44,2.92
416,537,622.33,user 537,Uber,2023-09-08 14:12:53,1.23
417,364,569.42,user 364,Lidl,2023-09-08 19:48:19,1.23
418,219,1350.74,user 219,Booking.com,2023-09-09 02:35:27,2.57
419,19,1382.8,user 19,Apple,2023-09-09 03:32:51,2.59
420,385,1351.79,user 385,Apple,2023-09-09 03:53:13,2.34
421,168,965.92,user 168,Decathlon,2023-09-09 15:25:05,1.69
422,347,1033.93,user 347,IKEA,2023-09-10 03:51:34,2.0
423,311,1054.96,user 311,Apple,2023-09-10 07:44:16,1.81
424,339,769.94,user 339,Booking.com,2023-09-10 16:11:52,1.75
425,257,1373.46,user 257,Spotify,2023-09-11 04:21:10,2.67
426,510,80.73,user 510,Apple,2023-09-12 00:32:46,0.18
427,48,122.49,user 48,Decathlon,2023-09-12 07:12:59,0.27
428,108,906.78,user 108,Deutsche Bahn,2023-09-12 08:37:15,1.97
429,495,385.85,user 495,Uber,2023-09-13 08:07:09,0.78
430,331,1200.86,user 331,IKEA,2023-09-15 02:14:11,2.37
431,16,908.88,user 16,Carrefour,2023-09-15 03:58:28,1.72
432,431,559.33,user 431,Spotify,2023-09-15 04:37:21,1.02
433,277,653.41,user 277,Uber,2023-09-15 12:07:31,1.12
434,493,453.81,user 493,Zara,2023-09-15 16:20:37,0.85
435,407,638.28,user 407,Lidl,2023-09-15 17:11:55,1.28
436,421,1231.23,user 421,Deutsche Bahn,2023-09-15 20:53:56,2.65
437,92,671.58,user 92,Booking.com,2023-09-16 05:25:38,1.47
438,439,427.71,user 439,Lidl,2023-09-16 22:36:29,0.91
439,465,137.66,user 465,Deutsche Bahn,2023-09-17 07:45:52,0.26
440,337,812.64,user 337,IKEA,2023-09-17 08:30:56,1.63
441,316,605.87,user 316,Deutsche Bahn,2023-09-17 15:04:19,1.26
442,163,530.84,user 163,Spotify,2023-09-18 01:38:49,1.02
443,18,351.36,user 18,Shell,2023-09-18 04:20:07,0.8
444,31,280.45,user 31,Amazon,2023-09-18 07:29:53,0.64
445,2,811.27,user 2,Booking.com,2023-09-18 07:52:43,1.67
446,172,769.19,user 172,Deutsche Bahn,2023-09-18 10:35:46,1.39
447,64,1262.35,user 64,Lidl,2023-09-18 21:59:21,2.85
448,563,222.82,user 563,Amazon,2023-09-19 02:48:16,0.46
449,4,1047.95,user 4,Amazon,2023-09-19 05:00:14,1.97
450,467,176.65,user 467,Spotify,2023-09-19 06:51:51,0.39
451,275,887.97,user 275,Lidl,2023-09-19 07:56:52,1.89
452,454,1168.53,user 454,Carrefour,2023-09-19 08:12:58,2.68
453,340,1395.17,user 340,Shell,2023-09-19 09:02:13,2.53
454,50,872.4,user 50,Lidl,2023-09-19 15:38:51,1.89
455,491,1277.44,user 491,Decathlon,2023-09-19 17:38:16,2.32
456,95,537.6,user 95,Spotify,2023-09-20 08:40:51,1.0
457,441,421.52,user 441,Lidl,2023-09-20 22:53:25,0.88
458,240,900.27,user 240,Amazon,2023-09-21 03:43:52,1.74
459,245,143.38,user 245,Amazon,2023-09-21 04:12:16,0.26
460,199,1174.23,user 199,Lidl,2023-09-21 19:29:11,2.51
461,45,1377.09,user 45,Amazon,2023-09-21 19:34:30,2.42
462,276,1311.79,user 276,Lidl,2023-09-21 23:55:27,2.58
463,235,850.55,user 235,IKEA,2023-09-22 02:56:37,1.63
464,23,47.15,user 23,Deutsche Bahn,2023-09-22 03:06:19,0.1
465,298,433.71,user 298,Uber,2023-09-22 15:14:10,0.86
466,304,1210.16,user 304,Amazon,2023-09-22 18:44:02,2.22
467,480,1102.44,user 480,Zara,2023-09-22 23:22:31,2.5
468,36,912.87,user 36,Spotify,2023-09-23 07:40:53,1.71
469,56,752.75,user 56,Booking.com,2023-09-23 11:08:42,1.4
470,358,221.69,user 358,Decathlon,2023-09-24 17:06:46,0.5
471,241,994.31,user 241,Amazon,2023-09-25 07:07:17,2.28
472,62,1254.82,user 62,Deutsche Bahn,2023-09-25 11:34:47,2.17
473,217,516.14,user 217,Shell,2023-09-25 20:34:09,1.07
474,413,487.34,user 413,Booking.com,2023-09-25 21:01:49,1.07
475,86,947.57,user 86,Spotify,2023-09-26 02:50:01,2.13
476,498,866.33,user 498,Shell,2023-09-26 06:04:46,1.48
477,106,1098.99,user 106,Spotify,2023-09-26 10:40:57,2.2
478,202,1376.14,user 202,IKEA,2023-09-26 15:11:51,2.57
479,152,152.74,user 152,IKEA,2023-09-27 07:46:41,0.3
480,79,1206.33,user 79,Amazon,2023-09-27 09:07:36,2.21
481,306,190.61,user 306,Spotify,2023-09-27 12:58:59,0.41
482,227,382.99,user 227,Decathlon,2023-09-27 14:47:28,0.83
483,387,568.04,user 387,Amazon,2023-09-27 20:33:56,1.28
484,150,356.39,user 150,Amazon,2023-09-28 00:22:14,0.67
485,237,157.18,user 237,IKEA,2023-09-28 05:48:58,0.32
486,308,1099.18,user 308,Booking.com,2023-09-28 11:16:26,2.5
487,58,27.67,user 58,Booking.com,2023-09-28 20:53:15,0.05
488,416,986.65,user 416,Carrefour,2023-09-28 21:09:53,2.18
489,291,850.45,user 291,Lidl,2023-09-28 21:55:02,1.88
490,175,251.53,user 175,Shell,2023-09-28 23:13:45,0.53
491,463,1111.04,user 463,Spotify,2023-09-29 00:14:56,1.99
492,370,852.92,user 370,Booking.com,2023-09-29 02:28:26,1.48
493,490,1106.33,user 490,Shell,2023-09-29 12:39:46,2.12
494,233,301.82,user 233,Apple,2023-09-29 18:01:46,0.57
495,218,147.67,user 218,Amazon,2023-09-29 21:52:58,0.27
496,384,441.16,user 384,Uber,2023-09-30 03:49:33,0.89
497,137,685.11,user 137,Lidl,2023-10-02 06:31:13,1.56
498,555,962.19,user 555,Deutsche Bahn,2023-10-02 07:00:14,2.09
499,529,1062.23,user 529,Shell,2023-10-02 16:16:22,2.44
500,530,338.78,user 530,Decathlon,2023-10-02 22:27:55,0.76
501,301,184.8,user 301,Amazon,2023-10-03 05:40:36,0.39
502,106,67.58,user 106,Deutsche Bahn,2023-10-03 06:49:40,0.12
503,15,919.32,user 15,Apple,2023-10-03 15:53:38,1.86
504,500,466.09,user 500,Zara,2023-10-03 19:07:34,0.99
505,426,368.78,user 426,Uber,2023-10-03 22:16:40,0.67
506,307,536.41,user 307,Deutsche Bahn,2023-10-03 23:33:28,1.14
507,5,344.9,user 5,Spotify,2023-10-04 00:07:58,0.66
508,298,1105.99,user 298,Decathlon,2023-10-04 03:54:39,2.21
509,473,1118.56,user 473,Deutsche Bahn,2023-10-04 08:44:43,2.11
510,72,554.02,user 72,Uber,2023-10-04 15:08:01,1.05
511,49,410.43,user 49,Amazon,2023-10-04 19:38:43,0.94
512,287,483.19,user 287,IKEA,2023-10-05 00:44:08,0.94
513,340,399.76,user 340,Zara,2023-10-06 03:19:26,0.77
514,143,109.4,user 143,Uber,2023-10-06 06:02:24,0.21
515,51,391.14,user 51,Carrefour,2023-10-06 11:26:49,0.7
516,24,1324.75,user 24,Zara,2023-10-06 17:08:22,2.56
517,544,418.05,user 544,Shell,2023-10-06 17:22:46,0.75
518,395,454.84,user 395,Spotify,2023-10-06 17:56:06,0.93
519,367,656.84,user 367,Apple,2023-10-07 07:21:09,1.2
520,528,439.73,user 528,Spotify,2023-10-07 08:49:59,0.76
521,94,1244.31,user 94,Apple,2023-10-07 09:06:39,2.62
522,483,1214.25,user 483,Shell,2023-10-07 12:56:15,2.19
523,527,251.31,user 527,Spotify,2023-10-07 14:29:10,0.56
524,69,501.41,user 69,Lidl,2023-10-07 15:34:10,0.94
525,52,719.3,user 52,IKEA,2023-10-07 18:53:46,1.42
526,83,1109.13,user 83,Zara,2023-10-07 19:25:47,2.22
527,180,42.14,user 180,Deutsche Bahn,2023-10-07 22:19:32,0.08
528,339,936.34,user 339,Uber,2023-10-08 02:23:48,1.59
529,79,1261.78,user 79,Amazon,2023-10-08 04:40:18,2.6
530,407,1380.69,user 407,Shell,2023-10-08 11:17:17,2.4
531,82,211.16,user 82,Shell,2023-10-08 19:34:43,0.41
532,368,1173.99,user 368,Uber,2023-10-08 23:16:16,2.06
533,281,651.49,user 281,Shell,2023-10-09 02:15:28,1.16
534,213,791.37,user 213,Booking.com,2023-10-09 12:50:00,1.36
535,365,319.44,user 365,Carrefour,2023-10-09 14:57:19,0.62
536,326,1306.66,user 326,Zara,2023-10-09 16:46:24,2.82
537,473,1396.23,user 473,Apple,2023-10-09 17:16:15,2.84
538,415,867.04,user 415,Apple,2023-10-09 21:13:37,1.97
539,278,951.6,user 278,Shell,2023-10-10 22:53:55,1.69
540,522,878.58,user 522,Carrefour,2023-10-11 04:52:30,1.68
541,353,1112.57,user 353,Decathlon,2023-10-11 12:34:33,2.4
542,301,83.01,user 301,Amazon,2023-10-11 18:13:21,0.16
543,3,537.32,user 3,Shell,2023-10-12 06:31:57,0.95
544,38,743.73,user 38,Zara,2023-10-12 08:07:12,1.3
545,168,1124.91,user 168,Spotify,2023-10-12 22:55:18,1.92
546,531,206.82,user 531,Uber,2023-10-12 23:12:52,0.35
547,374,81.87,user 374,Decathlon,2023-10-13 01:50:50,0.15
548,613,689.66,user 613,Amazon,2023-10-14 04:42:47,1.25
549,409,1068.44,user 409,Booking.com,2023-10-14 07:53:49,2.32
550,22,154.65,user 22,Apple,2023-10-14 12:48:16,0.34
551,16,143.48,user 16,Apple,2023-10-14 13:30:17,0.29
552,464,990.75,user 464,Lidl,2023-10-14 16:24:54,1.93
553,460,775.36,user 460,Uber,2023-10-15 02:22:56,1.42
554,121,833.64,user 121,Decathlon,2023-10-15 03:07:12,1.88
555,336,1298.42,user 336,Lidl,2023-10-15 05:29:49,2.6
556,455,628.21,user 455,Carrefour,2023-10-15 15:51:45,1.29
557,72,1208.3,user 72,Decathlon,2023-10-15 16:45:30,2.68
558,287,555.97,user 287,Uber,2023-10-15 19:12:27,1.04
559,235,344.73,user 235,Lidl,2023-10-16 10:41:55,0.73
560,500,879.05,user 500,Apple,2023-10-16 11:21:25,1.68
561,98,216.12,user 98,Uber,2023-10-17 00:59:59,0.43
562,629,27.04,user 629,IKEA,2023-10-17 03:29:35,0.06
563,147,748.06,user 147,IKEA,2023-10-17 11:12:47,1.57
564,500,1375.59,user 500,Decathlon,2023-10-17 12:50:21,3.06
565,10,218.2,user 10,Amazon,2023-10-17 15:44:09,0.39
566,141,1130.5,user 141,Decathlon,2023-10-17 16:27:27,2.53
567,499,1171.2,user 499,IKEA,2023-10-18 01:07:00,2.15
568,406,822.47,user 406,IKEA,2023-10-18 05:50:40,1.8
569,87,744.98,user 87,Carrefour,2023-10-18 11:17:25,1.3
570,549,1099.84,user 549,Uber,2023-10-18 12:07:48,2.03
571,239,465.98,user 239,Shell,2023-10-18 13:10:48,0.98
572,321,1033.68,user 321,Deutsche Bahn,2023-10-18 17:54:39,2.05
573,560,105.91,user 560,Carrefour,2023-10-18 19:24:16,0.2
574,61,1372.74,user 61,Carrefour,2023-10-19 05:45:49,2.81
575,382,507.96,user 382,Shell,2023-10-19 11:52:35,1.09
576,39,57.84,user 39,Decathlon,2023-10-19 17:01:54,0.11
577,201,633.43,user 201,Shell,2023-10-19 20:39:32,1.27
578,97,1032.41,user 97,Booking.com,2023-10-19 22:55:17,1.78
579,521,1155.98,user 521,Carrefour,2023-10-20 07:24:10,2.03
580,356,488.26,user 356,Lidl,2023-10-20 13:50:27,1.02
581,377,1037.39,user 377,Booking.com,2023-10-20 22:14:18,2.17
582,454,372.38,user 454,IKEA,2023-10-21 04:36:51,0.66
583,205,383.35,user 205,Apple,2023-10-21 16:02:10,0.78
584,374,516.99,user 374,Carrefour,2023-10-21 16:33:15,0.98
585,66,1112.73,user 66,Amazon,2023-10-22 00:18:52,2.09
586,53,663.85,user 53,Deutsche Bahn,2023-10-22 03:14:30,1.51
587,620,346.54,user 620,Apple,2023-10-22 03:47:20,0.73
588,565,602.04,user 565,Zara,2023-10-22 09:24:07,1.07
589,608,43.27,user 608,Deutsche Bahn,2023-10-22 22:10:41,0.09
590,612,1297.3,user 612,Deutsche Bahn,2023-10-23 05:54:59,2.83
591,89,834.48,user 89,Lidl,2023-10-23 14:16:51,1.87
592,427,921.31,user 427,Deutsche Bahn,2023-10-23 15:29:38,2.04
593,588,949.81,user 588,Lidl,2023-10-24 02:14:40,1.94
594,515,344.28,user 515,Amazon,2023-10-24 05:17:24,0.65
595,570,472.67,user 570,Deutsche Bahn,2023-10-24 11:11:36,0.94
596,73,832.9,user 73,Zara,2023-10-24 13:43:48,1.85
597,598,261.5,user 598,Deutsche Bahn,2023-10-25 14:22:01,0.47
598,525,336.6,user 525,Decathlon,2023-10-25 16:19:53,0.74
599,134,268.14,user 134,Amazon,2023-10-25 17:03:48,0.55
600,247,354.92,user 247,Carrefour,2023-10-25 17:15:40,0.81
601,275,1333.09,user 275,Spotify,2023-10-25 17:18:49,2.77
602,37,1155.21,user 37,Amazon,2023-10-26 04:46:07,2.56
603,304,1148.88,user 304,Booking.com,2023-10-26 17:05:51,2.18
604,419,229.91,user 419,Carrefour,2023-10-27 01:05:16,0.39
605,121,617.22,user 121,Amazon,2023-10-27 11:59:08,1.07
606,269,40.22,user 269,Spotify,2023-10-27 20:35:48,0.08
607,65,147.88,user 65,Booking.com,2023-10-28 11:47:05,0.33
608,453,1225.03,user 453,Decathlon,2023-10-28 12:56:32,2.34
609,591,147.73,user 591,Booking.com,2023-10-28 16:53:53,0.28
610,144,1369.41,user 144,Zara,2023-10-28 18:55:33,2.48
611,508,472.45,user 508,Spotify,2023-10-29 04:46:11,0.99
612,246,955.95,user 246,Carrefour,2023-10-29 17:13:17,2.13
613,391,385.62,user 391,Booking.com,2023-10-30 04:28:13,0.85
614,80,956.24,user 80,Zara,2023-10-30 12:11:34,1.91
615,267,11.08,user 267,Decathlon,2023-10-30 14:55:01,0.02
616,519,950.7,user 519,Deutsche Bahn,2023-10-31 12:13:05,2.1
617,96,83.23,user 96,Lidl,2023-10-31 13:40:53,0.16
618,440,970.69,user 440,Zara,2023-10-31 17:14:33,1.74
619,115,1214.72,user 115,Apple,2023-10-31 20:12:43,2.17
620,488,907.4,user 488,Carrefour,2023-10-31 21:00:01,1.68
621,411,572.78,user 411,Lidl,2023-11-01 01:24:19,0.98
622,167,1069.56,user 167,Uber,2023-11-01 04:21:22,2.14
623,581,515.75,user 581,Booking.com,2023-11-01 09:27:44,1.06
624,255,771.98,user 255,Apple,2023-11-01 15:34:47,1.33
625,607,1008.64,user 607,Uber,2023-11-01 17:16:49,1.9
626,578,1139.57,user 578,Deutsche Bahn,2023-11-01 18:50:52,2.07
627,598,678.56,user 598,IKEA,2023-11-01 23:08:07,1.53
628,309,571.74,user 309,Booking.com,2023-11-02 06:07:02,1.28
629,104,1244.89,user 104,Amazon,2023-11-02 07:37:05,2.85
630,582,393.27,user 582,Spotify,2023-11-02 17:07:57,0.73
631,223,517.48,user 223,Spotify,2023-11-03 00:07:47,1.14
632,421,1026.53,user 421,Amazon,2023-11-03 02:08:49,1.87
633,377,507.3,user 377,Decathlon,2023-11-03 03:37:00,1.0
634,139,644.3,user 139,Booking.com,2023-11-03 06:33:52,1.23
635,593,787.61,user 593,Booking.com,2023-11-03 11:44:58,1.68
636,603,805.45,user 603,Shell,2023-11-03 15:09:27,1.7
637,128,785.75,user 128,Booking.com,2023-11-03 15:48:24,1.43
638,353,1301.64,user 353,Booking.com,2023-11-03 17:46:55,2.7
639,433,716.96,user 433,IKEA,2023-11-03 19:02:26,1.58
640,196,1282.95,user 196,Uber,2023-11-03 21:06:05,2.5
641,549,1153.71,user 549,Zara,2023-11-03 22:36:36,2.18
642,621,268.38,user 621,Shell,2023-11-04 06:20:12,0.49
643,32,529.47,user 32,Apple,2023-11-04 09:35:57,0.97
644,133,1206.48,user 133,Spotify,2023-11-04 10:24:18,2.29
645,200,631.69,user 200,Shell,2023-11-04 17:35:01,1.28
646,104,1174.61,user 104,Carrefour,2023-11-04 20:30:28,2.45
647,174,412.46,user 174,IKEA,2023-11-04 21:32:20,0.92
648,236,707.45,user 236,Zara,2023-11-05 05:18:30,1.3
649,23,1034.29,user 23,Deutsche Bahn,2023-11-05 15:44:39,2.05
650,255,1255.59,user 255,Amazon,2023-11-05 17:14:08,2.65
651,127,211.1,user 127,Amazon,2023-11-06 00:37:17,0.46
652,704,1175.76,user 704,Uber,2023-11-06 06:55:40,2.22
653,471,722.34,user 471,Apple,2023-11-06 07:27:39,1.59
654,532,1148.28,user 532,IKEA,2023-11-06 10:48:03,2.15
655,160,494.78,user 160,Zara,2023-11-06 12:46:59,1.02
656,360,156.92,user 360,Amazon,2023-11-06 15:32:29,0.34
657,563,873.0,user 563,Carrefour,2023-11-07 01:58:08,1.51
658,312,542.79,user 312,Spotify,2023-11-07 08:06:31,1.04
659,185,1378.16,user 185,Spotify,2023-11-07 16:59:16,2.76
660,635,103.16,user 635,Uber,2023-11-07 17:08:46,0.19
661,30,210.98,user 30,Carrefour,2023-11-08 11:33:43,0.4
662,267,1336.21,user 267,Uber,2023-11-09 00:02:54,2.64
663,442,1172.35,user 442,Uber,2023-11-09 07:40:48,2.38
664,66,1110.88,user 66,Zara,2023-11-09 08:31:02,2.27
665,18,134.91,user 18,Uber,2023-11-09 15:39:20,0.28
666,293,144.52,user 293,Amazon,2023-11-09 16:46:36,0.25
667,430,798.12,user 430,Amazon,2023-11-09 23:04:51,1.81
668,456,283.37,user 456,Spotify,2023-11-10 05:38:59,0.61
669,407,283.75,user 407,Carrefour,2023-11-10 05:46:34,0.63
670,337,1337.41,user 337,Lidl,2023-11-10 13:55:54,2.48
671,265,659.26,user 265,Zara,2023-11-10 22:17:06,1.38
672,655,790.01,user 655,Lidl,2023-11-11 06:15:32,1.71
673,437,534.88,user 437,Zara,2023-11-11 08:12:38,1.06
674,259,677.31,user 259,Uber,2023-11-11 08:51:40,1.28
675,264,894.71,user 264,Zara,2023-11-11 08:57:05,1.69
676,134,1168.28,user 134,Carrefour,2023-11-11 12:17:25,2.46
677,613,199.6,user 613,Deutsche Bahn,2023-11-12 01:40:12,0.4
678,393,98.84,user 393,Carrefour,2023-11-12 02:50:10,0.18
679,633,192.87,user 633,Shell,2023-11-13 02:50:01,0.39
680,169,347.22,user 169,Carrefour,2023-11-13 04:00:24,0.67
681,501,396.75,user 501,Deutsche Bahn,2023-11-13 09:57:47,0.72
682,345,810.26,user 345,Apple,2023-11-13 12:58:34,1.49
683,536,861.11,user 536,Uber,2023-11-13 16:22:36,1.73
684,501,387.24,user 501,Amazon,2023-11-13 16:31:51,0.71
685,559,283.97,user 559,Carrefour,2023-11-13 17:02:30,0.53
686,512,878.34,user 512,Deutsche Bahn,2023-11-14 03:20:11,1.94
687,370,1035.05,user 370,Deutsche Bahn,2023-11-14 13:13:01,1.84
688,478,318.02,user 478,Carrefour,2023-11-14 13:35:30,0.63
689,90,624.83,user 90,IKEA,2023-11-14 13:43:14,1.16
690,277,707.6,user 277,IKEA,2023-11-14 15:29:24,1.49
691,644,421.91,user 644,Booking.com,2023-11-14 19:21:04,0.75
692,498,187.6,user 498,Deutsche Bahn,2023-11-14 23:14:11,0.39
693,343,538.25,user 343,Shell,2023-11-15 00:53:45,1.15
694,617,59.56,user 617,Booking.com,2023-11-15 08:13:25,0.12
695,633,1280.61,user 633,Zara,2023-11-15 10:19:05,2.31
696,164,737.36,user 164,Amazon,2023-11-15 15:38:31,1.58
697,244,427.09,user 244,Lidl,2023-11-16 01:31:16,0.93
698,564,1117.05,user 564,Carrefour,2023-11-16 04:03:54,2.23
699,484,1361.08,user 484,Amazon,2023-11-16 23:01:34,2.55
700,253,86.69,user 253,Carrefour,2023-11-17 02:27:20,0.2
701,371,285.14,user 371,Deutsche Bahn,2023-11-17 06:33:56,0.61
702,64,1306.21,user 64,Shell,2023-11-17 11:47:43,2.93
703,626,155.67,user 626,Uber,2023-11-17 18:47:49,0.27
704,704,884.12,user 704,Uber,2023-11-17 20:30:28,1.85
705,435,332.45,user 435,Booking.com,2023-11-18 05:18:20,0.57
706,136,600.13,user 136,Shell,2023-11-18 11:36:29,1.16
707,394,528.25,user 394,Uber,2023-11-18 12:02:11,0.94
708,525,1397.19,user 525,Deutsche Bahn,2023-11-18 20:13:42,3.06
709,421,336.45,user 421,Apple,2023-11-19 05:20:33,0.63
710,434,1260.51,user 434,Lidl,2023-11-19 06:07:46,2.87
711,61,538.39,user 61,Deutsche Bahn,2023-11-19 10:55:38,0.95
712,215,652.3,user 215,Uber,2023-11-19 17:10:33,1.22
713,526,1013.25,user 526,Amazon,2023-11-19 18:25:04,2.05
714,411,671.67,user 411,Deutsche Bahn,2023-11-19 19:29:20,1.15
715,440,817.02,user 440,Decathlon,2023-11-20 02:33:09,1.79
716,574,1112.02,user 574,Amazon,2023-11-20 10:33:14,2.14
717,272,580.0,user 272,IKEA,2023-11-20 12:06:42,1.18
718,503,953.37,user 503,Carrefour,2023-11-20 15:27:14,2.16
719,297,616.06,user 297,Amazon,2023-11-20 22:37:45,1.21
720,271,1289.48,user 271,Uber,2023-11-20 23:55:34,2.43
721,633,492.32,user 633,Deutsche Bahn,2023-11-21 00:18:29,1.12
722,11,175.33,user 11,Decathlon,2023-11-21 12:46:06,0.35
723,694,31.37,user 694,Booking.com,2023-11-21 16:11:58,0.07
724,411,543.01,user 411,Carrefour,2023-11-21 21:02:50,0.95
725,727,1337.32,user 727,Lidl,2023-11-21 21:16:03,2.92
726,522,462.16,user 522,Shell,2023-11-22 00:26:52,0.95
727,446,1131.33,user 446,Deutsche Bahn,2023-11-22 13:31:34,2.34
728,584,277.56,user 584,Shell,2023-11-22 15:49:18,0.54
729,94,225.86,user 94,Zara,2023-11-22 16:38:36,0.49
730,31,178.59,user 31,Uber,2023-11-22 23:27:53,0.39
731,112,1207.21,user 112,Uber,2023-11-23 01:31:44,2.53
732,226,917.28,user 226,Apple,2023-11-23 03:13:40,1.85
733,202,958.58,user 202,Booking.com,2023-11-23 04:14:49,2.0
734,133,858.91,user 133,Spotify,2023-11-23 05:41:52,1.48
735,49,367.27,user 49,Spotify,2023-11-23 12:20:41,0.64
736,671,141.62,user 671,IKEA,2023-11-23 15:57:49,0.3
737,98,706.23,user 98,Shell,2023-11-23 16:21:52,1.37
738,363,1123.26,user 363,Zara,2023-11-23 17:15:55,2.16
739,517,1236.43,user 517,Amazon,2023-11-24 06:55:56,2.69
740,8,738.48,user 8,IKEA,2023-11-24 08:56:21,1.48
741,163,985.38,user 163,Amazon,2023-11-24 18:41:47,2.09
742,501,634.7,user 501,Deutsche Bahn,2023-11-24 21:50:38,1.2
743,269,798.27,user 269,Apple,2023-11-25 03:08:50,1.47
744,263,1174.48,user 263,Apple,2023-11-25 12:49:43,2.36
745,210,86.15,user 210,Zara,2023-11-25 16:13:48,0.15
746,580,684.97,user 580,Apple,2023-11-25 20:00:26,1.18
747,226,161.58,user 226,Apple,2023-11-26 00:49:46,0.34
748,461,216.34,user 461,Shell,2023-11-26 02:25:50,0.42
749,467,796.53,user 467,Amazon,2023-11-26 07:42:09,1.81
750,180,1174.1,user 180,Shell,2023-11-26 09:17:33,2.4
751,522,150.46,user 522,Spotify,2023-11-26 10:03:34,0.27
752,723,823.6,user 723,Amazon,2023-11-26 19:04:23,1.78
753,673,757.63,user 673,Carrefour,2023-11-26 20:16:39,1.72
754,577,957.19,user 577,Apple,2023-11-27 03:47:05,2.16
755,33,1253.26,user 33,Spotify,2023-11-27 07:51:00,2.56
756,645,181.31,user 645,Shell,2023-11-27 10:01:20,0.32
757,104,1001.18,user 104,Uber,2023-11-27 10:09:49,1.85
758,525,1135.15,user 525,Apple,2023-11-27 14:21:53,2.17
759,38,1272.25,user 38,Amazon,2023-11-27 16:50:34,2.31
760,376,918.79,user 376,Apple,2023-11-28 02:47:48,2.03
761,340,483.23,user 340,Zara,2023-11-28 02:53:24,0.85
762,202,446.06,user 202,Lidl,2023-11-28 04:00:13,0.92
763,204,589.66,user 204,Apple,2023-11-28 11:44:53,1.23
764,711,709.86,user 711,Spotify,2023-11-28 13:52:59,1.35
765,636,1133.25,user 636,Apple,2023-11-28 16:34:28,2.52
766,592,563.54,user 592,Apple,2023-11-29 00:47:59,1.2
767,263,508.11,user 263,Uber,2023-11-29 05:00:14,1.05
768,187,217.53,user 187,Spotify,2023-11-29 11:01:03,0.4
769,723,1318.4,user 723,Shell,2023-11-30 02:17:44,2.59
770,379,93.24,user 379,Spotify,2023-11-30 02:25:25,0.16
771,190,875.57,user 190,Zara,2023-11-30 09:54:27,1.77
772,588,581.98,user 588,Lidl,2023-11-30 10:22:58,1.25
773,168,1197.87,user 168,Lidl,2023-11-30 12:09:49,2.59
774,268,1285.55,user 268,Spotify,2023-11-30 18:53:56,2.35
775,182,1067.53,user 182,Shell,2023-11-30 19:10:46,2.27
776,405,1167.49,user 405,Carrefour,2023-11-30 21:21:53,2.23
777,211,817.39,user 211,Apple,2023-12-01 05:47:05,1.73
778,440,53.49,user 440,Apple,2023-12-01 06:00:02,0.1
779,519,845.75,user 519,Amazon,2023-12-01 08:03:48,1.74
780,626,175.21,user 626,Amazon,2023-12-01 12:13:03,0.36
781,227,1232.7,user 227,Zara,2023-12-01 22:03:27,2.56
782,688,521.9,user 688,Booking.com,2023-12-02 06:57:23,1.09
783,546,337.0,user 546,Deutsche Bahn,2023-12-02 16:11:32,0.62
784,671,546.14,user 671,Spotify,2023-12-02 20:00:57,0.99
785,259,738.88,user 259,Spotify,2023-12-02 21:05:28,1.46
786,567,1371.12,user 567,Spotify,2023-12-02 23:18:00,2.56
787,159,771.89,user 159,Lidl,2023-12-03 00:24:16,1.38
788,490,1265.56,user 490,Booking.com,2023-12-03 01:14:41,2.84
789,204,779.21,user 204,Lidl,2023-12-03 06:42:22,1.57
790,56,62.7,user 56,Carrefour,2023-12-03 08:31:33,0.12
791,234,946.86,user 234,Deutsche Bahn,2023-12-03 12:04:53,2.08
792,590,601.57,user 590,Zara,2023-12-03 13:19:04,1.37
793,223,455.33,user 223,Uber,2023-12-03 14:43:08,0.97
794,490,525.93,user 490,Zara,2023-12-03 16:59:19,0.96
795,393,393.16,user 393,Decathlon,2023-12-04 09:06:23,0.71
796,720,439.73,user 720,IKEA,2023-12-04 09:11:11,1.0
797,132,73.68,user 132,Uber,2023-12-04 12:22:22,0.17
798,252,723.13,user 252,Decathlon,2023-12-04 12:36:46,1.55
799,628,520.07,user 628,Carrefour,2023-12-04 18:31:45,1.11
800,390,446.04,user 390,Amazon,2023-12-04 18:56:16,0.79
801,199,47.68,user 199,Shell,2023-12-04 20:25:08,0.1
802,161,24.31,user 161,Apple,2023-12-04 21:57:14,0.05
803,496,837.44,user 496,Booking.com,2023-12-05 02:33:45,1.73
804,580,1343.18,user 580,Decathlon,2023-12-05 09:30:24,2.52
805,333,767.65,user 333,Lidl,2023-12-05 20:48:40,1.35
806,520,1371.16,user 520,Shell,2023-12-06 21:07:25,2.45
807,194,703.71,user 194,Carrefour,2023-12-07 15:24:56,1.42
808,579,1226.69,user 579,IKEA,2023-12-07 16:21:40,2.13
809,191,1137.51,user 191,Booking.com,2023-12-07 19:55:03,2.35
810,599,1081.84,user 599,IKEA,2023-12-08 04:04:09,2.13
811,630,1058.32,user 630,Deutsche Bahn,2023-12-08 22:15:12,2.33
812,398,1319.2,user 398,IKEA,2023-12-09 01:15:53,2.24
813,169,1117.72,user 169,Shell,2023-12-09 01:45:18,2.26
814,13,978.46,user 13,Uber,2023-12-09 17:53:56,1.78
815,233,500.95,user 233,Spotify,2023-12-09 19:37:29,1.12
816,803,923.16,user 803,Spotify,2023-12-09 23:27:07,1.71
817,623,1129.53,user 623,Booking.com,2023-12-10 01:06:12,2.07
818,128,851.58,user 128,IKEA,2023-12-10 03:09:59,1.56
819,575,993.19,user 575,Lidl,2023-12-10 05:53:24,2.04
820,677,1216.04,user 677,Carrefour,2023-12-10 11:38:09,2.73
821,221,915.65,user 221,Amazon,2023-12-10 12:42:35,1.73
822,333,1092.26,user 333,Lidl,2023-12-10 19:24:14,2.48
823,695,858.12,user 695,Carrefour,2023-12-10 23:14:22,1.94
824,402,1179.16,user 402,Amazon,2023-12-11 01:17:14,2.3
825,21,1147.59,user 21,Apple,2023-12-11 09:56:54,2.22
826,391,860.38,user 391,Booking.com,2023-12-11 11:36:03,1.75
827,216,74.18,user 216,Shell,2023-12-11 11:52:13,0.17
828,421,226.56,user 421,Deutsche Bahn,2023-12-12 03:03:12,0.45
829,84,1392.9,user 84,Shell,2023-12-12 15:22:47,2.46
830,443,134.44,user 443,Uber,2023-12-13 05:59:23,0.24
831,151,171.07,user 151,Deutsche Bahn,2023-12-13 15:09:24,0.35
832,312,1097.57,user 312,Booking.com,2023-12-14 00:20:02,2.41
833,36,664.91,user 36,Booking.com,2023-12-14 02:14:16,1.48
834,769,349.43,user 769,Deutsche Bahn,2023-12-14 04:24:03,0.62
835,41,1386.49,user 41,Decathlon,2023-12-14 10:08:21,2.57
836,455,142.3,user 455,Booking.com,2023-12-14 10:32:32,0.28
837,522,937.14,user 522,Amazon,2023-12-14 16:15:39,2.14
838,88,578.82,user 88,IKEA,2023-12-14 21:41:04,1.28
839,329,1390.75,user 329,Lidl,2023-12-14 23:00:00,2.92
840,355,970.19,user 355,Deutsche Bahn,2023-12-15 03:50:34,1.8
841,701,209.31,user 701,Deutsche Bahn,2023-12-15 05:56:04,0.47
842,547,495.73,user 547,Shell,2023-12-15 09:07:58,0.86
843,1,396.04,user 1,Spotify,2023-12-15 13:04:30,0.75
844,576,1138.48,user 576,Zara,2023-12-15 17:13:21,2.4
845,189,294.69,user 189,Spotify,2023-12-15 23:46:14,0.63
846,187,368.08,user 187,Apple,2023-12-16 07:18:15,0.81
847,428,1355.33,user 428,Zara,2023-12-16 08:21:25,2.94
848,608,1247.95,user 608,Shell,2023-12-16 09:08:41,2.36
849,697,1096.85,user 697,Spotify,2023-12-16 11:18:01,2.0
850,521,570.26,user 521,Uber,2023-12-16 16:44:47,0.99
851,249,483.09,user 249,Deutsche Bahn,2023-12-16 17:20:54,0.97
852,587,135.5,user 587,Amazon,2023-12-16 20:26:13,0.26
853,539,951.21,user 539,Booking.com,2023-12-16 21:52:18,1.97
854,246,940.01,user 246,Lidl,2023-12-17 10:59:31,1.69
855,725,1239.83,user 725,Lidl,2023-12-17 13:02:51,2.54
856,427,1308.87,user 427,Zara,2023-12-17 13:46:41,2.81
857,794,171.04,user 794,Lidl,2023-12-17 14:28:15,0.38
858,514,1220.62,user 514,Booking.com,2023-12-18 02:55:15,2.77
859,115,1368.6,user 115,Carrefour,2023-12-18 15:00:07,3.1
860,673,848.61,user 673,Amazon,2023-12-18 17:53:28,1.93
861,311,1009.06,user 311,Uber,2023-12-18 18:09:44,1.76
862,669,867.87,user 669,Lidl,2023-12-18 20:20:11,1.75
863,594,482.3,user 594,Spotify,2023-12-18 23:01:26,1.02
864,81,85.13,user 81,Carrefour,2023-12-19 00:11:51,0.16
865,240,636.13,user 240,Zara,2023-12-19 03:42:15,1.19
866,725,215.62,user 725,Deutsche Bahn,2023-12-19 11:14:19,0.49
867,196,1159.1,user 196,IKEA,2023-12-19 11:36:15,2.17
868,807,307.94,user 807,Booking.com,2023-12-19 15:09:08,0.55
869,342,1110.11,user 342,Zara,2023-12-20 08:15:03,1.9
870,17,1285.77,user 17,Carrefour,2023-12-20 12:59:28,2.68
871,48,1271.98,user 48,Spotify,2023-12-20 14:37:31,2.61
872,496,328.12,user 496,Uber,2023-12-20 14:53:10,0.71
873,628,40.64,user 628,Lidl,2023-12-20 15:02:42,0.09
874,232,958.01,user 232,Carrefour,2023-12-20 19:12:31,1.74
875,238,1294.43,user 238,Decathlon,2023-12-21 04:59:27,2.34
876,220,328.83,user 220,Deutsche Bahn,2023-12-21 10:34:30,0.61
877,263,982.64,user 263,Amazon,2023-12-21 11:04:39,1.88
878,434,1233.8,user 434,Booking.com,2023-12-21 13:50:17,2.46
879,616,928.52,user 616,Amazon,2023-12-21 20:58:55,1.62
880,585,1135.49,user 585,Amazon,2023-12-21 20:59:40,2.1
881,285,121.87,user 285,Lidl,2023-12-22 03:08:21,0.23
882,584,756.26,user 584,Carrefour,2023-12-22 07:40:06,1.31
883,236,1032.55,user 236,Uber,2023-12-22 07:48:52,1.85
884,313,610.13,user 313,Lidl,2023-12-22 09:34:50,1.22
885,52,709.27,user 52,Shell,2023-12-22 17:28:02,1.56
886,278,430.76,user 278,IKEA,2023-12-22 19:50:44,0.93
887,381,182.68,user 381,Booking.com,2023-12-22 21:42:39,0.41
888,187,326.62,user 187,Zara,2023-12-23 07:02:27,0.61
889,196,175.19,user 196,Spotify,2023-12-24 04:31:55,0.35
890,276,459.86,user 276,Spotify,2023-12-24 04:50:12,0.94
891,120,314.69,user 120,Amazon,2023-12-24 06:11:17,0.57
892,433,74.42,user 433,Decathlon,2023-12-24 11:03:54,0.16
893,624,832.4,user 624,IKEA,2023-12-24 12:44:26,1.79
894,397,1029.58,user 397,Shell,2023-12-24 13:55:13,1.9
895,247,1264.59,user 247,Decathlon,2023-12-24 18:22:48,2.18
896,292,1217.41,user 292,Lidl,2023-12-24 20:45:38,2.31
897,424,277.6,user 424,Lidl,2023-12-25 03:38:42,0.62
898,184,83.76,user 184,Spotify,2023-12-25 09:32:59,0.18
899,69,561.83,user 69,Carrefour,2023-12-25 11:25:07,1.12
900,362,151.02,user 362,Uber,2023-12-25 19:25:56,0.29
901,81,420.73,user 81,Apple,2023-12-25 20:52:47,0.86
902,345,142.39,user 345,Lidl,2023-12-26 03:47:47,0.29
903,3,939.14,user 3,Booking.com,2023-12-26 06:06:54,1.94
904,237,1272.95,user 237,Booking.com,2023-12-26 09:55:33,2.41
905,676,969.35,user 676,Carrefour,2023-12-26 11:21:05,1.74
906,633,700.31,user 633,Amazon,2023-12-26 11:59:00,1.4
907,195,142.07,user 195,Zara,2023-12-26 14:27:10,0.32
908,319,1145.86,user 319,Decathlon,2023-12-26 16:54:01,2.22
909,68,199.21,user 68,Uber,2023-12-27 11:39:22,0.37
910,797,1067.8,user 797,Amazon,2023-12-27 12:35:13,2.46
911,266,761.69,user 266,Carrefour,2023-12-27 13:54:54,1.68
912,562,1118.8,user 562,Decathlon,2023-12-27 16:16:36,2.55
913,34,685.24,user 34,Amazon,2023-12-27 20:47:29,1.37
914,595,297.94,user 595,Spotify,2023-12-27 23:25:06,0.67
915,778,319.95,user 778,Zara,2023-12-28 03:21:18,0.66
916,208,787.16,user 208,Carrefour,2023-12-28 03:28:49,1.77
917,27,211.22,user 27,Uber,2023-12-28 04:33:55,0.45
918,805,454.71,user 805,Spotify,2023-12-28 06:45:34,0.87
919,572,724.36,user 572,Decathlon,2023-12-28 07:00:04,1.66
920,802,142.61,user 802,IKEA,2023-12-28 08:04:25,0.3
921,275,1273.56,user 275,Shell,2023-12-28 11:56:05,2.69
922,466,897.53,user 466,Zara,2023-12-28 18:10:44,1.61
923,276,386.06,user 276,Booking.com,2023-12-28 19:17:28,0.77
924,645,700.15,user 645,Amazon,2023-12-28 23:41:56,1.27
925,297,308.21,user 297,Shell,2023-12-29 13:34:26,0.68
926,14,161.96,user 14,Amazon,2023-12-29 14:01:04,0.3
927,506,1364.14,user 506,Shell,2023-12-30 06:42:53,2.99
928,568,669.2,user 568,Uber,2023-12-30 15:21:29,1.45
929,495,111.33,user 495,Decathlon,2023-12-31 10:04:46,0.21
930,332,449.29,user 332,IKEA,2023-12-31 12:21:38,0.88
931,341,1227.5,user 341,Decathlon,2024-01-01 05:56:49,2.72
932,622,1369.96,user 622,Apple,2024-01-01 08:54:32,2.46
933,507,246.02,user 507,IKEA,2024-01-02 14:50:23,0.45
934,806,80.44,user 806,Spotify,2024-01-02 21:57:35,0.14
935,41,356.23,user 41,IKEA,2024-01-03 00:43:51,0.71
936,675,297.86,user 675,Spotify,2024-01-03 05:41:55,0.63
937,170,141.01,user 170,Shell,2024-01-03 08:23:13,0.26
938,490,741.04,user 490,Uber,2024-01-03 09:07:16,1.6
939,136,255.91,user 136,Spotify,2024-01-03 17:51:10,0.47
940,265,265.23,user 265,Spotify,2024-01-04 00:58:41,0.59
941,576,870.93,user 576,Amazon,2024-01-04 05:02:30,1.84
942,611,1352.86,user 611,Lidl,2024-01-04 06:51:38,3.1
943,225,755.89,user 225,Lidl,2024-01-04 08:32:09,1.51
944,43,863.12,user 43,Shell,2024-01-04 08:58:40,1.9
945,507,973.24,user 507,Apple,2024-01-04 11:00:31,1.66
946,363,210.3,user 363,Shell,2024-01-04 12:25:04,0.41
947,264,11.6,user 264,Apple,2024-01-04 14:39:38,0.02
948,728,1152.78,user 728,Uber,2024-01-04 18:18:41,2.32
949,815,323.47,user 815,Apple,2024-01-05 03:43:09,0.61
950,629,1325.92,user 629,Lidl,2024-01-05 06:12:52,2.28
951,308,930.66,user 308,Booking.com,2024-01-05 12:42:47,1.78
952,641,931.15,user 641,Spotify,2024-01-05 13:45:39,1.81
953,25,1075.92,user 25,Spotify,2024-01-05 15:51:20,1.98
954,585,742.16,user 585,Booking.com,2024-01-06 07:44:00,1.68
955,331,449.25,user 331,Spotify,2024-01-06 12:31:43,0.93
956,185,844.96,user 185,Amazon,2024-01-06 16:27:03,1.52
957,799,292.38,user 799,Amazon,2024-01-06 16:42:53,0.53
958,281,83.12,user 281,Zara,2024-01-06 17:37:43,0.18
959,675,564.06,user 675,Carrefour,2024-01-07 00:25:35,1.13
960,650,1171.82,user 650,Booking.com,2024-01-07 01:20:41,2.16
961,561,669.24,user 561,Zara,2024-01-07 15:51:22,1.42
962,672,170.54,user 672,Spotify,2024-01-08 00:25:54,0.37
963,603,867.74,user 603,Shell,2024-01-08 02:14:55,1.55
964,541,1052.15,user 541,Decathlon,2024-01-08 05:54:56,1.84
965,283,507.9,user 283,Carrefour,2024-01-08 12:31:49,1.13
966,893,1167.31,user 893,Deutsche Bahn,2024-01-08 15:55:05,2.57
967,247,1309.84,user 247,Zara,2024-01-08 22:39:09,2.25
968,633,1375.69,user 633,Lidl,2024-01-09 02:13:51,3.13
969,242,926.65,user 242,Zara,2024-01-09 02:46:19,1.82
970,409,1027.1,user 409,Zara,2024-01-09 15:20:42,2.07
971,85,480.72,user 85,Booking.com,2024-01-09 22:49:05,0.83
972,228,187.22,user 228,Shell,2024-01-10 00:10:43,0.38
973,855,1385.21,user 855,Shell,2024-01-10 01:56:44,2.59
974,755,1282.4,user 755,Amazon,2024-01-10 02:48:13,2.9
975,714,152.72,user 714,Booking.com,2024-01-10 03:27:39,0.33
976,79,558.52,user 79,Uber,2024-01-10 08:16:24,1.16
977,584,819.67,user 584,Deutsche Bahn,2024-01-10 10:24:47,1.44
978,341,356.23,user 341,Spotify,2024-01-10 11:32:59,0.63
979,414,965.1,user 414,Deutsche Bahn,2024-01-10 13:23:34,1.66
980,588,1363.98,user 588,Decathlon,2024-01-10 14:35:25,2.97
981,430,1260.39,user 430,Spotify,2024-01-10 22:24:53,2.39
982,409,974.69,user 409,Shell,2024-01-10 22:29:35,2.23
983,153,493.93,user 153,Apple,2024-01-10 22:49:04,0.95
984,418,309.84,user 418,IKEA,2024-01-11 00:23:46,0.63
985,540,983.73,user 540,Deutsche Bahn,2024-01-11 01:06:48,2.26
986,155,420.76,user 155,Zara,2024-01-11 12:55:27,0.84
987,172,67.9,user 172,Zara,2024-01-11 13:15:34,0.14
988,333,860.25,user 333,Shell,2024-01-11 21:20:30,1.96
989,212,570.67,user 212,Zara,2024-01-12 06:37:37,1.25
990,361,1049.38,user 361,Zara,2024-01-12 08:09:08,2.29
991,660,162.29,user 660,Shell,2024-01-12 17:00:46,0.28
992,113,700.38,user 113,Lidl,2024-01-12 17:46:40,1.61
993,34,991.16,user 34,Decathlon,2024-01-12 18:03:57,1.75
994,667,1080.35,user 667,Shell,2024-01-12 23:43:11,2.45
995,440,1397.71,user 440,Decathlon,2024-01-13 02:49:10,2.56
996,623,1173.58,user 623,Spotify,2024-01-13 06:39:03,2.23
997,103,714.41,user 103,Deutsche Bahn,2024-01-13 08:59:44,1.57
998,414,926.57,user 414,IKEA,2024-01-13 10:39:03,1.82
999,706,352.53,user 706,Deutsche Bahn,2024-01-13 12:11:53,0.81
1000,449,1167.74,user 449,Apple,2024-01-13 13:15:03,2.64
1001,541,671.23,user 541,Carrefour,2024-01-13 14:15:08,1.51
1002,285,517.21,user 285,Booking.com,2024-01-13 22:20:14,1.16
1003,248,173.71,user 248,IKEA,2024-01-13 22:56:52,0.36
1004,189,1103.34,user 189,Shell,2024-01-14 02:18:55,2.09
1005,792,1213.58,user 792,IKEA,2024-01-14 04:02:33,2.17
1006,54,71.16,user 54,Shell,2024-01-14 11:24:40,0.13
1007,825,171.44,user 825,Carrefour,2024-01-14 14:29:37,0.38
1008,449,1077.57,user 449,Spotify,2024-01-14 15:27:32,1.88
1009,615,798.37,user 615,Spotify,2024-01-14 16:24:35,1.38
1010,658,248.89,user 658,Carrefour,2024-01-14 21:03:31,0.48
1011,167,636.2,user 167,Spotify,2024-01-14 23:41:07,1.27
1012,748,1190.6,user 748,Shell,2024-01-15 06:02:22,2.6
1013,32,235.43,user 32,Carrefour,2024-01-15 06:31:29,0.53
1014,666,208.79,user 666,Carrefour,2024-01-15 13:07:57,0.42
1015,561,385.34,user 561,Zara,2024-01-15 15:14:15,0.7
1016,13,796.33,user 13,Deutsche Bahn,2024-01-15 16:36:57,1.42
1017,64,253.46,user 64,Deutsche Bahn,2024-01-15 22:55:28,0.45
1018,473,1136.97,user 473,Lidl,2024-01-15 23:28:48,2.0
1019,525,1085.96,user 525,Carrefour,2024-01-16 04:38:02,2.37
1020,420,950.27,user 420,Deutsche Bahn,2024-01-16 05:11:11,1.84
1021,768,690.93,user 768,Amazon,2024-01-16 13:32:40,1.34
1022,612,1253.77,user 612,Spotify,2024-01-16 20:00:23,2.5
1023,684,674.67,user 684,Shell,2024-01-16 23:47:22,1.36
1024,669,1037.87,user 669,Deutsche Bahn,2024-01-17 00:17:35,2.18
1025,236,956.62,user 236,Spotify,2024-01-17 01:12:57,2.16
1026,172,100.89,user 172,IKEA,2024-01-17 04:11:20,0.19
1027,33,365.21,user 33,IKEA,2024-01-17 06:26:44,0.69
1028,366,265.28,user 366,Deutsche Bahn,2024-01-17 07:58:16,0.51
1029,36,735.83,user 36,Zara,2024-01-17 11:45:44,1.48
1030,328,779.81,user 328,IKEA,2024-01-17 13:05:35,1.76
1031,794,617.95,user 794,Booking.com,2024-01-17 14:53:35,1.18
1032,157,980.05,user 157,Amazon,2024-01-17 16:11:11,1.69
1033,477,394.38,user 477,Deutsche Bahn,2024-01-17 20:19:55,0.87
1034,762,329.05,user 762,Shell,2024-01-18 00:38:39,0.73
1035,311,247.46,user 311,Apple,2024-01-18 00:52:26,0.42
1036,406,479.99,user 406,IKEA,2024-01-18 05:24:01,1.03
1037,367,940.49,user 367,Spotify,2024-01-18 07:05:21,1.62
1038,239,957.28,user 239,Booking.com,2024-01-18 08:41:11,1.69
1039,262,1104.62,user 262,Spotify,2024-01-18 09:44:49,1.93
1040,37,671.08,user 37,Uber,2024-01-18 11:14:53,1.19
1041,230,277.23,user 230,Carrefour,2024-01-18 19:26:09,0.52
1042,105,1118.0,user 105,Zara,2024-01-18 22:01:56,2.55
1043,662,700.05,user 662,Spotify,2024-01-19 06:31:17,1.46
1044,169,11.67,user 169,Booking.com,2024-01-19 13:42:37,0.02
1045,91,277.99,user 91,Spotify,2024-01-19 13:43:24,0.6
1046,415,652.09,user 415,Lidl,2024-01-19 16:48:37,1.38
1047,856,1017.78,user 856,Apple,2024-01-19 20:42:00,1.92
1048,149,1383.39,user 149,Shell,2024-01-20 03:58:33,3.02
1049,834,626.49,user 834,Lidl,2024-01-20 08:12:57,1.4
1050,154,172.31,user 154,Apple,2024-01-20 08:14:32,0.31
1051,875,1372.29,user 875,Booking.com,2024-01-20 13:26:33,2.41
1052,555,877.32,user 555,Uber,2024-01-20 16:31:23,1.67
1053,563,294.91,user 563,Shell,2024-01-20 19:09:54,0.59
1054,843,1173.24,user 843,Deutsche Bahn,2024-01-21 01:53:32,2.36
1055,597,1142.91,user 597,Shell,2024-01-21 05:28:27,2.11
1056,630,992.97,user 630,Amazon,2024-01-21 08:49:48,2.07
1057,355,789.92,user 355,Apple,2024-01-21 18:36:02,1.48
1058,446,215.14,user 446,Amazon,2024-01-21 22:13:00,0.43
1059,875,1379.5,user 875,Apple,2024-01-22 05:58:02,2.43
1060,309,273.71,user 309,Amazon,2024-01-22 06:31:06,0.54
1061,545,1210.48,user 545,Uber,2024-01-22 09:52:26,2.62
1062,5,434.19,user 5,Spotify,2024-01-22 15:38:14,0.97
1063,890,110.36,user 890,IKEA,2024-01-22 16:22:42,0.24
1064,832,541.15,user 832,Uber,2024-01-22 19:24:36,0.99
1065,179,362.4,user 179,Shell,2024-01-23 00:06:19,0.74
1066,213,585.79,user 213,Carrefour,2024-01-23 07:07:53,1.35
1067,729,826.27,user 729,Shell,2024-01-23 11:57:27,1.73
1068,241,229.17,user 241,Apple,2024-01-23 12:58:42,0.42
1069,130,261.12,user 130,Lidl,2024-01-23 18:12:05,0.51
1070,43,502.49,user 43,IKEA,2024-01-23 18:31:30,1.14
1071,486,303.62,user 486,Deutsche Bahn,2024-01-23 19:49:36,0.52
1072,696,1115.87,user 696,Decathlon,2024-01-23 21:15:52,2.14
1073,832,1375.37,user 832,Lidl,2024-01-23 21:36:51,3.04
1074,6,752.91,user 6,Zara,2024-01-24 03:24:44,1.43
1075,315,390.82,user 315,IKEA,2024-01-24 10:48:13,0.87
1076,101,1353.4,user 101,Booking.com,2024-01-24 13:24:45,2.35
1077,227,506.79,user 227,Uber,2024-01-24 14:30:19,1.01
1078,610,757.67,user 610,Carrefour,2024-01-24 21:47:53,1.64
1079,460,444.11,user 460,Amazon,2024-01-25 08:48:18,0.84
1080,439,1275.55,user 439,Zara,2024-01-25 12:09:11,2.57
1081,794,447.18,user 794,IKEA,2024-01-25 14:33:18,0.77
1082,200,979.51,user 200,Spotify,2024-01-25 17:54:35,2.24
1083,268,133.01,user 268,Lidl,2024-01-25 23:12:23,0.27
1084,286,1242.45,user 286,Spotify,2024-01-25 23:21:44,2.38
1085,774,668.43,user 774,Lidl,2024-01-26 01:14:10,1.14
1086,819,359.49,user 819,Lidl,2024-01-26 05:23:47,0.76
1087,690,561.58,user 690,Shell,2024-01-26 12:12:40,1.24
1088,499,531.02,user 499,Booking.com,2024-01-26 12:58:39,0.94
1089,68,45.02,user 68,Uber,2024-01-26 13:31:09,0.09
1090,385,400.08,user 385,IKEA,2024-01-26 14:40:06,0.85
1091,786,853.75,user 786,Booking.com,2024-01-26 21:27:19,1.74
1092,333,177.85,user 333,IKEA,2024-01-26 23:27:56,0.34
1093,833,1139.37,user 833,Lidl,2024-01-26 23:51:25,2.34
1094,383,1209.85,user 383,Booking.com,2024-01-27 03:16:23,2.52
1095,155,180.18,user 155,Uber,2024-01-27 03:44:25,0.39
1096,42,163.98,user 42,IKEA,2024-01-27 12:36:07,0.3
1097,86,168.42,user 86,IKEA,2024-01-27 14:45:18,0.29
1098,304,306.21,user 304,Apple,2024-01-27 17:54:59,0.63
1099,76,247.11,user 76,Apple,2024-01-27 21:56:43,0.56
1100,115,978.79,user 115,Zara,2024-01-27 21:58:54,2.19
1101,438,1273.09,user 438,Booking.com,2024-01-27 23:24:51,2.92
1102,688,233.16,user 688,Uber,2024-01-28 01:40:41,0.47
1103,768,913.75,user 768,Shell,2024-01-28 07:53:15,2.04
1104,873,425.38,user 873,Shell,2024-01-28 09:30:59,0.75
1105,473,659.92,user 473,Spotify,2024-01-28 11:32:36,1.52
1106,592,942.79,user 592,IKEA,2024-01-28 14:19:25,1.76
1107,773,1136.67,user 773,Carrefour,2024-01-28 21:57:33,2.08
1108,553,1125.77,user 553,Spotify,2024-01-29 04:01:28,2.25
1109,571,1267.23,user 571,Decathlon,2024-01-29 05:04:20,2.46
1110,425,1141.63,user 425,Booking.com,2024-01-29 15:30:02,1.94
1111,663,489.09,user 663,Zara,2024-01-29 21:16:28,0.86
1112,814,1222.97,user 814,Amazon,2024-01-29 21:59:05,2.6
1113,254,436.1,user 254,Spotify,2024-01-29 22:09:05,0.85
1114,35,1182.13,user 35,Spotify,2024-01-30 02:57:49,2.29
1115,719,1153.34,user 719,Apple,2024-01-30 09:43:20,2.59
1116,520,955.35,user 520,Decathlon,2024-01-30 11:39:35,1.78
1117,764,60.6,user 764,Decathlon,2024-01-30 12:16:15,0.13
1118,733,483.4,user 733,Spotify,2024-01-30 14:03:09,0.98
1119,249,70.38,user 249,Spotify,2024-01-30 14:34:51,0.14
1120,592,898.84,user 592,Amazon,2024-01-30 14:35:23,1.79
1121,60,248.49,user 60,IKEA,2024-01-30 17:06:05,0.51
1122,322,1242.93,user 322,Lidl,2024-01-31 04:03:01,2.16
1123,512,55.9,user 512,Uber,2024-01-31 12:30:14,0.11
1124,67,777.34,user 67,Deutsche Bahn,2024-01-31 15:32:50,1.36
1125,273,460.58,user 273,Decathlon,2024-01-31 18:08:06,0.98
1126,427,595.6,user 427,Lidl,2024-01-31 18:45:41,1.08
1127,786,1048.24,user 786,Zara,2024-01-31 23:40:22,2.25
1128,401,1217.0,user 401,Apple,2024-02-01 02:47:14,2.48
1129,220,65.49,user 220,Carrefour,2024-02-01 06:38:39,0.13
1130,240,326.23,user 240,Lidl,2024-02-01 09:14:59,0.57
1131,84,997.4,user 84,Lidl,2024-02-01 11:23:01,2.24
1132,816,1319.29,user 816,Shell,2024-02-01 11:49:28,2.33
1133,173,1055.86,user 173,Apple,2024-02-01 12:31:43,1.91
1134,73,925.01,user 73,Decathlon,2024-02-01 12:54:53,1.87
1135,409,178.94,user 409,Lidl,2024-02-01 16:05:52,0.32
1136,361,31.81,user 361,Carrefour,2024-02-01 19:37:35,0.06
1137,777,870.64,user 777,Deutsche Bahn,2024-02-01 20:11:04,1.71
1138,596,934.7,user 596,Decathlon,2024-02-02 02:08:11,1.92
1139,617,1323.3,user 617,Deutsche Bahn,2024-02-02 04:05:48,2.41
1140,820,1300.84,user 820,Spotify,2024-02-02 05:41:41,2.54
1141,148,883.72,user 148,Amazon,2024-02-02 08:20:30,1.78
1142,158,539.56,user 158,Shell,2024-02-02 08:38:05,0.96
1143,776,660.15,user 776,Decathlon,2024-02-02 21:36:09,1.44
1144,852,1280.77,user 852,Spotify,2024-02-02 21:47:49,2.27
1145,115,636.43,user 115,Carrefour,2024-02-03 03:23:18,1.46
1146,700,359.25,user 700,Zara,2024-02-03 07:07:07,0.8
1147,751,1232.26,user 751,Lidl,2024-02-03 13:15:54,2.56
1148,200,765.33,user 200,Shell,2024-02-03 13:31:30,1.75
1149,911,421.9,user 911,Amazon,2024-02-03 16:43:19,0.86
1150,539,22.06,user 539,Deutsche Bahn,2024-02-03 18:58:43,0.05
1151,487,1168.87,user 487,Decathlon,2024-02-03 20:31:20,2.55
1152,315,1031.96,user 315,IKEA,2024-02-03 22:04:48,1.82
1153,659,717.39,user 659,Booking.com,2024-02-03 22:33:49,1.43
1154,80,60.8,user 80,Booking.com,2024-02-04 03:00:03,0.14
1155,857,527.74,user 857,Booking.com,2024-02-04 03:57:01,0.95
1156,26,361.69,user 26,Lidl,2024-02-04 05:48:25,0.83
1157,295,1205.9,user 295,Booking.com,2024-02-04 05:48:41,2.14
1158,325,945.82,user 325,Deutsche Bahn,2024-02-04 07:11:44,2.13
1159,357,861.74,user 357,Zara,2024-02-04 12:56:10,1.51
1160,515,1313.7,user 515,Apple,2024-02-04 15:25:48,2.25
1161,333,780.27,user 333,Spotify,2024-02-04 19:46:02,1.39
1162,635,450.31,user 635,Deutsche Bahn,2024-02-04 21:49:42,0.9
1163,425,593.51,user 425,Carrefour,2024-02-04 22:58:57,1.16
1164,565,157.45,user 565,Decathlon,2024-02-05 06:40:54,0.35
1165,30,323.19,user 30,Apple,2024-02-05 12:25:11,0.68
1166,617,819.26,user 617,Amazon,2024-02-05 14:36:13,1.52
1167,678,838.19,user 678,Booking.com,2024-02-05 14:37:28,1.79
1168,663,315.18,user 663,Carrefour,2024-02-05 15:11:58,0.7
1169,782,943.07,user 782,Lidl,2024-02-06 02:59:25,1.69
1170,230,787.48,user 230,Uber,2024-02-06 04:56:16,1.64
1171,671,1128.91,user 671,Booking.com,2024-02-06 13:32:47,2.56
1172,245,521.45,user 245,Zara,2024-02-06 17:14:31,1.13
1173,636,1218.92,user 636,Deutsche Bahn,2024-02-06 18:34:38,2.26
1174,243,72.02,user 243,Shell,2024-02-07 04:50:49,0.15
1175,30,838.25,user 30,Amazon,2024-02-07 11:06:16,1.73
1176,435,239.4,user 435,Uber,2024-02-07 19:00:04,0.52
1177,592,993.08,user 592,Amazon,2024-02-07 23:21:12,1.7
1178,837,286.3,user 837,Decathlon,2024-02-08 02:17:27,0.59
1179,625,1384.01,user 625,Spotify,2024-02-08 03:45:14,2.66
1180,279,63.44,user 279,Decathlon,2024-02-08 05:26:07,0.13
1181,878,815.76,user 878,Uber,2024-02-08 10:25:20,1.86
1182,435,1070.72,user 435,Booking.com,2024-02-08 10:43:23,1.97
1183,809,867.83,user 809,Zara,2024-02-08 13:56:45,1.54
1184,675,504.71,user 675,IKEA,2024-02-08 15:30:03,1.02
1185,601,232.53,user 601,Lidl,2024-02-08 19:20:29,0.49
1186,414,257.24,user 414,Deutsche Bahn,2024-02-08 22:24:10,0.55
1187,456,1164.3,user 456,Decathlon,2024-02-09 02:06:12,2.43
1188,570,393.25,user 570,Zara,2024-02-09 02:17:53,0.69
1189,632,980.93,user 632,Booking.com,2024-02-09 03:08:32,2.06
1190,166,1348.92,user 166,Lidl,2024-02-09 04:50:44,3.1
1191,203,759.25,user 203,Shell,2024-02-09 07:31:24,1.3
1192,481,1393.19,user 481,Uber,2024-02-09 15:31:29,2.98
1193,118,436.6,user 118,Amazon,2024-02-09 16:58:54,0.8
1194,854,559.34,user 854,Deutsche Bahn,2024-02-09 18:01:01,1.2
1195,459,1248.54,user 459,Apple,2024-02-09 19:01:38,2.83
1196,31,21.7,user 31,Booking.com,2024-02-09 19:34:44,0.04
1197,495,815.64,user 495,Decathlon,2024-02-10 05:52:41,1.6
1198,586,314.78,user 586,Shell,2024-02-10 12:58:47,0.56
1199,236,362.98,user 236,Shell,2024-02-10 14:45:19,0.82
1200,434,921.24,user 434,Amazon,2024-02-10 15:33:59,1.64
1201,771,1358.2,user 771,Amazon,2024-02-10 17:50:20,3.1
1202,443,1109.79,user 443,Zara,2024-02-10 18:57:40,2.54
1203,806,397.2,user 806,Booking.com,2024-02-10 22:24:24,0.8
1204,277,160.24,user 277,Apple,2024-02-11 01:16:00,0.35
1205,382,1374.27,user 382,Shell,2024-02-11 07:46:45,2.9
1206,930,1223.99,user 930,IKEA,2024-02-12 00:09:20,2.76
1207,873,818.32,user 873,Booking.com,2024-02-12 04:29:57,1.74
1208,39,504.97,user 39,Deutsche Bahn,2024-02-12 05:15:44,1.1
1209,424,998.58,user 424,Spotify,2024-02-12 09:28:30,2.06
1210,881,779.99,user 881,Carrefour,2024-02-12 14:18:06,1.5
1211,257,273.29,user 257,IKEA,2024-02-12 15:33:13,0.5
1212,13,1388.55,user 13,Booking.com,2024-02-12 17:21:59,2.59
1213,423,219.27,user 423,Booking.com,2024-02-12 17:38:34,0.5
1214,615,590.39,user 615,Spotify,2024-02-12 21:21:59,1.07
1215,749,242.7,user 749,Shell,2024-02-12 22:03:37,0.43
1216,219,435.4,user 219,Booking.com,2024-02-12 23:38:25,0.82
1217,244,399.86,user 244,Spotify,2024-02-13 01:20:15,0.8
1218,301,132.97,user 301,IKEA,2024-02-13 02:21:51,0.28
1219,579,856.97,user 579,Uber,2024-02-13 03:45:50,1.96
1220,894,977.51,user 894,Decathlon,2024-02-13 06:28:10,1.95
1221,455,253.32,user 455,Booking.com,2024-02-13 07:57:46,0.54
1222,289,378.72,user 289,Lidl,2024-02-13 15:06:05,0.86
1223,735,937.99,user 735,Carrefour,2024-02-13 15:44:21,1.9
1224,377,1361.43,user 377,Uber,2024-02-13 17:52:12,2.85
1225,88,1337.13,user 88,Decathlon,2024-02-13 18:15:52,2.8
1226,249,356.64,user 249,Shell,2024-02-13 18:45:18,0.62
1227,883,876.69,user 883,IKEA,2024-02-13 21:30:20,1.53
1228,487,1121.99,user 487,Amazon,2024-02-13 23:35:44,2.19
1229,466,1089.35,user 466,Spotify,2024-02-13 23:54:49,2.17
1230,655,1098.33,user 655,Shell,2024-02-14 03:13:13,2.29
1231,812,291.3,user 812,Zara,2024-02-14 04:11:41,0.58
1232,372,113.35,user 372,Carrefour,2024-02-14 05:21:47,0.19
1233,365,813.72,user 365,Decathlon,2024-02-14 05:33:42,1.68
1234,135,744.39,user 135,Shell,2024-02-14 21:51:44,1.6
1235,753,1283.53,user 753,Uber,2024-02-14 23:16:46,2.34
1236,201,401.57,user 201,Shell,2024-02-15 06:21:59,0.75
1237,600,1249.98,user 600,IKEA,2024-02-15 06:42:26,2.33
1238,155,64.74,user 155,Lidl,2024-02-15 13:26:22,0.12
1239,638,1125.26,user 638,Decathlon,2024-02-15 15:52:49,2.08
1240,554,375.01,user 554,Apple,2024-02-15 16:32:14,0.76
1241,842,829.49,user 842,Decathlon,2024-02-15 17:35:54,1.51
1242,364,481.73,user 364,Shell,2024-02-15 22:32:49,1.05
1243,27,1083.79,user 27,Apple,2024-02-16 16:44:32,2.21
1244,284,1294.7,user 284,Carrefour,2024-02-17 00:15:10,2.39
1245,32,448.18,user 32,Apple,2024-02-17 09:43:03,0.96
1246,740,1007.54,user 740,Zara,2024-02-17 12:28:40,2.2
1247,871,1244.25,user 871,Carrefour,2024-02-17 13:28:11,2.58
1248,220,610.52,user 220,Zara,2024-02-17 14:23:35,1.33
1249,121,1292.57,user 121,Spotify,2024-02-17 18:43:02,2.21
1250,703,812.28,user 703,Shell,2024-02-17 22:55:25,1.72
1251,108,638.39,user 108,Amazon,2024-02-17 23:55:08,1.31
1252,367,806.09,user 367,Apple,2024-02-18 00:22:26,1.54
1253,462,909.16,user 462,Amazon,2024-02-18 04:00:53,1.83
1254,843,266.33,user 843,Decathlon,2024-02-18 06:24:09,0.46
1255,85,624.26,user 85,Booking.com,2024-02-18 13:25:45,1.3
1256,729,102.7,user 729,Uber,2024-02-18 13:49:16,0.21
1257,161,916.53,user 161,Carrefour,2024-02-18 19:26:36,1.58
1258,540,174.75,user 540,Deutsche Bahn,2024-02-18 23:09:35,0.33
1259,480,691.01,user 480,Amazon,2024-02-19 00:22:56,1.47
1260,117,44.27,user 117,Booking.com,2024-02-19 03:30:09,0.08
1261,64,647.64,user 64,Apple,2024-02-19 07:35:12,1.25
1262,198,616.23,user 198,Uber,2024-02-19 10:50:54,1.36
1263,562,369.05,user 562,Apple,2024-02-19 11:00:15,0.64
1264,528,1143.26,user 528,Uber,2024-02-19 11:45:34,1.96
1265,174,835.56,user 174,Zara,2024-02-19 13:00:50,1.63
1266,569,222.75,user 569,Amazon,2024-02-19 13:59:06,0.5
1267,664,140.37,user 664,Deutsche Bahn,2024-02-19 22:46:23,0.29
1268,380,1319.61,user 380,Lidl,2024-02-19 23:59:36,2.98
1269,345,233.46,user 345,Lidl,2024-02-20 01:39:33,0.45
1270,832,117.44,user 832,Apple,2024-02-20 03:33:22,0.24
1271,465,1191.61,user 465,Uber,2024-02-20 20:48:29,2.64
1272,69,813.5,user 69,IKEA,2024-02-21 01:31:12,1.4
1273,284,467.71,user 284,Carrefour,2024-02-21 06:46:14,1.05
1274,644,1083.59,user 644,IKEA,2024-02-21 09:28:44,2.2
1275,505,1036.26,user 505,Booking.com,2024-02-21 16:00:29,1.89
1276,530,597.88,user 530,Decathlon,2024-02-21 18:25:30,1.16
1277,177,594.34,user 177,Zara,2024-02-21 18:33:38,1.08
1278,62,1236.56,user 62,IKEA,2024-02-21 19:13:09,2.71
1279,298,1281.84,user 298,Amazon,2024-02-21 21:39:33,2.29
1280,774,1213.45,user 774,Uber,2024-02-21 22:08:17,2.64
1281,653,353.74,user 653,Lidl,2024-02-22 03:08:36,0.77
1282,949,1225.61,user 949,Carrefour,2024-02-22 05:06:14,2.27
1283,813,1321.86,user 813,Booking.com,2024-02-22 07:33:25,2.67
1284,565,1159.5,user 565,Uber,2024-02-22 16:16:59,2.3
1285,553,798.01,user 553,Amazon,2024-02-22 19:20:29,1.44
1286,156,55.95,user 156,Deutsche Bahn,2024-02-22 20:20:46,0.1
1287,444,1205.97,user 444,Spotify,2024-02-22 22:00:13,2.29
1288,592,872.07,user 592,Zara,2024-02-23 00:43:15,1.67
1289,274,25.59,user 274,Apple,2024-02-23 03:11:44,0.05
1290,452,341.56,user 452,Apple,2024-02-23 04:12:14,0.63
1291,307,558.53,user 307,Lidl,2024-02-23 08:29:30,1.03
1292,283,855.89,user 283,Deutsche Bahn,2024-02-23 13:17:02,1.48
1293,524,128.55,user 524,Zara,2024-02-23 16:04:45,0.26
1294,839,254.4,user 839,Uber,2024-02-23 18:26:01,0.49
1295,844,371.56,user 844,Zara,2024-02-23 22:48:43,0.76
1296,127,61.84,user 127,Lidl,2024-02-23 23:46:58,0.14
1297,208,1114.81,user 208,Decathlon,2024-02-24 04:05:37,2.56
1298,260,328.77,user 260,Shell,2024-02-24 05:21:03,0.59
1299,104,1206.36,user 104,Amazon,2024-02-24 05:24:54,2.16
1300,448,1335.42,user 448,Amazon,2024-02-24 05:36:20,2.42
1301,818,895.65,user 818,Apple,2024-02-24 09:05:26,1.62
1302,501,527.64,user 501,Shell,2024-02-24 09:42:08,1.08
1303,689,320.53,user 689,Lidl,2024-02-24 12:07:57,0.61
1304,901,872.96,user 901,Deutsche Bahn,2024-02-24 12:34:18,2.0
1305,462,768.29,user 462,Zara,2024-02-24 12:49:32,1.64
1306,379,948.0,user 379,Shell,2024-02-24 13:25:10,1.91
1307,313,20.95,user 313,IKEA,2024-02-24 13:51:32,0.04
1308,593,1166.25,user 593,IKEA,2024-02-24 21:58:55,2.52
1309,157,1307.71,user 157,Decathlon,2024-02-25 18:10:51,2.36
1310,77,263.93,user 77,Shell,2024-02-25 19:02:05,0.49
1311,98,1040.03,user 98,Deutsche Bahn,2024-02-25 20:51:39,2.29
1312,317,1277.4,user 317,Apple,2024-02-25 20:54:14,2.19
1313,733,858.07,user 733,Deutsche Bahn,2024-02-25 22:54:12,1.96
1314,13,1032.16,user 13,Apple,2024-02-26 08:34:54,2.27
1315,830,389.02,user 830,Spotify,2024-02-26 08:54:46,0.86
1316,349,1081.35,user 349,Shell,2024-02-26 17:47:10,1.95
1317,729,50.95,user 729,Booking.com,2024-02-26 19:38:46,0.11
1318,710,371.56,user 710,Amazon,2024-02-26 23:42:24,0.78
1319,968,1366.36,user 968,Carrefour,2024-02-27 01:07:43,3.07
1320,879,491.19,user 879,Apple,2024-02-27 02:52:36,1.03
1321,372,917.82,user 372,Carrefour,2024-02-27 04:38:34,1.75
1322,915,830.43,user 915,Lidl,2024-02-27 05:00:57,1.58
1323,860,913.49,user 860,Uber,2024-02-27 05:52:31,1.89
1324,387,872.4,user 387,Booking.com,2024-02-27 07:03:48,1.94
1325,711,617.54,user 711,Apple,2024-02-27 07:23:42,1.11
1326,157,551.2,user 157,Lidl,2024-02-27 09:49:18,1.21
1327,533,835.07,user 533,IKEA,2024-02-27 10:23:42,1.92
1328,472,1005.68,user 472,IKEA,2024-02-27 11:23:35,1.88
1329,784,730.71,user 784,Zara,2024-02-27 15:43:18,1.64
1330,755,517.88,user 755,Carrefour,2024-02-27 17:23:12,1.19
1331,247,156.64,user 247,IKEA,2024-02-27 22:16:39,0.36
1332,779,627.01,user 779,Zara,2024-02-27 22:23:23,1.26
1333,919,702.05,user 919,Apple,2024-02-28 06:16:13,1.59
1334,798,206.54,user 798,Amazon,2024-02-28 06:50:21,0.37
1335,915,461.57,user 915,Shell,2024-02-28 10:31:23,0.93
1336,640,444.94,user 640,Amazon,2024-02-28 14:04:26,0.86
1337,418,1049.27,user 418,Shell,2024-02-28 23:50:44,2.19
1338,356,245.73,user 356,Zara,2024-02-29 00:59:21,0.55
1339,663,1262.83,user 663,Spotify,2024-02-29 01:05:27,2.46
1340,916,589.39,user 916,Uber,2024-02-29 01:51:03,1.06
1341,846,100.4,user 846,Lidl,2024-02-29 05:06:32,0.22
1342,281,450.51,user 281,Amazon,2024-02-29 06:07:53,0.87
1343,235,367.13,user 235,Amazon,2024-02-29 12:26:53,0.64
1344,437,897.18,user 437,Carrefour,2024-02-29 16:32:30,1.76
1345,101,164.14,user 101,Decathlon,2024-02-29 17:24:11,0.32
1346,594,789.85,user 594,Deutsche Bahn,2024-02-29 18:06:07,1.47
1347,499,1108.14,user 499,Booking.com,2024-02-29 19:31:41,2.14
1348,91,70.29,user 91,IKEA,2024-02-29 23:02:10,0.16
1349,754,433.49,user 754,Shell,2024-03-01 02:02:32,0.91
1350,17,947.85,user 17,IKEA,2024-03-01 02:46:10,1.8
1351,773,27.43,user 773,Amazon,2024-03-01 05:16:38,0.06
1352,319,632.26,user 319,Amazon,2024-03-01 08:22:36,1.35
1353,497,100.69,user 497,Amazon,2024-03-01 12:20:48,0.17
1354,964,503.78,user 964,Uber,2024-03-01 13:01:00,0.86
1355,108,1386.2,user 108,Shell,2024-03-01 13:19:26,2.57
1356,288,906.11,user 288,Booking.com,2024-03-01 13:37:01,1.92
1357,622,786.06,user 622,Zara,2024-03-01 16:12:54,1.63
1358,131,628.68,user 131,Spotify,2024-03-01 19:22:45,1.3
1359,415,144.65,user 415,Decathlon,2024-03-01 22:10:58,0.28
1360,4,1015.34,user 4,IKEA,2024-03-02 00:12:07,1.73
1361,600,251.58,user 600,Amazon,2024-03-02 03:03:45,0.54
1362,266,519.35,user 266,Apple,2024-03-02 04:54:02,1.05
1363,472,1325.03,user 472,Amazon,2024-03-02 08:39:33,2.4
1364,884,815.68,user 884,IKEA,2024-03-02 08:44:44,1.43
1365,267,439.79,user 267,Decathlon,2024-03-02 10:27:17,0.95
1366,732,756.79,user 732,Apple,2024-03-02 11:45:40,1.56
1367,122,593.45,user 122,Zara,2024-03-02 14:14:24,1.29
1368,46,1165.55,user 46,IKEA,2024-03-02 15:18:53,2.18
1369,654,1179.12,user 654,Shell,2024-03-02 15:46:26,2.02
1370,523,714.94,user 523,Amazon,2024-03-02 19:33:30,1.36
1371,713,932.56,user 713,Booking.com,2024-03-02 19:44:08,2.04
1372,336,480.42,user 336,IKEA,2024-03-02 21:10:49,0.96
1373,184,913.47,user 184,Booking.com,2024-03-02 22:00:53,1.57
1374,950,672.4,user 950,Decathlon,2024-03-04 00:40:09,1.49
1375,609,1330.99,user 609,Carrefour,2024-03-04 04:10:15,2.35
1376,317,249.73,user 317,Zara,2024-03-04 05:03:43,0.48
1377,943,362.7,user 943,Apple,2024-03-04 05:16:52,0.73
1378,181,1318.39,user 181,Decathlon,2024-03-04 05:40:26,2.47
1379,975,1299.6,user 975,Decathlon,2024-03-04 06:50:55,2.94
1380,120,137.8,user 120,Carrefour,2024-03-04 09:38:00,0.31
1381,509,1324.37,user 509,Amazon,2024-03-04 10:30:00,2.79
1382,778,133.56,user 778,Deutsche Bahn,2024-03-04 17:51:54,0.25
1383,360,170.02,user 360,Decathlon,2024-03-05 01:24:54,0.39
1384,132,791.24,user 132,Zara,2024-03-05 02:56:17,1.79
1385,724,1384.63,user 724,Shell,2024-03-05 05:46:21,2.95
1386,889,393.89,user 889,Amazon,2024-03-05 07:51:38,0.9
1387,614,1166.91,user 614,Zara,2024-03-05 08:29:39,2.07
1388,60,327.57,user 60,Decathlon,2024-03-05 09:17:04,0.69
1389,155,428.43,user 155,Carrefour,2024-03-05 13:36:34,0.8
1390,929,1372.72,user 929,Apple,2024-03-05 21:42:47,3.14
1391,793,492.91,user 793,Apple,2024-03-05 22:54:06,1.09
1392,1067,1202.48,user 1067,Spotify,2024-03-06 08:59:21,2.56
1393,39,459.92,user 39,Decathlon,2024-03-06 10:08:39,0.92
1394,207,491.63,user 207,Spotify,2024-03-06 13:08:17,0.92
1395,964,988.38,user 964,Amazon,2024-03-06 18:49:40,1.75
1396,31,926.76,user 31,Deutsche Bahn,2024-03-06 20:58:08,1.76
1397,483,1033.12,user 483,Spotify,2024-03-07 08:07:49,1.87
1398,782,518.05,user 782,Lidl,2024-03-07 22:35:45,1.1
1399,77,414.3,user 77,Carrefour,2024-03-08 09:51:24,0.92
1400,928,1061.75,user 928,Amazon,2024-03-08 12:22:13,2.09
1401,875,778.85,user 875,Amazon,2024-03-08 13:06:10,1.42
1402,797,305.74,user 797,Zara,2024-03-08 13:09:08,0.68
1403,161,856.32,user 161,Uber,2024-03-08 13:53:25,1.93
1404,499,819.22,user 499,Spotify,2024-03-08 16:24:20,1.58
1405,36,883.82,user 36,Booking.com,2024-03-08 17:00:51,1.92
1406,789,855.56,user 789,Zara,2024-03-08 19:58:39,1.79
1407,182,761.96,user 182,Shell,2024-03-08 20:56:30,1.54
1408,124,1045.29,user 124,Uber,2024-03-08 21:50:20,1.85
1409,63,977.05,user 63,Zara,2024-03-09 03:42:35,1.8
1410,162,268.33,user 162,Deutsche Bahn,2024-03-09 03:44:52,0.61
1411,722,493.99,user 722,Decathlon,2024-03-09 17:16:05,0.97
1412,924,1211.14,user 924,Shell,2024-03-09 20:59:45,2.09
1413,335,272.91,user 335,IKEA,2024-03-09 21:24:48,0.59
1414,699,1190.2,user 699,Uber,2024-03-09 22:34:34,2.26
1415,99,595.02,user 99,Lidl,2024-03-10 00:57:01,1.21
1416,315,249.21,user 315,Deutsche Bahn,2024-03-10 03:02:13,0.43
1417,82,832.61,user 82,Shell,2024-03-10 03:19:30,1.58
1418,361,39.58,user 361,Amazon,2024-03-10 05:39:50,0.07
1419,396,1251.58,user 396,Apple,2024-03-10 09:28:41,2.83
1420,641,1102.92,user 641,Amazon,2024-03-10 10:40:11,2.49
1421,480,25.14,user 480,Carrefour,2024-03-10 17:30:37,0.05
1422,649,1389.19,user 649,Amazon,2024-03-10 19:50:04,3.17
1423,140,227.09,user 140,Deutsche Bahn,2024-03-10 21:27:05,0.51
1424,760,196.41,user 760,Carrefour,2024-03-10 21:44:10,0.41
1425,569,777.14,user 569,Spotify,2024-03-11 00:14:17,1.35
1426,408,126.74,user 408,IKEA,2024-03-11 02:45:42,0.26
1427,512,36.74,user 512,Carrefour,2024-03-11 08:06:16,0.08
1428,923,984.9,user 923,Carrefour,2024-03-11 08:54:45,2.09
1429,64,786.98,user 64,Uber,2024-03-11 16:15:46,1.75
1430,589,382.07,user 589,Uber,2024-03-11 18:39:01,0.85
1431,915,1322.05,user 915,Carrefour,2024-03-11 20:03:26,2.78
1432,315,242.27,user 315,Deutsche Bahn,2024-03-11 22:19:47,0.55
1433,314,353.12,user 314,Booking.com,2024-03-12 06:46:19,0.65
1434,716,1281.37,user 716,Uber,2024-03-12 08:16:26,2.22
1435,708,1395.38,user 708,Zara,2024-03-12 15:52:33,2.56
1436,743,758.2,user 743,Amazon,2024-03-12 17:47:04,1.5
1437,834,677.85,user 834,Deutsche Bahn,2024-03-12 23:27:43,1.3
1438,891,1274.21,user 891,Amazon,2024-03-13 00:38:22,2.6
1439,621,49.88,user 621,Lidl,2024-03-13 01:10:16,0.11
1440,595,1372.76,user 595,Spotify,2024-03-13 12:40:29,2.74
1441,1065,297.93,user 1065,Shell,2024-03-13 15:06:34,0.63
1442,936,425.77,user 936,Carrefour,2024-03-13 15:19:18,0.9
1443,689,719.55,user 689,Zara,2024-03-13 15:49:48,1.6
1444,777,205.23,user 777,Deutsche Bahn,2024-03-13 17:11:35,0.43
1445,831,499.34,user 831,Zara,2024-03-14 08:46:16,1.13
1446,293,513.98,user 293,Spotify,2024-03-14 09:31:40,1.01
1447,441,728.83,user 441,Decathlon,2024-03-14 10:14:30,1.6
1448,564,442.15,user 564,IKEA,2024-03-14 14:30:16,0.78
1449,890,397.44,user 890,Amazon,2024-03-14 15:10:28,0.73
1450,127,155.27,user 127,Booking.com,2024-03-14 18:49:24,0.34
1451,391,822.95,user 391,Carrefour,2024-03-14 19:42:05,1.87
1452,738,100.97,user 738,Deutsche Bahn,2024-03-15 01:11:42,0.18
1453,717,241.88,user 717,Uber,2024-03-15 07:14:16,0.46
1454,327,533.44,user 327,Apple,2024-03-15 07:28:11,1.08
1455,606,987.33,user 606,IKEA,2024-03-15 08:48:58,2.25
1456,267,145.76,user 267,Zara,2024-03-15 10:04:28,0.3
1457,261,641.61,user 261,Deutsche Bahn,2024-03-15 10:19:24,1.4
1458,237,1269.22,user 237,Booking.com,2024-03-15 18:24:58,2.41
1459,1047,29.49,user 1047,Carrefour,2024-03-15 19:00:12,0.06
1460,489,408.83,user 489,Shell,2024-03-15 22:33:34,0.89
1461,200,326.11,user 200,Booking.com,2024-03-15 23:56:10,0.65
1462,821,128.67,user 821,Deutsche Bahn,2024-03-16 07:17:23,0.25
1463,578,1089.07,user 578,Zara,2024-03-16 11:53:52,2.49
1464,1059,88.81,user 1059,Booking.com,2024-03-16 12:13:32,0.17
1465,216,634.92,user 216,Zara,2024-03-16 17:09:09,1.39
1466,131,563.45,user 131,Deutsche Bahn,2024-03-16 20:52:37,1.12
1467,850,430.7,user 850,Lidl,2024-03-16 21:33:45,0.88
1468,1013,254.77,user 1013,Zara,2024-03-16 23:25:37,0.44
1469,347,1345.95,user 347,Decathlon,2024-03-17 01:22:23,3.0
1470,879,671.53,user 879,Apple,2024-03-17 02:55:16,1.33
1471,271,211.38,user 271,Amazon,2024-03-17 06:01:38,0.45
1472,536,1314.1,user 536,Uber,2024-03-17 07:32:58,2.32
1473,475,499.98,user 475,Shell,2024-03-17 08:45:33,0.92
1474,560,1164.21,user 560,Decathlon,2024-03-17 11:15:28,2.49
1475,76,254.74,user 76,Spotify,2024-03-17 16:26:04,0.47
1476,102,354.93,user 102,Deutsche Bahn,2024-03-17 17:52:35,0.61
1477,175,758.61,user 175,Decathlon,2024-03-17 18:59:50,1.45
1478,867,1355.79,user 867,Uber,2024-03-17 21:18:57,2.68
1479,285,977.76,user 285,Uber,2024-03-18 01:13:59,2.09
1480,235,1147.41,user 235,Shell,2024-03-18 03:26:42,2.32
1481,925,896.95,user 925,Shell,2024-03-18 05:00:29,2.01
1482,75,1079.48,user 75,Spotify,2024-03-18 07:00:52,2.29
1483,93,1136.79,user 93,Shell,2024-03-18 08:29:41,2.06
1484,148,1025.18,user 148,Booking.com,2024-03-18 11:40:53,1.85
1485,335,858.8,user 335,Zara,2024-03-18 14:04:18,1.85
1486,843,466.85,user 843,Lidl,2024-03-19 00:27:57,0.95
1487,969,881.41,user 969,Carrefour,2024-03-19 02:40:47,1.72
1488,913,513.06,user 913,Shell,2024-03-19 04:24:48,0.88
1489,657,172.33,user 657,Decathlon,2024-03-19 04:32:23,0.36
1490,40,389.94,user 40,Carrefour,2024-03-19 08:20:45,0.71
1491,628,196.29,user 628,IKEA,2024-03-19 09:20:46,0.45
1492,280,1006.13,user 280,Uber,2024-03-19 11:08:01,2.28
1493,459,1244.59,user 459,Shell,2024-03-19 12:01:14,2.52
1494,280,59.69,user 280,Uber,2024-03-19 15:25:22,0.13
1495,881,76.35,user 881,Lidl,2024-03-19 17:11:08,0.17
1496,14,692.71,user 14,Shell,2024-03-19 19:11:26,1.37
1497,1070,1199.61,user 1070,Decathlon,2024-03-19 20:33:33,2.14
1498,989,980.99,user 989,Carrefour,2024-03-19 22:00:08,2.08
1499,260,302.0,user 260,Carrefour,2024-03-20 02:13:17,0.53
1500,525,376.48,user 525,Uber,2024-03-20 08:52:17,0.73
1501,772,717.83,user 772,Carrefour,2024-03-20 09:30:48,1.35
1502,587,294.1,user 587,Amazon,2024-03-20 12:33:00,0.57
1503,29,271.69,user 29,Shell,2024-03-20 19:12:34,0.49
1504,282,1052.65,user 282,Shell,2024-03-21 02:08:04,1.95
1505,293,562.96,user 293,Booking.com,2024-03-21 03:11:31,1.01
1506,1042,778.95,user 1042,Carrefour,2024-03-21 07:36:46,1.59
1507,176,317.06,user 176,Zara,2024-03-21 11:50:09,0.65
1508,934,111.68,user 934,Apple,2024-03-21 13:29:58,0.21
1509,51,198.89,user 51,IKEA,2024-03-21 13:41:26,0.38
1510,354,1213.91,user 354,Zara,2024-03-21 14:18:51,2.64
1511,631,266.75,user 631,Lidl,2024-03-21 15:49:43,0.47
1512,86,1107.26,user 86,Lidl,2024-03-21 21:52:28,2.21
1513,481,753.73,user 481,IKEA,2024-03-21 21:56:50,1.58
1514,802,1138.24,user 802,Spotify,2024-03-21 22:22:30,1.96
1515,516,470.41,user 516,Zara,2024-03-21 23:41:17,0.86
1516,506,410.72,user 506,Lidl,2024-03-22 01:09:18,0.77
1517,383,1093.21,user 383,Spotify,2024-03-22 01:27:46,2.16
1518,203,446.92,user 203,Decathlon,2024-03-22 03:25:40,0.84
1519,158,1286.51,user 158,Amazon,2024-03-22 04:06:14,2.65
1520,568,854.39,user 568,Booking.com,2024-03-22 04:15:48,1.72
1521,679,888.91,user 679,Carrefour,2024-03-22 14:03:03,1.64
1522,576,1341.62,user 576,Shell,2024-03-22 18:38:58,2.53
1523,604,874.1,user 604,Decathlon,2024-03-22 22:17:35,1.7
1524,336,308.33,user 336,Apple,2024-03-23 01:20:37,0.57
1525,778,417.89,user 778,Amazon,2024-03-23 01:25:37,0.87
1526,967,776.91,user 967,Shell,2024-03-23 02:47:24,1.43
1527,673,295.12,user 673,Shell,2024-03-23 04:15:06,0.54
1528,305,620.84,user 305,Deutsche Bahn,2024-03-23 04:47:24,1.29
1529,504,682.8,user 504,Amazon,2024-03-23 05:05:37,1.41
1530,847,858.87,user 847,Carrefour,2024-03-23 05:33:03,1.61
1531,89,974.71,user 89,Spotify,2024-03-23 15:24:36,1.79
1532,582,650.77,user 582,Spotify,2024-03-23 23:58:28,1.39
1533,760,722.12,user 760,Apple,2024-03-24 05:25:50,1.34
1534,1064,553.8,user 1064,Zara,2024-03-24 06:36:52,1.18
1535,884,968.05,user 884,Carrefour,2024-03-24 10:08:49,2.16
1536,944,913.09,user 944,Lidl,2024-03-24 10:16:12,1.62
1537,282,629.83,user 282,Amazon,2024-03-24 15:35:56,1.42
1538,875,248.33,user 875,Shell,2024-03-24 18:22:35,0.53
1539,750,767.9,user 750,IKEA,2024-03-24 19:10:06,1.54
1540,308,296.3,user 308,Zara,2024-03-24 22:31:49,0.6
1541,618,349.33,user 618,Deutsche Bahn,2024-03-24 23:17:48,0.71
1542,980,598.43,user 980,IKEA,2024-03-25 00:37:31,1.19
1543,164,901.02,user 164,Decathlon,2024-03-25 02:54:33,2.04
1544,78,46.08,user 78,Deutsche Bahn,2024-03-25 11:23:20,0.1
1545,535,1398.43,user 535,Carrefour,2024-03-25 16:08:42,2.69
1546,749,116.46,user 749,Decathlon,2024-03-25 17:39:40,0.22
1547,368,1171.07,user 368,Decathlon,2024-03-25 19:15:09,2.09
1548,862,1276.09,user 862,Amazon,2024-03-25 19:35:12,2.73
1549,1047,868.69,user 1047,Spotify,2024-03-25 19:44:50,1.61
1550,72,243.16,user 72,Deutsche Bahn,2024-03-25 21:36:24,0.52
1551,906,253.66,user 906,Amazon,2024-03-25 22:31:01,0.47
1552,867,92.17,user 867,Shell,2024-03-25 23:12:02,0.16
1553,290,391.05,user 290,IKEA,2024-03-26 00:27:21,0.8
1554,578,684.25,user 578,Spotify,2024-03-26 04:09:51,1.21
1555,258,506.77,user 258,Spotify,2024-03-26 09:16:41,0.89
1556,359,786.71,user 359,Booking.com,2024-03-26 12:10:30,1.38
1557,510,282.36,user 510,Carrefour,2024-03-26 16:54:40,0.55
1558,692,557.46,user 692,Spotify,2024-03-26 18:46:02,1.19
1559,1014,351.42,user 1014,IKEA,2024-03-26 20:43:32,0.71
1560,642,1225.6,user 642,Decathlon,2024-03-27 00:05:38,2.77
1561,480,346.26,user 480,Apple,2024-03-27 00:49:37,0.75
1562,304,304.22,user 304,Deutsche Bahn,2024-03-27 03:20:03,0.54
1563,415,86.24,user 415,Amazon,2024-03-27 06:36:58,0.19
1564,228,700.71,user 228,Lidl,2024-03-27 07:59:06,1.35
1565,878,1292.39,user 878,Amazon,2024-03-27 14:19:19,2.89
1566,659,956.61,user 659,Booking.com,2024-03-27 16:01:07,1.64
1567,7,1386.52,user 7,Zara,2024-03-27 20:17:11,2.58
1568,905,1096.28,user 905,IKEA,2024-03-27 22:28:12,1.89
1569,1030,1308.58,user 1030,Uber,2024-03-27 23:22:43,2.99
1570,995,1152.68,user 995,Decathlon,2024-03-27 23:59:20,2.61
1571,52,361.44,user 52,Shell,2024-03-28 03:55:24,0.61
1572,822,176.1,user 822,Zara,2024-03-28 04:45:11,0.32
1573,282,462.12,user 282,IKEA,2024-03-28 05:04:54,0.98
1574,45,1390.91,user 45,Shell,2024-03-28 16:22:53,2.75
1575,36,126.18,user 36,Lidl,2024-03-28 16:38:50,0.23
1576,460,217.23,user 460,Decathlon,2024-03-28 18:16:49,0.46
1577,1040,1148.01,user 1040,Zara,2024-03-28 20:14:16,1.99
1578,313,1243.33,user 313,Carrefour,2024-03-29 02:19:16,2.74
1579,930,374.51,user 930,Deutsche Bahn,2024-03-29 05:25:51,0.74
1580,124,594.33,user 124,Apple,2024-03-29 10:53:04,1.2
1581,756,13.1,user 756,Deutsche Bahn,2024-03-29 12:20:39,0.02
1582,708,1079.96,user 708,Uber,2024-03-29 15:00:42,2.19
1583,1022,1072.15,user 1022,Shell,2024-03-29 16:47:24,2.38
1584,550,816.38,user 550,Uber,2024-03-29 18:22:39,1.47
1585,991,1062.52,user 991,Lidl,2024-03-29 21:50:19,2.12
1586,1006,528.59,user 1006,Decathlon,2024-03-30 03:54:13,0.94
1587,649,449.5,user 649,Zara,2024-03-30 06:19:26,0.98
1588,1056,374.99,user 1056,Deutsche Bahn,2024-03-30 06:54:10,0.77
1589,111,703.61,user 111,Uber,2024-03-30 08:02:53,1.39
1590,52,1229.24,user 52,Uber,2024-03-30 10:50:28,2.82
1591,959,68.61,user 959,IKEA,2024-03-30 11:47:12,0.16
1592,738,1378.97,user 738,Deutsche Bahn,2024-03-30 22:12:07,2.84
1593,974,903.89,user 974,Shell,2024-03-31 01:16:11,1.58
1594,595,386.44,user 595,Amazon,2024-03-31 04:26:27,0.7
1595,995,250.73,user 995,IKEA,2024-03-31 10:53:53,0.57
1596,967,612.1,user 967,Carrefour,2024-03-31 13:37:55,1.14
1597,395,1285.22,user 395,Amazon,2024-03-31 22:00:46,2.43
1598,277,832.2,user 277,Deutsche Bahn,2024-03-31 22:47:01,1.44
1599,569,92.82,user 569,Booking.com,2024-04-01 01:56:15,0.19
1600,400,20.5,user 400,Lidl,2024-04-01 07:20:13,0.04
1601,857,180.15,user 857,Decathlon,2024-04-01 12:23:40,0.38
1602,791,146.78,user 791,Spotify,2024-04-01 16:55:16,0.31
1603,85,1080.11,user 85,IKEA,2024-04-01 18:18:58,1.9
1604,408,1058.61,user 408,Shell,2024-04-01 19:45:31,2.24
1605,368,966.31,user 368,Decathlon,2024-04-01 19:55:14,2.16
1606,560,269.67,user 560,IKEA,2024-04-01 21:22:23,0.54
1607,47,313.38,user 47,IKEA,2024-04-01 23:35:58,0.58
1608,138,107.19,user 138,Carrefour,2024-04-02 04:39:05,0.23
1609,895,377.07,user 895,Uber,2024-04-02 07:02:20,0.69
1610,429,850.34,user 429,Booking.com,2024-04-02 13:55:46,1.56
1611,906,121.5,user 906,Deutsche Bahn,2024-04-02 16:11:38,0.21
1612,323,128.06,user 323,Uber,2024-04-02 18:11:47,0.29
1613,43,512.62,user 43,Zara,2024-04-02 19:46:18,1.07
1614,288,848.65,user 288,Lidl,2024-04-03 01:59:19,1.49
1615,759,558.56,user 759,Shell,2024-04-03 03:35:30,1.11
1616,265,1078.25,user 265,Carrefour,2024-04-03 13:07:07,1.92
1617,719,1214.7,user 719,Zara,2024-04-03 16:24:26,2.53
1618,719,52.11,user 719,Lidl,2024-04-03 21:52:32,0.1
1619,75,160.86,user 75,Apple,2024-04-04 00:33:14,0.29
1620,11,779.87,user 11,Spotify,2024-04-04 01:04:35,1.73
1621,315,1398.83,user 315,Deutsche Bahn,2024-04-04 05:10:37,3.18
1622,380,1249.38,user 380,Decathlon,2024-04-05 00:49:44,2.36
1623,432,1087.5,user 432,Zara,2024-04-05 01:08:26,1.87
1624,555,142.04,user 555,Zara,2024-04-05 11:48:48,0.32
1625,1035,928.3,user 1035,Spotify,2024-04-05 18:25:36,1.77
1626,639,98.9,user 639,Zara,2024-04-05 19:04:44,0.22
1627,1014,688.71,user 1014,Spotify,2024-04-05 19:08:44,1.39
1628,54,531.31,user 54,Shell,2024-04-06 00:05:14,0.99
1629,808,893.11,user 808,Booking.com,2024-04-06 02:16:13,1.56
1630,147,633.09,user 147,Zara,2024-04-06 05:24:37,1.2
1631,815,774.1,user 815,Booking.com,2024-04-06 06:38:22,1.62
1632,95,813.55,user 95,Apple,2024-04-06 12:39:34,1.47
1633,610,842.31,user 610,Zara,2024-04-06 22:38:24,1.92
1634,977,1144.86,user 977,Apple,2024-04-06 23:40:34,2.38
1635,52,142.56,user 52,Spotify,2024-04-07 01:44:51,0.27
1636,309,612.81,user 309,Decathlon,2024-04-07 01:51:20,1.19
1637,11,924.8,user 11,Spotify,2024-04-07 02:07:16,1.98
1638,423,625.82,user 423,Decathlon,2024-04-07 06:23:16,1.17
1639,543,18.08,user 543,Apple,2024-04-07 10:49:00,0.03
1640,405,896.63,user 405,Spotify,2024-04-07 11:18:12,1.95
1641,186,364.99,user 186,Apple,2024-04-07 14:02:26,0.83
1642,193,167.58,user 193,Zara,2024-04-07 15:35:06,0.38
1643,120,26.34,user 120,Lidl,2024-04-07 18:39:54,0.06
1644,106,153.6,user 106,Apple,2024-04-07 19:34:20,0.34
1645,544,986.8,user 544,Shell,2024-04-07 21:47:09,2.16
1646,895,1177.83,user 895,Spotify,2024-04-07 23:47:54,2.03
1647,858,1354.97,user 858,Spotify,2024-04-08 01:09:26,2.34
1648,829,667.83,user 829,Decathlon,2024-04-08 03:41:11,1.47
1649,479,770.4,user 479,Apple,2024-04-08 04:28:53,1.58
1650,258,175.58,user 258,Uber,2024-04-08 04:41:51,0.4
1651,964,881.36,user 964,Amazon,2024-04-08 04:47:46,1.62
1652,109,99.97,user 109,IKEA,2024-04-08 06:31:45,0.2
1653,26,1110.9,user 26,Lidl,2024-04-08 12:41:15,2.02
1654,432,126.34,user 432,Deutsche Bahn,2024-04-08 16:52:58,0.25
1655,279,581.76,user 279,Spotify,2024-04-08 18:04:17,1.26
1656,45,794.37,user 45,Spotify,2024-04-08 18:23:18,1.6
1657,381,880.43,user 381,Zara,2024-04-08 22:09:15,1.55
1658,503,917.07,user 503,Lidl,2024-04-09 04:15:13,1.93
1659,250,1179.11,user 250,Spotify,2024-04-09 04:24:45,2.45
1660,1117,700.43,user 1117,Zara,2024-04-09 06:07:25,1.52
1661,320,932.85,user 320,Shell,2024-04-09 07:37:57,1.97
1662,80,279.3,user 80,Deutsche Bahn,2024-04-09 07:49:19,0.48
1663,750,44.08,user 750,Shell,2024-04-09 12:55:22,0.09
1664,1144,1198.39,user 1144,Apple,2024-04-09 16:59:25,2.43
1665,92,441.33,user 92,Shell,2024-04-09 20:30:25,0.97
1666,474,828.12,user 474,Zara,2024-04-09 22:20:43,1.47
1667,284,1005.52,user 284,Apple,2024-04-09 22:48:08,2.29
1668,273,715.79,user 273,Shell,2024-04-10 01:21:41,1.6
1669,691,717.53,user 691,IKEA,2024-04-10 02:09:48,1.48
1670,48,1006.49,user 48,Deutsche Bahn,2024-04-10 06:29:56,2.21
1671,110,1321.47,user 110,Spotify,2024-04-10 06:41:47,2.58
1672,520,179.1,user 520,Spotify,2024-04-10 07:35:07,0.34
1673,881,1195.77,user 881,Booking.com,2024-04-10 08:29:21,2.66
1674,59,1342.26,user 59,Lidl,2024-04-10 08:50:27,2.74
1675,958,764.83,user 958,IKEA,2024-04-10 09:55:03,1.74
1676,907,90.96,user 907,Apple,2024-04-10 13:46:36,0.18
1677,133,238.67,user 133,Booking.com,2024-04-10 17:48:30,0.5
1678,179,160.02,user 179,Decathlon,2024-04-10 19:01:32,0.36
1679,373,1066.94,user 373,IKEA,2024-04-10 19:49:56,2.03
1680,727,1324.88,user 727,Shell,2024-04-10 21:37:57,2.41
1681,158,1247.1,user 158,Apple,2024-04-11 00:42:22,2.69
1682,726,1061.24,user 726,Decathlon,2024-04-11 01:33:25,2.13
1683,322,400.47,user 322,Amazon,2024-04-11 02:06:00,0.92
1684,53,319.71,user 53,Carrefour,2024-04-11 02:20:49,0.63
1685,30,406.29,user 30,IKEA,2024-04-11 02:32:24,0.89
1686,305,918.12,user 305,Booking.com,2024-04-11 05:33:38,1.62
1687,847,1225.01,user 847,IKEA,2024-04-11 07:14:57,2.35
1688,269,352.73,user 269,Amazon,2024-04-11 07:27:40,0.7
1689,9,796.8,user 9,Carrefour,2024-04-11 15:12:01,1.48
1690,732,694.07,user 732,Zara,2024-04-11 15:42:59,1.46
1691,528,224.64,user 528,Shell,2024-04-12 00:33:08,0.41
1692,589,225.57,user 589,Carrefour,2024-04-12 06:13:03,0.5
1693,27,799.26,user 27,Amazon,2024-04-12 06:33:02,1.4
1694,1035,1316.91,user 1035,Deutsche Bahn,2024-04-12 07:30:55,2.32
1695,794,1172.12,user 794,Carrefour,2024-04-12 07:54:27,2.4
1696,477,769.51,user 477,Spotify,2024-04-12 11:23:53,1.33
1697,771,1200.11,user 771,Spotify,2024-04-12 12:04:42,2.18
1698,1044,301.78,user 1044,Shell,2024-04-12 20:10:14,0.63
1699,299,314.33,user 299,Apple,2024-04-12 20:46:43,0.54
1700,136,109.73,user 136,Uber,2024-04-12 21:42:28,0.22
1701,586,617.47,user 586,Carrefour,2024-04-12 22:06:22,1.4
1702,979,189.82,user 979,Apple,2024-04-12 22:48:25,0.33
1703,342,1317.17,user 342,Zara,2024-04-13 02:44:30,2.34
1704,810,709.3,user 810,IKEA,2024-04-13 02:47:04,1.56
1705,592,1390.81,user 592,Zara,2024-04-13 02:49:46,3.05
1706,387,233.96,user 387,Uber,2024-04-13 07:31:50,0.44
1707,644,146.33,user 644,Deutsche Bahn,2024-04-13 11:53:58,0.32
1708,475,444.12,user 475,IKEA,2024-04-13 12:04:17,0.95
1709,739,491.63,user 739,Amazon,2024-04-13 22:24:28,0.89
1710,335,828.7,user 335,Apple,2024-04-13 23:07:31,1.49
1711,489,1126.8,user 489,Uber,2024-04-14 00:47:30,2.58
1712,63,643.95,user 63,Amazon,2024-04-14 01:35:02,1.11
1713,881,589.3,user 881,IKEA,2024-04-14 07:47:37,1.14
1714,866,867.84,user 866,Booking.com,2024-04-14 09:47:30,1.94
1715,690,401.06,user 690,Spotify,2024-04-14 11:36:20,0.69
1716,670,728.25,user 670,Deutsche Bahn,2024-04-14 15:13:16,1.42
1717,902,757.23,user 902,Amazon,2024-04-14 18:44:08,1.32
1718,846,742.79,user 846,IKEA,2024-04-14 23:19:04,1.36
1719,137,900.19,user 137,Decathlon,2024-04-15 02:53:19,2.04
1720,735,691.45,user 735,Shell,2024-04-15 08:41:54,1.37
1721,256,1314.27,user 256,Booking.com,2024-04-15 12:02:33,2.52
1722,731,876.69,user 731,Shell,2024-04-15 12:47:19,1.5
1723,673,109.79,user 673,Uber,2024-04-15 13:06:02,0.22
1724,1131,31.99,user 1131,Zara,2024-04-15 15:18:37,0.07
1725,335,1249.24,user 335,Lidl,2024-04-15 19:15:37,2.83
1726,891,1208.2,user 891,Lidl,2024-04-15 19:51:47,2.57
1727,584,554.43,user 584,Spotify,2024-04-15 20:18:57,1.06
1728,803,605.36,user 803,IKEA,2024-04-16 01:08:13,1.35
1729,316,741.73,user 316,Zara,2024-04-16 09:51:27,1.41
1730,594,1233.82,user 594,Decathlon,2024-04-16 10:20:56,2.39
1731,217,237.62,user 217,Shell,2024-04-16 11:23:10,0.51
1732,338,1125.8,user 338,Carrefour,2024-04-16 16:14:22,2.38
1733,827,1305.94,user 827,Decathlon,2024-04-16 19:41:21,2.26
1734,914,1367.63,user 914,Decathlon,2024-04-16 22:40:58,2.34
1735,1076,271.58,user 1076,Spotify,2024-04-17 10:35:31,0.62
1736,526,854.73,user 526,IKEA,2024-04-17 12:44:28,1.71
1737,1000,657.23,user 1000,Amazon,2024-04-17 16:23:57,1.13
1738,696,495.36,user 696,Uber,2024-04-17 19:22:54,0.92
1739,768,358.51,user 768,Carrefour,2024-04-17 22:03:12,0.65
1740,1055,431.23,user 1055,Booking.com,2024-04-17 23:16:43,0.93
1741,11,604.45,user 11,Apple,2024-04-18 00:40:58,1.12
1742,368,338.36,user 368,Apple,2024-04-18 01:54:18,0.73
1743,123,616.78,user 123,Apple,2024-04-18 05:02:02,1.08
1744,942,101.65,user 942,Uber,2024-04-18 07:27:14,0.21
1745,534,1136.99,user 534,IKEA,2024-04-18 08:10:41,2.46
1746,634,1091.82,user 634,Shell,2024-04-18 08:24:30,2.18
1747,1071,227.44,user 1071,Deutsche Bahn,2024-04-18 09:03:35,0.4
1748,640,1256.45,user 640,Booking.com,2024-04-18 14:53:05,2.77
1749,397,1143.66,user 397,Spotify,2024-04-18 19:15:21,2.2
1750,1056,126.53,user 1056,Uber,2024-04-18 21:11:01,0.29
1751,505,453.62,user 505,Amazon,2024-04-18 23:12:13,1.04
1752,171,444.25,user 171,IKEA,2024-04-18 23:12:23,0.8
1753,778,1262.25,user 778,Deutsche Bahn,2024-04-19 01:13:45,2.47
1754,487,627.06,user 487,Apple,2024-04-19 03:03:23,1.16
1755,1040,905.35,user 1040,Apple,2024-04-19 06:22:53,1.72
1756,112,792.74,user 112,Lidl,2024-04-19 13:36:34,1.77
1757,581,587.38,user 581,Uber,2024-04-19 18:05:08,1.04
1758,480,1147.72,user 480,Apple,2024-04-20 01:17:07,2.1
1759,366,193.31,user 366,Uber,2024-04-20 05:39:02,0.33
1760,1052,1245.33,user 1052,Apple,2024-04-20 11:38:02,2.12
1761,763,703.37,user 763,Apple,2024-04-20 12:13:50,1.49
1762,783,296.5,user 783,Apple,2024-04-20 14:27:01,0.64
1763,160,1284.4,user 160,Decathlon,2024-04-20 16:28:59,2.2
1764,3,251.55,user 3,Booking.com,2024-04-20 21:38:56,0.5
1765,117,800.1,user 117,Carrefour,2024-04-20 22:32:28,1.37
1766,173,246.72,user 173,Spotify,2024-04-20 22:36:01,0.48
1767,1052,543.26,user 1052,Spotify,2024-04-20 23:24:15,1.1
1768,1034,702.9,user 1034,Decathlon,2024-04-20 23:39:45,1.32
1769,451,1222.22,user 451,Decathlon,2024-04-21 02:43:05,2.12
1770,318,875.98,user 318,Zara,2024-04-21 02:52:13,1.95
1771,317,1332.88,user 317,Zara,2024-04-21 11:13:18,3.04
1772,921,1341.91,user 921,Shell,2024-04-21 15:15:04,2.33
1773,169,1212.9,user 169,Booking.com,2024-04-21 17:42:07,2.61
1774,800,527.23,user 800,Lidl,2024-04-21 20:38:11,1.09
1775,292,1253.43,user 292,Uber,2024-04-22 00:58:27,2.78
1776,448,1092.4,user 448,IKEA,2024-04-22 14:47:22,1.9
1777,499,1112.27,user 499,Zara,2024-04-22 21:22:21,2.02
1778,224,801.98,user 224,Apple,2024-04-23 06:00:12,1.66
1779,82,1193.11,user 82,Uber,2024-04-23 13:16:34,2.54
1780,1012,140.37,user 1012,Uber,2024-04-23 15:57:03,0.3
1781,642,280.65,user 642,Apple,2024-04-23 16:48:48,0.54
1782,810,1396.61,user 810,IKEA,2024-04-23 18:21:43,2.51
1783,68,616.32,user 68,Spotify,2024-04-23 18:39:35,1.29
1784,748,1244.02,user 748,Spotify,2024-04-23 19:35:27,2.51
1785,34,1130.57,user 34,Booking.com,2024-04-23 23:19:26,2.44
1786,393,636.1,user 393,Spotify,2024-04-24 01:09:22,1.11
1787,14,77.02,user 14,Decathlon,2024-04-24 01:10:47,0.15
1788,1106,1207.02,user 1106,IKEA,2024-04-24 03:18:27,2.5
1789,171,1091.15,user 171,Carrefour,2024-04-24 05:38:34,2.14
1790,513,29.37,user 513,IKEA,2024-04-24 06:50:05,0.06
1791,724,1129.88,user 724,Zara,2024-04-24 09:36:40,2.35
1792,394,644.96,user 394,Zara,2024-04-24 19:57:26,1.32
1793,1022,124.7,user 1022,IKEA,2024-04-25 00:48:54,0.25
1794,1083,1197.34,user 1083,Zara,2024-04-25 05:26:54,2.22
1795,867,573.0,user 867,Amazon,2024-04-25 07:42:48,1.01
1796,638,1170.94,user 638,Amazon,2024-04-25 13:13:18,2.61
1797,746,239.73,user 746,Spotify,2024-04-25 16:52:19,0.49
1798,628,764.39,user 628,Apple,2024-04-25 17:39:41,1.72
1799,312,1269.6,user 312,Lidl,2024-04-25 21:35:29,2.79
1800,982,826.19,user 982,Spotify,2024-04-26 04:58:36,1.9
1801,740,583.67,user 740,Spotify,2024-04-26 05:41:42,1.33
1802,230,556.36,user 230,Zara,2024-04-26 09:02:24,0.99
1803,810,270.26,user 810,Lidl,2024-04-26 13:18:35,0.61
1804,680,1195.08,user 680,Deutsche Bahn,2024-04-26 14:34:39,2.61
1805,616,606.39,user 616,IKEA,2024-04-26 15:17:38,1.38
1806,383,1186.82,user 383,Deutsche Bahn,2024-04-26 19:31:51,2.68
1807,467,308.64,user 467,Apple,2024-04-26 23:14:41,0.63
1808,1091,601.51,user 1091,Amazon,2024-04-27 01:30:07,1.18
1809,991,1161.84,user 991,Apple,2024-04-27 03:24:32,2.06
1810,608,233.26,user 608,Booking.com,2024-04-27 03:41:30,0.47
1811,311,1144.83,user 311,Zara,2024-04-27 09:25:31,2.33
1812,693,1112.65,user 693,Uber,2024-04-27 12:07:20,2.39
1813,286,926.41,user 286,Amazon,2024-04-27 13:06:35,1.75
1814,173,690.03,user 173,Carrefour,2024-04-27 17:34:30,1.53
1815,199,838.96,user 199,Decathlon,2024-04-27 20:26:51,1.92
1816,764,755.78,user 764,Lidl,2024-04-28 01:21:21,1.68
1817,736,1209.1,user 736,Lidl,2024-04-28 02:44:09,2.66
1818,557,676.85,user 557,Amazon,2024-04-28 04:18:22,1.45
1819,11,591.62,user 11,IKEA,2024-04-28 05:26:51,1.09
1820,294,882.92,user 294,Uber,2024-04-28 13:32:49,1.98
1821,966,489.2,user 966,Booking.com,2024-04-28 17:14:26,0.89
1822,1154,879.48,user 1154,IKEA,2024-04-28 18:29:53,1.94
1823,1108,1355.73,user 1108,Amazon,2024-04-29 04:56:44,2.7
1824,123,1129.37,user 123,IKEA,2024-04-29 09:11:35,2.13
1825,193,180.3,user 193,Lidl,2024-04-29 09:52:22,0.37
1826,591,124.34,user 591,Carrefour,2024-04-29 15:00:18,0.22
1827,137,16.56,user 137,Spotify,2024-04-29 16:44:55,0.03
1828,776,163.02,user 776,Booking.com,2024-04-29 18:19:07,0.33
1829,666,792.32,user 666,Carrefour,2024-04-30 09:23:37,1.69
1830,365,1341.85,user 365,Shell,2024-04-30 11:16:39,2.62
1831,29,145.26,user 29,Apple,2024-04-30 11:22:51,0.26
1832,1026,796.68,user 1026,Apple,2024-04-30 16:01:56,1.59
1833,358,1253.19,user 358,Booking.com,2024-04-30 20:07:37,2.71
1834,478,885.53,user 478,Shell,2024-04-30 22:56:35,1.84
1835,707,1220.5,user 707,Carrefour,2024-04-30 23:00:57,2.63
1836,937,270.1,user 937,Zara,2024-04-30 23:40:12,0.52
1837,781,384.14,user 781,Decathlon,2024-05-01 01:45:14,0.84
1838,726,1171.95,user 726,Amazon,2024-05-01 03:04:43,2.69
1839,752,706.43,user 752,Uber,2024-05-01 03:12:58,1.35
1840,724,1322.23,user 724,Lidl,2024-05-01 05:06:22,2.3
1841,194,1071.92,user 194,Apple,2024-05-01 06:16:48,2.14
1842,33,307.8,user 33,Spotify,2024-05-01 06:30:44,0.68
1843,883,1277.34,user 883,Spotify,2024-05-01 09:53:15,2.28
1844,855,361.65,user 855,Uber,2024-05-01 10:27:39,0.8
1845,80,1065.57,user 80,Uber,2024-05-02 02:19:00,2.38
1846,233,291.83,user 233,Carrefour,2024-05-02 03:59:38,0.51
1847,116,491.59,user 116,Zara,2024-05-02 07:50:44,1.0
1848,44,1021.15,user 44,Spotify,2024-05-02 07:57:48,1.81
1849,438,767.01,user 438,Shell,2024-05-02 11:45:55,1.61
1850,91,235.08,user 91,Uber,2024-05-02 11:55:50,0.44
1851,921,1222.7,user 921,Amazon,2024-05-02 13:19:10,2.39
1852,928,63.76,user 928,Spotify,2024-05-02 15:11:06,0.11
1853,395,1192.71,user 395,Decathlon,2024-05-02 16:54:56,2.03
1854,460,252.91,user 460,Booking.com,2024-05-02 19:47:12,0.45
1855,1026,1135.2,user 1026,Uber,2024-05-02 20:51:11,2.08
1856,610,1319.03,user 610,IKEA,2024-05-02 20:53:39,2.51
1857,693,745.33,user 693,Decathlon,2024-05-02 21:10:24,1.52
1858,730,1209.01,user 730,Booking.com,2024-05-03 01:51:29,2.39
1859,739,67.34,user 739,Shell,2024-05-03 02:01:48,0.15
1860,854,147.22,user 854,Apple,2024-05-03 04:01:57,0.25
1861,1124,163.51,user 1124,Apple,2024-05-03 04:19:04,0.34
1862,521,850.71,user 521,Amazon,2024-05-03 04:19:19,1.71
1863,192,1020.56,user 192,Spotify,2024-05-03 04:20:12,1.94
1864,194,1102.36,user 194,Uber,2024-05-03 07:29:14,2.52
1865,1100,292.5,user 1100,Carrefour,2024-05-03 07:33:06,0.61
1866,813,1277.83,user 813,Zara,2024-05-03 22:19:02,2.3
1867,55,733.4,user 55,Decathlon,2024-05-03 23:15:53,1.41
1868,502,1121.52,user 502,Deutsche Bahn,2024-05-04 02:18:34,2.38
1869,550,156.75,user 550,Zara,2024-05-04 04:39:11,0.33
1870,2,895.93,user 2,Uber,2024-05-04 05:51:46,1.8
1871,234,1161.92,user 234,Booking.com,2024-05-04 06:44:27,2.16
1872,27,30.22,user 27,Carrefour,2024-05-04 07:39:58,0.05
1873,767,1227.99,user 767,Uber,2024-05-04 09:08:48,2.48
1874,973,100.07,user 973,Deutsche Bahn,2024-05-04 09:20:28,0.22
1875,100,414.33,user 100,Uber,2024-05-04 10:13:45,0.73
1876,872,943.4,user 872,Apple,2024-05-04 16:27:54,1.87
1877,1002,1369.47,user 1002,Decathlon,2024-05-04 22:05:48,2.45
1878,943,853.75,user 943,Zara,2024-05-05 03:10:18,1.76
1879,1149,243.02,user 1149,Lidl,2024-05-05 07:40:45,0.41
1880,571,528.93,user 571,Uber,2024-05-05 15:10:31,0.93
1881,1061,584.34,user 1061,Booking.com,2024-05-05 15:35:22,1.09
1882,1101,1392.0,user 1101,Booking.com,2024-05-06 05:40:46,2.65
1883,2,1173.68,user 2,Decathlon,2024-05-06 06:06:26,2.13
1884,303,809.47,user 303,IKEA,2024-05-06 06:47:45,1.46
1885,409,872.75,user 409,Deutsche Bahn,2024-05-06 15:39:12,1.77
1886,1060,521.8,user 1060,Decathlon,2024-05-06 16:00:26,0.93
1887,338,1131.81,user 338,Shell,2024-05-06 16:43:53,1.98
1888,585,1263.62,user 585,Deutsche Bahn,2024-05-06 18:17:13,2.22
1889,982,265.7,user 982,Amazon,2024-05-06 23:02:02,0.59
1890,170,67.19,user 170,Zara,2024-05-06 23:33:45,0.15
1891,931,52.74,user 931,Amazon,2024-05-07 00:48:32,0.1
1892,841,225.16,user 841,Apple,2024-05-07 08:32:33,0.39
1893,178,741.69,user 178,Shell,2024-05-07 20:15:53,1.45
1894,300,1289.19,user 300,Deutsche Bahn,2024-05-08 00:39:42,2.93
1895,515,613.89,user 515,Zara,2024-05-08 07:25:53,1.39
1896,634,174.21,user 634,IKEA,2024-05-08 09:11:45,0.38
1897,414,392.24,user 414,Zara,2024-05-08 11:46:41,0.73
1898,1142,521.62,user 1142,IKEA,2024-05-08 14:03:10,0.93
1899,543,58.06,user 543,Apple,2024-05-08 16:07:55,0.11
1900,558,531.22,user 558,Booking.com,2024-05-08 19:23:17,1.19
1901,1054,910.11,user 1054,Lidl,2024-05-08 20:01:17,2.04
1902,923,1243.48,user 923,Zara,2024-05-08 23:51:14,2.53
1903,215,489.94,user 215,Decathlon,2024-05-09 00:32:57,0.96
1904,404,199.86,user 404,Spotify,2024-05-09 06:58:20,0.45
1905,1081,1283.16,user 1081,Uber,2024-05-09 07:35:33,2.24
1906,585,103.69,user 585,Spotify,2024-05-09 09:38:24,0.2
1907,382,1337.02,user 382,Uber,2024-05-09 13:13:27,2.55
1908,273,996.09,user 273,Spotify,2024-05-09 19:47:18,2.06
1909,721,94.95,user 721,Deutsche Bahn,2024-05-09 23:29:29,0.21
1910,1099,644.22,user 1099,Carrefour,2024-05-10 08:49:49,1.11
1911,652,856.07,user 652,Booking.com,2024-05-10 12:27:16,1.62
1912,439,854.5,user 439,Deutsche Bahn,2024-05-10 17:01:50,1.55
1913,1147,845.06,user 1147,Apple,2024-05-10 23:12:59,1.81
1914,68,832.72,user 68,Apple,2024-05-10 23:57:37,1.45
1915,642,258.75,user 642,Carrefour,2024-05-11 00:56:30,0.48
1916,741,680.59,user 741,IKEA,2024-05-11 01:00:43,1.3
1917,1129,534.9,user 1129,Amazon,2024-05-11 06:31:49,0.93
1918,11,1199.76,user 11,Booking.com,2024-05-11 08:07:22,2.56
1919,1189,469.41,user 1189,Deutsche Bahn,2024-05-11 10:49:07,1.04
1920,443,717.37,user 443,Amazon,2024-05-11 12:56:56,1.26
1921,648,815.19,user 648,IKEA,2024-05-11 15:59:33,1.86
1922,648,1356.53,user 648,Decathlon,2024-05-11 17:48:04,2.68
1923,545,1388.25,user 545,Lidl,2024-05-11 20:27:17,2.45
1924,52,745.55,user 52,Deutsche Bahn,2024-05-11 23:17:35,1.46
1925,615,469.47,user 615,Deutsche Bahn,2024-05-12 03:43:51,0.87
1926,575,604.5,user 575,Amazon,2024-05-12 04:45:14,1.3
1927,515,597.72,user 515,Zara,2024-05-12 06:23:13,1.33
1928,835,46.62,user 835,Amazon,2024-05-12 06:37:51,0.1
1929,445,1148.46,user 445,Deutsche Bahn,2024-05-12 08:22:09,2.41
1930,993,1144.78,user 993,Lidl,2024-05-12 10:18:02,2.44
1931,913,481.05,user 913,Zara,2024-05-12 10:37:08,0.91
1932,125,1073.05,user 125,Spotify,2024-05-12 10:53:58,2.3
1933,889,766.6,user 889,Lidl,2024-05-12 11:15:52,1.71
1934,1053,1013.73,user 1053,Decathlon,2024-05-12 14:19:00,2.03
1935,847,1202.03,user 847,Carrefour,2024-05-12 18:34:39,2.19
1936,540,1041.04,user 540,Carrefour,2024-05-12 22:40:42,2.01
1937,263,921.04,user 263,Lidl,2024-05-13 00:45:45,1.59
1938,176,1210.49,user 176,Lidl,2024-05-13 02:33:59,2.21
1939,956,304.29,user 956,Amazon,2024-05-13 03:03:25,0.58
1940,873,17.78,user 873,Amazon,2024-05-13 04:17:20,0.04
1941,202,487.24,user 202,Uber,2024-05-13 09:03:53,1.01
1942,973,113.76,user 973,Booking.com,2024-05-13 10:07:31,0.24
1943,348,1166.33,user 348,Uber,2024-05-13 11:08:18,2.5
1944,995,917.89,user 995,Zara,2024-05-13 14:02:12,2.07
1945,1000,193.84,user 1000,IKEA,2024-05-14 01:03:55,0.44
1946,858,120.13,user 858,Decathlon,2024-05-14 02:22:01,0.22
1947,1081,1398.57,user 1081,Lidl,2024-05-14 05:50:23,2.75
1948,942,754.22,user 942,Uber,2024-05-14 08:29:28,1.56
1949,732,425.66,user 732,Spotify,2024-05-14 15:19:14,0.74
1950,811,255.75,user 811,Carrefour,2024-05-14 20:50:29,0.52
1951,137,136.56,user 137,Decathlon,2024-05-14 23:41:13,0.3
1952,434,610.99,user 434,Apple,2024-05-15 02:43:23,1.37
1953,1191,551.36,user 1191,Zara,2024-05-15 06:45:59,1.12
1954,392,244.03,user 392,Carrefour,2024-05-15 09:26:56,0.52
1955,187,649.23,user 187,Lidl,2024-05-15 11:03:20,1.11
1956,1089,1235.52,user 1089,Spotify,2024-05-15 13:53:20,2.76
1957,879,415.93,user 879,Lidl,2024-05-15 15:50:15,0.77
1958,347,466.04,user 347,Carrefour,2024-05-15 18:04:00,0.98
1959,1172,1060.4,user 1172,Deutsche Bahn,2024-05-15 19:17:00,2.13
1960,985,1223.46,user 985,Carrefour,2024-05-15 22:24:44,2.21
1961,877,1327.36,user 877,Spotify,2024-05-15 23:30:00,2.8
1962,1070,1305.59,user 1070,Carrefour,2024-05-16 00:22:07,2.43
1963,375,1177.56,user 375,Spotify,2024-05-16 01:57:59,2.32
1964,1240,52.29,user 1240,Uber,2024-05-16 08:33:32,0.11
1965,69,945.03,user 69,Zara,2024-05-16 08:34:46,1.98
1966,1163,393.31,user 1163,Spotify,2024-05-16 10:00:00,0.82
1967,658,679.67,user 658,Shell,2024-05-16 10:30:46,1.17
1968,2,475.01,user 2,IKEA,2024-05-16 14:36:25,0.86
1969,881,929.61,user 881,Amazon,2024-05-16 15:13:46,1.77
1970,521,368.31,user 521,Deutsche Bahn,2024-05-16 16:28:20,0.8
1971,951,970.46,user 951,Amazon,2024-05-16 17:08:04,1.89
1972,1091,560.12,user 1091,Decathlon,2024-05-16 20:08:30,1.23
1973,938,994.06,user 938,Spotify,2024-05-16 23:11:08,2.17
1974,691,259.56,user 691,Booking.com,2024-05-17 04:19:08,0.5
1975,42,1064.16,user 42,Zara,2024-05-17 07:53:51,2.25
1976,272,1020.55,user 272,Deutsche Bahn,2024-05-17 12:04:17,1.94
1977,643,226.29,user 643,Shell,2024-05-17 12:14:35,0.42
1978,1202,1388.06,user 1202,Deutsche Bahn,2024-05-17 15:33:18,2.96
1979,925,172.01,user 925,Apple,2024-05-17 22:02:41,0.34
1980,87,491.3,user 87,Apple,2024-05-18 02:45:01,0.92
1981,709,1210.56,user 709,Shell,2024-05-18 06:44:46,2.72
1982,728,462.51,user 728,Lidl,2024-05-18 11:23:28,1.03
1983,319,435.21,user 319,Zara,2024-05-18 15:55:44,0.91
1984,408,1063.9,user 408,Shell,2024-05-18 17:09:57,2.43
1985,1167,12.14,user 1167,Deutsche Bahn,2024-05-18 18:26:15,0.02
1986,915,1124.15,user 915,Zara,2024-05-18 21:35:03,2.16
1987,918,1336.37,user 918,Deutsche Bahn,2024-05-19 01:42:47,2.33
1988,1110,1116.75,user 1110,IKEA,2024-05-19 02:02:23,2.04
1989,460,649.21,user 460,IKEA,2024-05-19 08:43:24,1.3
1990,1144,619.56,user 1144,Uber,2024-05-19 08:52:09,1.21
1991,824,504.54,user 824,Spotify,2024-05-19 13:48:21,0.92
1992,94,864.44,user 94,Spotify,2024-05-19 17:43:04,1.49
1993,1165,356.22,user 1165,Decathlon,2024-05-19 18:19:04,0.71
1994,536,1022.82,user 536,Lidl,2024-05-19 19:45:22,1.75
1995,842,950.13,user 842,Amazon,2024-05-19 20:10:48,1.89
1996,357,478.84,user 357,Amazon,2024-05-20 08:01:02,1.1
1997,51,362.0,user 51,Booking.com,2024-05-20 08:01:05,0.81
1998,1093,856.04,user 1093,Carrefour,2024-05-20 09:24:39,1.94
1999,912,389.71,user 912,Deutsche Bahn,2024-05-20 10:29:33,0.74
2000,26,901.84,user 26,Deutsche Bahn,2024-05-20 20:00:05,1.9
2001,760,27.35,user 760,Shell,2024-05-20 23:27:18,0.06
2002,455,1249.63,user 455,Deutsche Bahn,2024-05-20 23:30:58,2.21
2003,351,593.98,user 351,Shell,2024-05-21 02:39:33,1.05
2004,693,1323.48,user 693,IKEA,2024-05-21 05:22:53,2.29
2005,1212,1290.41,user 1212,Spotify,2024-05-21 05:34:50,2.27
2006,1011,968.74,user 1011,Uber,2024-05-21 05:35:36,1.9
2007,192,1173.63,user 192,Booking.com,2024-05-21 05:43:36,2.68
2008,602,286.26,user 602,Decathlon,2024-05-21 06:25:45,0.54
2009,656,72.45,user 656,Decathlon,2024-05-21 10:53:07,0.13
2010,371,257.2,user 371,Uber,2024-05-21 13:33:33,0.52
2011,211,1229.19,user 211,Zara,2024-05-21 13:47:59,2.79
2012,394,276.7,user 394,Shell,2024-05-21 16:44:18,0.56
2013,1222,546.42,user 1222,Uber,2024-05-21 17:15:47,0.95
2014,691,1033.06,user 691,Shell,2024-05-21 20:05:14,1.8
2015,753,77.24,user 753,IKEA,2024-05-22 00:04:49,0.15
2016,1209,36.39,user 1209,Zara,2024-05-22 04:04:23,0.06
2017,970,293.66,user 970,IKEA,2024-05-22 04:45:07,0.53
2018,784,1364.26,user 784,Decathlon,2024-05-22 05:25:26,2.34
2019,116,1316.09,user 116,Zara,2024-05-22 08:34:10,2.43
2020,621,1155.7,user 621,Spotify,2024-05-22 08:58:10,2.19
2021,651,1138.52,user 651,Spotify,2024-05-22 11:59:32,1.99
2022,434,1156.67,user 434,Decathlon,2024-05-22 12:35:47,2.22
2023,751,378.45,user 751,Spotify,2024-05-22 12:47:37,0.83
2024,923,187.49,user 923,Uber,2024-05-22 17:44:03,0.4
2025,311,665.29,user 311,Carrefour,2024-05-23 00:40:12,1.16
2026,354,206.44,user 354,Lidl,2024-05-23 00:42:34,0.38
2027,781,194.21,user 781,Spotify,2024-05-23 02:07:24,0.44
2028,323,1130.73,user 323,Carrefour,2024-05-23 02:24:49,2.57
2029,979,703.03,user 979,Zara,2024-05-23 03:07:53,1.52
2030,225,669.46,user 225,Shell,2024-05-23 07:25:38,1.19
2031,776,673.89,user 776,Lidl,2024-05-23 07:31:44,1.27
2032,50,490.05,user 50,Zara,2024-05-23 08:05:19,1.1
2033,1174,451.15,user 1174,Booking.com,2024-05-23 12:01:28,0.86
2034,83,444.67,user 83,Uber,2024-05-23 17:29:08,0.81
2035,311,439.04,user 311,Shell,2024-05-23 18:39:27,0.86
2036,250,331.95,user 250,Uber,2024-05-23 22:36:16,0.59
2037,102,1364.43,user 102,Lidl,2024-05-24 00:29:44,2.55
2038,60,1211.84,user 60,Amazon,2024-05-24 01:38:02,2.74
2039,25,640.74,user 25,Deutsche Bahn,2024-05-24 03:33:41,1.29
2040,316,585.28,user 316,Decathlon,2024-05-24 06:05:33,1.12
2041,469,419.62,user 469,Carrefour,2024-05-24 06:31:21,0.83
2042,611,809.87,user 611,Lidl,2024-05-24 06:35:14,1.8
2043,271,841.54,user 271,Decathlon,2024-05-24 10:47:11,1.9
2044,216,649.74,user 216,Shell,2024-05-24 15:26:44,1.15
2045,121,456.71,user 121,Zara,2024-05-24 16:38:13,0.91
2046,1251,85.69,user 1251,Spotify,2024-05-24 22:12:07,0.17
2047,264,791.26,user 264,Apple,2024-05-25 02:21:54,1.51
2048,508,1132.93,user 508,IKEA,2024-05-25 06:34:36,2.37
2049,582,1075.67,user 582,Amazon,2024-05-25 06:55:30,2.3
2050,1133,336.82,user 1133,Deutsche Bahn,2024-05-25 07:53:44,0.75
2051,845,918.17,user 845,Shell,2024-05-25 10:47:35,1.81
2052,204,499.89,user 204,Booking.com,2024-05-25 12:31:08,1.09
2053,239,1272.95,user 239,Spotify,2024-05-25 13:06:06,2.73
2054,248,804.21,user 248,Uber,2024-05-25 17:00:56,1.51
2055,973,532.31,user 973,Deutsche Bahn,2024-05-26 03:37:46,1.11
2056,1055,1195.53,user 1055,Lidl,2024-05-26 04:51:46,2.19
2057,891,792.97,user 891,Spotify,2024-05-26 05:11:29,1.41
2058,973,819.03,user 973,Shell,2024-05-26 06:08:44,1.78
2059,949,395.08,user 949,Decathlon,2024-05-26 09:00:02,0.83
2060,406,687.66,user 406,Carrefour,2024-05-26 10:54:25,1.4
2061,121,951.64,user 121,Zara,2024-05-26 13:29:58,1.67
2062,625,278.89,user 625,Apple,2024-05-26 15:42:22,0.63
2063,231,1317.43,user 231,Uber,2024-05-26 17:46:47,2.4
2064,32,1228.2,user 32,Shell,2024-05-26 19:43:18,2.75
2065,714,501.73,user 714,IKEA,2024-05-27 01:12:37,0.95
2066,360,1019.81,user 360,Amazon,2024-05-27 02:06:28,2.14
2067,1039,853.14,user 1039,Shell,2024-05-27 04:53:40,1.89
2068,746,1229.02,user 746,Zara,2024-05-27 06:55:17,2.62
2069,588,324.02,user 588,Deutsche Bahn,2024-05-27 08:56:48,0.69
2070,994,1336.25,user 994,Uber,2024-05-27 10:25:14,2.69
2071,357,186.56,user 357,Uber,2024-05-27 10:43:43,0.37
2072,74,250.14,user 74,Lidl,2024-05-27 11:53:25,0.45
2073,89,986.06,user 89,IKEA,2024-05-27 12:31:34,1.82
2074,1093,580.8,user 1093,Decathlon,2024-05-27 16:09:46,1.27
2075,472,1008.15,user 472,IKEA,2024-05-27 17:32:25,2.3
2076,172,1137.81,user 172,Decathlon,2024-05-27 19:21:16,2.31
2077,1226,1312.07,user 1226,Spotify,2024-05-28 00:24:10,2.99
2078,524,1384.77,user 524,Zara,2024-05-28 04:35:44,2.99
2079,1114,1087.3,user 1114,Deutsche Bahn,2024-05-28 06:01:04,2.14
2080,582,1003.5,user 582,Amazon,2024-05-28 08:11:47,2.07
2081,1128,1308.19,user 1128,Lidl,2024-05-28 08:23:29,2.55
2082,960,1343.72,user 960,IKEA,2024-05-28 11:08:05,2.77
2083,1002,635.92,user 1002,Amazon,2024-05-28 15:05:22,1.08
2084,607,1297.64,user 607,Spotify,2024-05-28 17:10:21,2.94
2085,369,239.73,user 369,Spotify,2024-05-28 17:13:30,0.43
2086,135,602.81,user 135,Booking.com,2024-05-28 18:23:23,1.25
2087,871,39.89,user 871,Uber,2024-05-28 23:49:12,0.09
2088,219,703.15,user 219,Apple,2024-05-29 01:15:03,1.31
2089,322,470.12,user 322,Zara,2024-05-29 11:31:34,0.91
2090,710,137.98,user 710,Deutsche Bahn,2024-05-30 02:05:11,0.25
2091,281,473.63,user 281,Amazon,2024-05-30 02:35:25,0.89
2092,860,175.63,user 860,Lidl,2024-05-30 02:42:20,0.34
2093,910,752.09,user 910,Decathlon,2024-05-30 04:26:31,1.34
2094,483,957.88,user 483,Deutsche Bahn,2024-05-30 06:04:00,1.89
2095,141,1279.46,user 141,Decathlon,2024-05-30 10:37:40,2.29
2096,530,783.69,user 530,Carrefour,2024-05-30 15:49:41,1.65
2097,1085,1135.66,user 1085,Booking.com,2024-05-30 18:58:33,2.35
2098,12,791.91,user 12,Decathlon,2024-05-30 23:07:35,1.45
2099,808,348.55,user 808,Apple,2024-05-30 23:45:02,0.77
2100,654,271.32,user 654,Apple,2024-05-31 01:39:31,0.58
2101,1043,143.4,user 1043,Uber,2024-05-31 04:47:20,0.27
2102,1156,569.06,user 1156,Amazon,2024-05-31 05:31:13,1.21
2103,195,1218.2,user 195,Decathlon,2024-05-31 06:22:53,2.8
2104,753,1357.32,user 753,Booking.com,2024-05-31 07:50:55,3.04
2105,885,1268.8,user 885,Spotify,2024-05-31 10:58:56,2.74
2106,717,1357.49,user 717,Apple,2024-05-31 20:11:33,2.79
2107,1228,1058.6,user 1228,IKEA,2024-05-31 21:34:40,2.33
2108,1135,570.82,user 1135,Deutsche Bahn,2024-05-31 22:38:53,1.03
2109,1157,1036.57,user 1157,Decathlon,2024-05-31 23:26:48,2.23
2110,476,1304.16,user 476,IKEA,2024-06-01 01:07:36,2.85
2111,453,1278.81,user 453,Deutsche Bahn,2024-06-01 02:08:01,2.51
2112,1023,94.28,user 1023,IKEA,2024-06-01 03:59:34,0.2
2113,21,77.14,user 21,IKEA,2024-06-01 05:52:40,0.17
2114,386,749.35,user 386,Booking.com,2024-06-01 05:53:13,1.29
2115,473,1222.98,user 473,Decathlon,2024-06-01 05:55:03,2.14
2116,622,64.58,user 622,Lidl,2024-06-01 16:10:45,0.12
2117,124,288.76,user 124,Zara,2024-06-01 18:03:39,0.65
2118,602,1146.68,user 602,Deutsche Bahn,2024-06-01 23:56:07,2.05
2119,85,601.99,user 85,Uber,2024-06-02 04:59:59,1.29
2120,576,714.43,user 576,IKEA,2024-06-02 08:00:40,1.33
2121,1023,259.39,user 1023,Carrefour,2024-06-02 10:21:24,0.47
2122,119,797.1,user 119,Spotify,2024-06-02 16:34:39,1.58
2123,935,486.89,user 935,Decathlon,2024-06-02 21:37:54,0.88
2124,391,273.04,user 391,Uber,2024-06-02 21:51:20,0.49
2125,1188,1087.98,user 1188,IKEA,2024-06-02 23:01:46,2.1
2126,860,316.12,user 860,IKEA,2024-06-02 23:14:59,0.71
2127,947,963.59,user 947,Lidl,2024-06-03 00:02:09,2.05
2128,590,729.49,user 590,Decathlon,2024-06-03 04:35:21,1.48
2129,932,887.59,user 932,Shell,2024-06-03 08:37:14,2.04
2130,1008,620.03,user 1008,Deutsche Bahn,2024-06-03 08:48:25,1.35
2131,110,1051.23,user 110,Deutsche Bahn,2024-06-03 10:48:51,1.81
2132,941,1062.88,user 941,Decathlon,2024-06-03 14:06:31,2.15
2133,567,914.33,user 567,Deutsche Bahn,2024-06-03 20:57:04,1.59
2134,382,237.9,user 382,Zara,2024-06-03 21:13:09,0.41
2135,856,189.95,user 856,Carrefour,2024-06-04 00:20:35,0.43
2136,937,527.65,user 937,Uber,2024-06-04 00:32:18,0.97
2137,309,1338.62,user 309,Apple,2024-06-04 02:56:20,2.3
2138,257,362.03,user 257,Booking.com,2024-06-04 03:29:45,0.63
2139,382,580.91,user 382,Carrefour,2024-06-04 03:31:57,1.1
2140,668,1058.98,user 668,IKEA,2024-06-04 05:41:16,2.25
2141,211,658.63,user 211,Carrefour,2024-06-04 07:22:20,1.25
2142,1155,1215.31,user 1155,Uber,2024-06-04 07:28:31,2.34
2143,378,631.46,user 378,Booking.com,2024-06-04 11:08:51,1.41
2144,99,1062.19,user 99,Decathlon,2024-06-04 12:18:27,2.31
2145,486,129.93,user 486,Carrefour,2024-06-04 17:02:20,0.26
2146,623,91.57,user 623,Booking.com,2024-06-04 19:04:55,0.17
2147,129,1208.07,user 129,Zara,2024-06-04 22:21:53,2.62
2148,1128,235.26,user 1128,Uber,2024-06-04 23:39:32,0.41
2149,286,1166.98,user 286,Carrefour,2024-06-05 00:07:21,1.99
2150,514,965.68,user 514,Apple,2024-06-05 05:20:09,1.82
2151,121,1290.48,user 121,Apple,2024-06-05 08:06:56,2.43
2152,470,211.29,user 470,Zara,2024-06-05 09:23:23,0.39
2153,257,582.58,user 257,Spotify,2024-06-05 18:24:03,1.28
2154,320,1030.02,user 320,Decathlon,2024-06-05 21:24:48,2.01
2155,65,664.66,user 65,Deutsche Bahn,2024-06-05 23:03:53,1.3
2156,198,375.78,user 198,Amazon,2024-06-06 02:23:31,0.8
2157,1043,35.18,user 1043,Zara,2024-06-06 03:53:49,0.08
2158,1122,294.17,user 1122,Uber,2024-06-06 06:52:00,0.61
2159,442,244.93,user 442,Amazon,2024-06-06 08:43:02,0.49
2160,276,327.3,user 276,Shell,2024-06-06 14:14:16,0.59
2161,1007,1218.17,user 1007,Zara,2024-06-06 16:03:31,2.34
2162,237,679.11,user 237,IKEA,2024-06-06 18:33:39,1.53
2163,614,532.66,user 614,Apple,2024-06-06 18:34:03,1.12
2164,76,947.03,user 76,Apple,2024-06-06 22:01:58,1.69
2165,320,505.82,user 320,Zara,2024-06-07 01:37:35,1.16
2166,550,1055.41,user 550,Deutsche Bahn,2024-06-07 01:47:09,2.39
2167,1142,295.55,user 1142,Zara,2024-06-07 01:59:09,0.6
2168,784,69.6,user 784,Uber,2024-06-07 02:01:13,0.15
2169,543,1214.23,user 543,Lidl,2024-06-07 02:27:08,2.43
2170,298,483.14,user 298,Uber,2024-06-07 02:44:50,0.99
2171,1051,1039.64,user 1051,Spotify,2024-06-07 05:44:09,2.38
2172,1077,429.24,user 1077,Shell,2024-06-07 06:04:40,0.97
2173,455,1364.73,user 455,Shell,2024-06-07 07:10:26,2.84
2174,1240,1134.36,user 1240,Spotify,2024-06-07 10:40:16,2.02
2175,788,781.95,user 788,Apple,2024-06-07 12:51:49,1.48
2176,415,422.4,user 415,Carrefour,2024-06-07 14:10:44,0.83
2177,670,1244.15,user 670,Decathlon,2024-06-07 14:41:49,2.18
2178,829,331.71,user 829,Booking.com,2024-06-07 15:35:27,0.6
2179,266,943.7,user 266,Zara,2024-06-07 17:42:15,1.98
2180,1004,1033.95,user 1004,Carrefour,2024-06-08 01:46:02,2.35
2181,1127,371.78,user 1127,Zara,2024-06-08 04:20:19,0.8
2182,128,1274.79,user 128,Uber,2024-06-08 07:09:35,2.58
2183,93,778.65,user 93,Booking.com,2024-06-08 12:37:54,1.67
2184,542,1064.49,user 542,Uber,2024-06-08 15:54:53,2.33
2185,1302,871.1,user 1302,Decathlon,2024-06-08 18:17:49,1.61
2186,1156,374.25,user 1156,Spotify,2024-06-08 19:07:44,0.81
2187,601,933.73,user 601,Decathlon,2024-06-08 20:11:59,1.85
2188,9,334.4,user 9,Lidl,2024-06-08 22:33:17,0.66
2189,319,357.87,user 319,Apple,2024-06-08 23:22:37,0.74
2190,1172,555.51,user 1172,Spotify,2024-06-09 00:42:03,1.04
2191,1222,290.08,user 1222,Amazon,2024-06-09 01:06:54,0.57
2192,590,261.11,user 590,Booking.com,2024-06-09 09:18:46,0.52
2193,1280,1154.39,user 1280,Lidl,2024-06-09 12:24:54,2.44
2194,1330,763.55,user 1330,Amazon,2024-06-09 18:39:28,1.39
2195,547,181.13,user 547,Lidl,2024-06-09 20:29:17,0.37
2196,124,1268.49,user 124,Amazon,2024-06-09 21:20:50,2.25
2197,1151,308.2,user 1151,IKEA,2024-06-09 21:36:13,0.62
2198,548,1095.27,user 548,Shell,2024-06-10 06:41:56,2.05
2199,763,269.0,user 763,IKEA,2024-06-10 09:54:27,0.51
2200,413,1246.71,user 413,Lidl,2024-06-10 11:27:57,2.82
2201,174,471.19,user 174,Booking.com,2024-06-10 12:00:51,1.07
2202,53,402.12,user 53,Decathlon,2024-06-10 20:56:44,0.82
2203,252,1174.82,user 252,Shell,2024-06-11 03:02:39,2.58
2204,445,1253.19,user 445,IKEA,2024-06-11 04:27:58,2.28
2205,455,881.31,user 455,Apple,2024-06-11 07:46:47,1.59
2206,1207,663.09,user 1207,Deutsche Bahn,2024-06-11 08:30:55,1.24
2207,1304,754.79,user 1304,Lidl,2024-06-11 09:48:12,1.41
2208,90,1283.01,user 90,Shell,2024-06-11 10:57:50,2.89
2209,166,923.94,user 166,Deutsche Bahn,2024-06-11 13:14:24,1.85
2210,109,112.07,user 109,Decathlon,2024-06-11 17:01:57,0.19
2211,913,796.93,user 913,Deutsche Bahn,2024-06-11 17:58:23,1.8
2212,103,649.42,user 103,Amazon,2024-06-11 18:18:40,1.18
2213,1341,826.67,user 1341,Lidl,2024-06-11 20:14:48,1.84
2214,718,568.12,user 718,Lidl,2024-06-11 20:57:34,1.09
2215,273,885.19,user 273,Decathlon,2024-06-11 23:48:45,1.57
2216,264,1250.01,user 264,Deutsche Bahn,2024-06-12 01:26:13,2.58
2217,822,702.96,user 822,Lidl,2024-06-12 06:18:58,1.46
2218,364,210.28,user 364,Amazon,2024-06-12 07:40:52,0.4
2219,1335,866.08,user 1335,Spotify,2024-06-12 09:13:08,1.61
2220,713,981.76,user 713,Apple,2024-06-12 11:50:03,2.04
2221,416,1259.04,user 416,Booking.com,2024-06-12 13:52:57,2.53
2222,413,564.25,user 413,IKEA,2024-06-12 14:44:20,1.05
2223,372,1350.15,user 372,Deutsche Bahn,2024-06-12 17:48:35,2.38
2224,430,1395.9,user 430,Carrefour,2024-06-12 19:45:31,2.44
2225,620,1266.19,user 620,Deutsche Bahn,2024-06-12 20:34:01,2.84
2226,1139,1393.88,user 1139,Deutsche Bahn,2024-06-13 00:26:16,2.83
2227,712,1315.74,user 712,Uber,2024-06-13 02:06:43,2.49
2228,1104,169.88,user 1104,IKEA,2024-06-13 02:09:36,0.36
2229,1045,230.42,user 1045,Zara,2024-06-13 02:47:46,0.51
2230,1168,34.39,user 1168,Carrefour,2024-06-13 04:19:41,0.06
2231,105,1235.74,user 105,Carrefour,2024-06-13 12:22:16,2.44
2232,199,410.88,user 199,Spotify,2024-06-13 12:34:27,0.94
2233,659,897.38,user 659,Apple,2024-06-13 17:02:49,1.59
2234,232,756.59,user 232,Deutsche Bahn,2024-06-13 18:24:07,1.59
2235,1085,68.32,user 1085,Uber,2024-06-13 22:40:34,0.15
2236,926,68.97,user 926,Decathlon,2024-06-14 03:03:21,0.15
2237,785,1008.37,user 785,Decathlon,2024-06-14 08:55:17,2.12
2238,128,1274.67,user 128,Amazon,2024-06-14 09:11:50,2.56
2239,745,828.29,user 745,Amazon,2024-06-14 09:17:27,1.83
2240,1098,219.5,user 1098,Apple,2024-06-14 12:55:06,0.43
2241,13,429.28,user 13,Uber,2024-06-14 18:15:42,0.83
2242,462,1214.39,user 462,Uber,2024-06-14 20:17:37,2.49
2243,1083,616.83,user 1083,Booking.com,2024-06-14 21:46:53,1.27
2244,1032,176.08,user 1032,Carrefour,2024-06-15 03:25:50,0.4
2245,97,139.95,user 97,Lidl,2024-06-15 05:54:14,0.25
2246,253,899.05,user 253,IKEA,2024-06-15 07:25:03,1.64
2247,383,761.94,user 383,Carrefour,2024-06-15 08:33:26,1.47
2248,1085,523.56,user 1085,IKEA,2024-06-15 14:39:47,1.18
2249,183,346.97,user 183,Zara,2024-06-15 15:19:30,0.69
2250,691,448.43,user 691,Shell,2024-06-15 17:09:53,0.89
2251,89,1048.54,user 89,IKEA,2024-06-15 19:09:47,2.21
2252,1234,674.83,user 1234,Lidl,2024-06-15 22:06:56,1.27
2253,1090,878.91,user 1090,Decathlon,2024-06-15 23:36:14,1.62
2254,929,650.64,user 929,Spotify,2024-06-16 10:03:47,1.12
2255,253,182.36,user 253,Apple,2024-06-16 12:19:04,0.32
2256,1016,865.05,user 1016,Decathlon,2024-06-16 16:08:41,1.71
2257,102,915.36,user 102,Lidl,2024-06-16 16:35:17,1.7
2258,321,202.89,user 321,Deutsche Bahn,2024-06-16 22:16:14,0.41
2259,559,1357.69,user 559,Amazon,2024-06-17 00:27:15,2.48
2260,994,936.2,user 994,Spotify,2024-06-17 03:02:40,1.73
2261,1099,1305.92,user 1099,Uber,2024-06-17 06:02:25,2.8
2262,1158,1359.53,user 1158,Deutsche Bahn,2024-06-17 07:02:02,2.35
2263,629,1243.88,user 629,Shell,2024-06-17 08:29:45,2.28
2264,1272,516.96,user 1272,Amazon,2024-06-17 09:06:43,1.02
2265,717,819.72,user 717,Apple,2024-06-17 09:20:58,1.88
2266,1049,246.19,user 1049,Carrefour,2024-06-17 10:52:27,0.43
2267,959,85.22,user 959,Booking.com,2024-06-17 11:44:37,0.16
2268,204,1000.8,user 204,Spotify,2024-06-17 12:41:39,2.08
2269,18,590.01,user 18,Lidl,2024-06-17 14:12:02,1.08
2270,757,31.55,user 757,Zara,2024-06-17 15:00:12,0.06
2271,125,670.09,user 125,Spotify,2024-06-17 15:57:56,1.36
2272,452,347.24,user 452,Apple,2024-06-17 17:19:10,0.77
2273,736,1282.04,user 736,Amazon,2024-06-18 01:33:07,2.34
2274,329,1269.58,user 329,Booking.com,2024-06-18 03:24:06,2.37
2275,1139,612.51,user 1139,Deutsche Bahn,2024-06-18 06:09:52,1.13
2276,298,629.76,user 298,Uber,2024-06-18 07:00:50,1.36
2277,1135,88.98,user 1135,Booking.com,2024-06-18 07:26:18,0.18
2278,1040,1111.81,user 1040,IKEA,2024-06-18 10:32:25,2.38
2279,82,1376.05,user 82,Decathlon,2024-06-18 12:05:02,3.08
2280,220,1115.3,user 220,Shell,2024-06-18 14:15:44,2.25
2281,830,859.3,user 830,Apple,2024-06-18 14:54:56,1.7
2282,542,644.07,user 542,Amazon,2024-06-18 16:14:07,1.22
2283,147,165.16,user 147,Apple,2024-06-18 17:42:09,0.35
2284,669,137.85,user 669,Apple,2024-06-18 17:50:15,0.28
2285,191,454.04,user 191,Lidl,2024-06-18 20:56:42,1.0
2286,1335,1131.53,user 1335,Carrefour,2024-06-18 21:30:56,2.39
2287,359,1272.41,user 359,Deutsche Bahn,2024-06-18 22:21:11,2.42
2288,601,358.7,user 601,Booking.com,2024-06-18 23:15:31,0.75
2289,354,1341.31,user 354,Spotify,2024-06-19 00:36:15,2.48
2290,222,35.0,user 222,IKEA,2024-06-19 01:33:51,0.07
2291,24,686.81,user 24,Amazon,2024-06-19 05:56:35,1.38
2292,318,602.93,user 318,Booking.com,2024-06-19 09:44:22,1.2
2293,942,1014.11,user 942,Decathlon,2024-06-19 10:20:29,2.27
2294,818,353.72,user 818,Amazon,2024-06-19 13:11:34,0.68
2295,146,1011.72,user 146,Amazon,2024-06-19 13:21:50,2.02
2296,700,1150.35,user 700,Lidl,2024-06-19 15:20:52,2.14
2297,1032,435.55,user 1032,Zara,2024-06-19 17:28:53,0.84
2298,962,130.86,user 962,Deutsche Bahn,2024-06-19 23:24:21,0.29
2299,446,586.91,user 446,Apple,2024-06-20 00:51:55,1.26
2300,1213,24.8,user 1213,Amazon,2024-06-20 02:42:52,0.05
2301,880,1000.65,user 880,Uber,2024-06-20 04:52:22,1.75
2302,122,1188.74,user 122,Amazon,2024-06-20 12:26:09,2.67
2303,354,150.16,user 354,IKEA,2024-06-20 19:31:45,0.26
2304,702,586.05,user 702,Amazon,2024-06-20 22:57:06,1.0
2305,376,1054.18,user 376,Booking.com,2024-06-21 02:27:28,1.84
2306,1039,397.43,user 1039,Spotify,2024-06-21 04:18:14,0.78
2307,864,971.8,user 864,Uber,2024-06-21 13:10:54,2.01
2308,884,709.95,user 884,Shell,2024-06-21 13:35:16,1.36
2309,1167,1078.34,user 1167,Zara,2024-06-21 14:23:37,1.95
2310,1011,930.13,user 1011,IKEA,2024-06-21 20:20:33,2.09
2311,962,1175.88,user 962,Uber,2024-06-22 00:32:37,2.04
2312,710,446.43,user 710,Apple,2024-06-22 01:38:22,0.96
2313,68,96.07,user 68,Zara,2024-06-22 03:27:58,0.18
2314,709,451.48,user 709,Zara,2024-06-22 05:01:16,0.86
2315,863,1015.79,user 863,Apple,2024-06-22 10:37:51,1.96
2316,22,364.45,user 22,Amazon,2024-06-22 10:44:20,0.63
2317,761,834.34,user 761,Lidl,2024-06-22 13:05:20,1.52
2318,136,73.22,user 136,Deutsche Bahn,2024-06-22 15:36:32,0.17
2319,804,665.87,user 804,Apple,2024-06-22 16:16:38,1.17
2320,1110,157.91,user 1110,Lidl,2024-06-22 18:04:40,0.34
2321,356,205.98,user 356,Amazon,2024-06-22 19:46:17,0.36
2322,423,505.1,user 423,Amazon,2024-06-22 20:24:20,1.05
2323,243,700.1,user 243,Booking.com,2024-06-22 21:14:47,1.53
2324,670,154.87,user 670,Amazon,2024-06-22 22:40:27,0.33
2325,1264,1032.1,user 1264,Spotify,2024-06-23 01:39:43,2.23
2326,90,373.85,user 90,Shell,2024-06-23 02:25:58,0.66
2327,816,561.0,user 816,Spotify,2024-06-23 05:09:16,1.07
2328,391,693.78,user 391,Booking.com,2024-06-23 05:52:39,1.33
2329,197,57.04,user 197,Lidl,2024-06-23 10:26:05,0.12
2330,788,715.92,user 788,Zara,2024-06-23 12:44:37,1.28
2331,1221,1300.63,user 1221,Amazon,2024-06-23 13:28:22,2.68
2332,805,368.31,user 805,Uber,2024-06-23 13:35:20,0.84
2333,376,833.66,user 376,Carrefour,2024-06-23 14:56:04,1.79
2334,813,743.44,user 813,Zara,2024-06-23 15:51:38,1.27
2335,96,1242.76,user 96,Amazon,2024-06-23 18:59:27,2.58
2336,422,165.04,user 422,Lidl,2024-06-23 23:52:51,0.31
2337,155,1373.01,user 155,Lidl,2024-06-24 01:18:02,2.73
2338,1011,989.26,user 1011,Decathlon,2024-06-24 01:28:22,1.9
2339,50,223.34,user 50,Lidl,2024-06-24 03:59:11,0.43
2340,756,810.93,user 756,Zara,2024-06-24 11:06:09,1.74
2341,972,620.5,user 972,Decathlon,2024-06-24 11:40:24,1.09
2342,157,1120.96,user 157,Amazon,2024-06-24 13:30:44,2.47
2343,648,147.58,user 648,Lidl,2024-06-24 14:08:56,0.31
2344,253,1289.72,user 253,Shell,2024-06-24 15:07:28,2.54
2345,1215,1144.04,user 1215,Shell,2024-06-24 16:59:34,2.09
2346,1123,1366.56,user 1123,Lidl,2024-06-24 17:09:33,3.03
2347,668,696.99,user 668,IKEA,2024-06-24 18:55:50,1.24
2348,864,1222.83,user 864,Amazon,2024-06-24 20:47:20,2.5
2349,855,576.31,user 855,Lidl,2024-06-24 21:16:02,1.1
2350,246,656.78,user 246,Booking.com,2024-06-24 21:58:08,1.42
2351,457,1141.34,user 457,Zara,2024-06-25 00:05:48,2.17
2352,1069,695.9,user 1069,Spotify,2024-06-25 00:35:49,1.47
2353,1109,861.94,user 1109,Shell,2024-06-25 02:03:54,1.51
2354,167,913.94,user 167,Amazon,2024-06-25 06:22:28,2.02
2355,1346,1339.97,user 1346,Apple,2024-06-25 09:21:05,2.35
2356,67,175.13,user 67,Zara,2024-06-25 13:12:48,0.36
2357,1214,390.98,user 1214,Booking.com,2024-06-25 18:18:45,0.8
2358,662,732.34,user 662,Carrefour,2024-06-25 21:43:48,1.61
2359,797,1320.5,user 797,Lidl,2024-06-25 22:45:34,2.68
2360,436,1093.93,user 436,Amazon,2024-06-26 02:32:35,2.23
2361,585,41.7,user 585,Apple,2024-06-26 11:48:21,0.08
2362,735,71.49,user 735,Spotify,2024-06-26 17:38:13,0.12
2363,807,1255.13,user 807,Booking.com,2024-06-26 17:43:26,2.59
2364,198,1141.81,user 198,Shell,2024-06-26 18:07:27,2.28
2365,133,628.06,user 133,Booking.com,2024-06-26 20:57:36,1.38
2366,88,898.62,user 88,Lidl,2024-06-27 05:18:29,1.75
2367,649,595.93,user 649,IKEA,2024-06-27 07:51:21,1.06
2368,882,398.78,user 882,Decathlon,2024-06-27 08:23:54,0.84
2369,2,1112.18,user 2,Spotify,2024-06-27 08:27:16,1.95
2370,339,435.43,user 339,Amazon,2024-06-27 15:24:32,0.78
2371,1,561.81,user 1,Carrefour,2024-06-27 20:33:50,1.12
2372,869,1180.54,user 869,IKEA,2024-06-27 23:12:21,2.06
2373,1096,1375.11,user 1096,Shell,2024-06-28 01:05:53,2.92
2374,1198,423.92,user 1198,Carrefour,2024-06-28 10:07:17,0.76
2375,945,812.94,user 945,Apple,2024-06-28 14:33:14,1.77
2376,77,551.84,user 77,Zara,2024-06-28 18:31:42,0.97
2377,326,52.16,user 326,Shell,2024-06-29 03:16:16,0.09
2378,524,1399.2,user 524,Deutsche Bahn,2024-06-29 04:34:21,2.56
2379,111,744.9,user 111,Spotify,2024-06-29 04:50:44,1.69
2380,305,688.02,user 305,Shell,2024-06-29 05:00:50,1.19
2381,747,678.03,user 747,Uber,2024-06-29 05:19:52,1.22
2382,615,397.84,user 615,Carrefour,2024-06-29 06:27:33,0.86
2383,372,1116.09,user 372,Lidl,2024-06-30 07:28:06,2.07
2384,1344,880.69,user 1344,Decathlon,2024-06-30 08:34:58,1.74
2385,645,1025.02,user 645,Apple,2024-06-30 09:03:32,2.05
2386,100,179.59,user 100,Deutsche Bahn,2024-06-30 11:57:49,0.38
2387,392,907.63,user 392,Uber,2024-06-30 13:04:08,2.01
2388,218,386.4,user 218,Apple,2024-06-30 13:51:07,0.78
2389,477,289.32,user 477,IKEA,2024-06-30 13:54:00,0.65
2390,1264,14.26,user 1264,Uber,2024-06-30 14:53:25,0.03
2391,161,207.09,user 161,Booking.com,2024-06-30 18:44:47,0.43
2392,746,93.1,user 746,IKEA,2024-06-30 19:26:14,0.2
2393,371,804.1,user 371,Amazon,2024-06-30 21:02:09,1.53
2394,1059,556.66,user 1059,Lidl,2024-06-30 22:50:54,1.03
2395,759,872.44,user 759,Decathlon,2024-07-01 01:08:30,1.54
2396,330,671.97,user 330,IKEA,2024-07-01 01:26:30,1.43
2397,244,1108.28,user 244,Amazon,2024-07-01 02:48:18,2.54
2398,413,45.0,user 413,Lidl,2024-07-01 05:13:33,0.09
2399,1012,587.93,user 1012,Booking.com,2024-07-01 08:45:35,1.31
2400,909,424.35,user 909,Decathlon,2024-07-01 14:19:41,0.86
2401,723,1244.44,user 723,Zara,2024-07-01 16:02:46,2.43
2402,823,790.47,user 823,Zara,2024-07-01 16:54:17,1.63
2403,722,771.7,user 722,Shell,2024-07-01 18:58:32,1.68
2404,488,1061.83,user 488,Decathlon,2024-07-01 22:31:35,2.02
2405,536,1333.01,user 536,Lidl,2024-07-01 23:46:41,2.54
2406,1446,1204.32,user 1446,Carrefour,2024-07-02 05:49:01,2.64
2407,1259,738.77,user 1259,Zara,2024-07-02 06:45:20,1.65
2408,1160,1201.19,user 1160,Apple,2024-07-02 10:28:59,2.73
2409,1315,1277.09,user 1315,Booking.com,2024-07-02 10:40:34,2.41
2410,433,282.55,user 433,Uber,2024-07-02 15:19:24,0.61
2411,495,433.5,user 495,IKEA,2024-07-02 16:25:14,0.93
2412,1253,1090.35,user 1253,Shell,2024-07-02 20:03:05,2.4
2413,7,1098.84,user 7,Apple,2024-07-02 21:04:17,2.11
2414,1285,36.7,user 1285,Booking.com,2024-07-02 21:04:27,0.07
2415,1165,840.68,user 1165,Uber,2024-07-02 23:20:35,1.83
2416,1036,396.58,user 1036,Booking.com,2024-07-03 00:02:53,0.68
2417,1279,529.55,user 1279,Lidl,2024-07-03 00:23:05,1.01
2418,182,1328.24,user 182,Booking.com,2024-07-03 04:22:15,2.82
2419,753,1079.56,user 753,IKEA,2024-07-03 04:28:02,2.2
2420,1031,909.44,user 1031,Spotify,2024-07-03 05:00:06,2.09
2421,227,1074.51,user 227,IKEA,2024-07-03 06:03:43,2.16
2422,350,1085.65,user 350,Shell,2024-07-03 06:50:56,2.36
2423,1240,571.04,user 1240,IKEA,2024-07-03 07:45:52,1.3
2424,1436,515.76,user 1436,Apple,2024-07-03 10:05:56,0.89
2425,153,141.68,user 153,Amazon,2024-07-03 11:15:30,0.28
2426,624,1263.71,user 624,IKEA,2024-07-03 15:05:04,2.45
2427,102,779.04,user 102,Decathlon,2024-07-03 18:11:04,1.69
2428,1376,1032.7,user 1376,Lidl,2024-07-03 18:55:45,1.9
2429,545,432.02,user 545,Zara,2024-07-03 21:12:40,0.99
2430,397,1322.36,user 397,Amazon,2024-07-03 21:50:57,2.64
2431,185,251.86,user 185,Amazon,2024-07-04 00:33:56,0.5
2432,836,1290.02,user 836,IKEA,2024-07-04 00:34:53,2.47
2433,1256,289.15,user 1256,Decathlon,2024-07-04 00:45:32,0.57
2434,1236,526.15,user 1236,Apple,2024-07-04 03:31:10,0.9
2435,1132,552.09,user 1132,Booking.com,2024-07-04 06:00:10,0.96
2436,719,1199.74,user 719,Shell,2024-07-04 08:12:10,2.11
2437,640,709.66,user 640,Spotify,2024-07-04 11:43:37,1.44
2438,406,114.19,user 406,Booking.com,2024-07-04 19:35:34,0.21
2439,541,641.55,user 541,Deutsche Bahn,2024-07-04 22:16:27,1.4
2440,422,766.24,user 422,Spotify,2024-07-05 03:05:46,1.4
2441,708,411.04,user 708,Apple,2024-07-05 04:20:54,0.94
2442,572,1281.97,user 572,Decathlon,2024-07-05 08:28:12,2.48
2443,937,350.8,user 937,Amazon,2024-07-05 09:37:39,0.75
2444,279,373.5,user 279,Booking.com,2024-07-05 13:14:49,0.69
2445,465,30.45,user 465,Booking.com,2024-07-05 15:18:51,0.07
2446,291,539.13,user 291,Uber,2024-07-05 15:48:43,0.99
2447,82,660.28,user 82,Carrefour,2024-07-05 16:33:58,1.42
2448,176,223.14,user 176,Apple,2024-07-05 18:00:42,0.44
2449,1012,717.78,user 1012,Apple,2024-07-05 23:39:53,1.29
2450,647,327.14,user 647,Deutsche Bahn,2024-07-06 01:40:25,0.58
2451,1185,27.28,user 1185,Booking.com,2024-07-06 07:02:09,0.06
2452,1338,832.12,user 1338,Decathlon,2024-07-06 07:07:48,1.68
2453,270,1362.79,user 270,Uber,2024-07-06 07:20:10,2.43
2454,731,1332.76,user 731,Carrefour,2024-07-06 07:32:48,2.6
2455,913,763.16,user 913,Carrefour,2024-07-06 09:52:28,1.52
2456,788,1179.51,user 788,Spotify,2024-07-06 11:26:35,2.45
2457,372,1394.14,user 372,Spotify,2024-07-06 13:31:20,2.45
2458,974,874.32,user 974,Carrefour,2024-07-06 13:48:40,1.56
2459,886,777.78,user 886,Decathlon,2024-07-06 14:31:07,1.57
2460,203,456.72,user 203,IKEA,2024-07-06 14:35:50,0.97
2461,1078,1124.4,user 1078,Lidl,2024-07-06 14:49:06,2.04
2462,921,1270.97,user 921,Zara,2024-07-06 16:24:54,2.46
2463,712,732.88,user 712,Carrefour,2024-07-06 19:11:38,1.47
2464,1202,442.03,user 1202,Apple,2024-07-06 20:05:26,1.0
2465,486,1164.46,user 486,Booking.com,2024-07-07 00:03:28,2.35
2466,553,971.19,user 553,Shell,2024-07-07 02:32:41,1.69
2467,1060,113.37,user 1060,Uber,2024-07-07 02:35:50,0.24
2468,533,990.48,user 533,Amazon,2024-07-07 04:24:57,2.02
2469,1129,976.28,user 1129,Decathlon,2024-07-07 09:45:25,2.16
2470,573,833.38,user 573,Amazon,2024-07-07 11:51:48,1.59
2471,915,1028.21,user 915,Decathlon,2024-07-07 17:02:02,1.9
2472,378,1110.38,user 378,Amazon,2024-07-07 21:40:20,2.3
2473,535,939.73,user 535,Uber,2024-07-07 23:15:09,1.95
2474,542,1019.93,user 542,Booking.com,2024-07-08 00:21:35,2.27
2475,1225,1173.35,user 1225,Carrefour,2024-07-08 03:37:27,2.47
2476,983,233.26,user 983,Deutsche Bahn,2024-07-08 04:07:41,0.42
2477,968,143.26,user 968,Shell,2024-07-08 06:33:48,0.27
2478,782,1315.7,user 782,Lidl,2024-07-08 12:09:35,2.92
2479,1267,1226.89,user 1267,Booking.com,2024-07-08 14:43:26,2.69
2480,568,167.62,user 568,Zara,2024-07-09 06:25:56,0.32
2481,350,1125.99,user 350,Apple,2024-07-09 10:04:31,2.1
2482,1075,1083.55,user 1075,Lidl,2024-07-09 10:11:45,2.42
2483,793,287.97,user 793,Lidl,2024-07-09 16:11:06,0.64
2484,800,267.37,user 800,Zara,2024-07-09 17:52:38,0.58
2485,527,981.95,user 527,Carrefour,2024-07-09 21:50:14,1.96
2486,605,274.61,user 605,Booking.com,2024-07-10 00:19:25,0.6
2487,416,97.84,user 416,Carrefour,2024-07-10 03:03:09,0.2
2488,96,15.34,user 96,Lidl,2024-07-10 03:13:16,0.03
2489,752,556.36,user 752,Carrefour,2024-07-10 03:36:46,1.14
2490,722,1052.21,user 722,Booking.com,2024-07-10 04:02:19,2.29
2491,1189,1225.95,user 1189,Uber,2024-07-10 09:07:13,2.46
2492,616,1206.85,user 616,Zara,2024-07-10 12:32:59,2.68
2493,1257,809.57,user 1257,Carrefour,2024-07-10 14:12:07,1.63
2494,611,1396.37,user 611,Apple,2024-07-10 16:16:18,2.74
2495,761,1035.56,user 761,Spotify,2024-07-10 17:05:41,2.2
2496,471,745.21,user 471,Zara,2024-07-10 17:51:41,1.59
2497,655,787.09,user 655,Zara,2024-07-10 19:25:25,1.52
2498,1275,227.06,user 1275,Booking.com,2024-07-10 19:39:08,0.5
2499,396,747.31,user 396,Uber,2024-07-10 20:10:53,1.69
2500,1219,544.69,user 1219,Booking.com,2024-07-10 23:02:24,1.07
2501,787,1213.69,user 787,Lidl,2024-07-11 17:35:21,2.47
2502,481,792.68,user 481,Shell,2024-07-11 20:19:41,1.71
2503,628,1185.85,user 628,Zara,2024-07-11 21:31:16,2.62
2504,733,835.87,user 733,Carrefour,2024-07-11 23:26:09,1.65
2505,845,1226.9,user 845,Uber,2024-07-12 03:35:29,2.78
2506,835,748.78,user 835,Apple,2024-07-12 05:37:13,1.37
2507,627,868.26,user 627,Uber,2024-07-12 05:39:59,1.63
2508,55,378.3,user 55,Spotify,2024-07-12 10:25:51,0.78
2509,943,188.29,user 943,Zara,2024-07-12 11:04:56,0.42
2510,797,655.63,user 797,Amazon,2024-07-12 12:33:54,1.15
2511,1433,402.22,user 1433,Uber,2024-07-12 16:25:04,0.92
2512,312,338.29,user 312,Apple,2024-07-12 18:36:09,0.59
2513,519,878.9,user 519,Deutsche Bahn,2024-07-12 19:02:11,1.51
2514,766,882.13,user 766,Uber,2024-07-13 00:59:48,1.68
2515,1449,295.3,user 1449,Spotify,2024-07-13 03:08:45,0.51
2516,963,1208.25,user 963,Apple,2024-07-13 04:27:29,2.43
2517,707,1381.1,user 707,Amazon,2024-07-13 10:13:12,3.02
2518,1220,24.66,user 1220,Amazon,2024-07-13 11:43:12,0.05
2519,209,903.07,user 209,Spotify,2024-07-13 11:43:42,1.54
2520,236,1354.1,user 236,Zara,2024-07-13 23:25:44,2.97
2521,163,1108.55,user 163,Amazon,2024-07-14 01:09:36,2.19
2522,812,1247.76,user 812,IKEA,2024-07-14 03:51:53,2.68
2523,883,63.54,user 883,Lidl,2024-07-14 05:54:58,0.12
2524,850,549.91,user 850,Amazon,2024-07-14 07:32:15,1.12
2525,822,636.83,user 822,Zara,2024-07-14 13:38:02,1.44
2526,224,1288.6,user 224,Uber,2024-07-14 14:03:28,2.56
2527,411,548.58,user 411,Deutsche Bahn,2024-07-14 16:05:53,1.01
2528,849,1048.56,user 849,Deutsche Bahn,2024-07-14 17:02:56,1.98
2529,352,751.45,user 352,Shell,2024-07-14 20:21:24,1.6
2530,268,874.04,user 268,Spotify,2024-07-14 21:05:01,1.51
2531,1415,298.45,user 1415,Carrefour,2024-07-15 00:44:57,0.59
2532,974,1166.64,user 974,Lidl,2024-07-15 01:11:10,2.55
2533,370,355.33,user 370,Uber,2024-07-15 03:03:28,0.72
2534,838,556.28,user 838,Shell,2024-07-15 03:12:28,1.21
2535,1170,1173.78,user 1170,Deutsche Bahn,2024-07-15 04:15:22,2.03
2536,781,1360.57,user 781,Zara,2024-07-15 07:53:37,3.06
2537,749,518.93,user 749,Booking.com,2024-07-15 09:29:39,0.95
2538,1427,1229.35,user 1427,Uber,2024-07-15 14:37:48,2.37
2539,801,148.38,user 801,Amazon,2024-07-15 15:12:01,0.33
2540,845,730.67,user 845,Decathlon,2024-07-15 15:36:15,1.58
2541,788,227.78,user 788,IKEA,2024-07-15 15:43:55,0.47
2542,940,596.64,user 940,Deutsche Bahn,2024-07-16 01:55:21,1.31
2543,1274,401.92,user 1274,Uber,2024-07-16 05:46:00,0.9
2544,594,448.48,user 594,Carrefour,2024-07-16 07:26:24,0.89
2545,109,992.84,user 109,Shell,2024-07-16 10:54:03,1.96
2546,1116,485.39,user 1116,Shell,2024-07-16 14:29:52,1.05
2547,1143,775.37,user 1143,Deutsche Bahn,2024-07-16 15:04:47,1.75
2548,1400,199.09,user 1400,Carrefour,2024-07-16 15:44:32,0.45
2549,160,616.17,user 160,Carrefour,2024-07-16 22:16:37,1.4
2550,523,1246.26,user 523,Lidl,2024-07-17 00:11:16,2.48
2551,1419,871.02,user 1419,Carrefour,2024-07-17 00:19:35,1.93
2552,686,970.72,user 686,Zara,2024-07-17 01:34:27,2.07
2553,538,830.01,user 538,Uber,2024-07-17 03:10:47,1.69
2554,1168,781.46,user 1168,Shell,2024-07-17 05:13:14,1.52
2555,420,53.42,user 420,Spotify,2024-07-17 08:12:15,0.1
2556,780,928.73,user 780,Decathlon,2024-07-17 08:38:44,2.03
2557,245,691.49,user 245,Decathlon,2024-07-17 08:39:07,1.54
2558,1113,198.56,user 1113,IKEA,2024-07-17 08:52:31,0.35
2559,228,102.64,user 228,Lidl,2024-07-17 09:25:58,0.2
2560,328,1162.75,user 328,Zara,2024-07-17 13:23:11,2.24
2561,465,1391.17,user 465,Zara,2024-07-17 14:21:18,2.96
2562,1176,895.54,user 1176,Amazon,2024-07-17 14:28:29,1.78
2563,29,229.8,user 29,Amazon,2024-07-17 16:35:05,0.48
2564,385,602.86,user 385,Amazon,2024-07-17 17:49:31,1.04
2565,98,461.78,user 98,Booking.com,2024-07-17 18:04:27,0.93
2566,345,557.84,user 345,Apple,2024-07-17 18:10:51,1.03
2567,1266,744.6,user 1266,Carrefour,2024-07-17 19:38:22,1.46
2568,790,611.8,user 790,Uber,2024-07-17 21:12:27,1.4
2569,866,758.03,user 866,Shell,2024-07-17 22:51:07,1.48
2570,609,1313.96,user 609,Shell,2024-07-17 23:02:39,2.31
2571,321,335.61,user 321,Decathlon,2024-07-18 05:41:18,0.7
2572,1013,1247.73,user 1013,Lidl,2024-07-18 09:37:50,2.65
2573,606,462.33,user 606,IKEA,2024-07-18 11:55:41,0.86
2574,248,1274.69,user 248,Carrefour,2024-07-18 13:52:11,2.32
2575,357,803.46,user 357,Carrefour,2024-07-18 19:36:20,1.5
2576,1055,701.32,user 1055,Shell,2024-07-18 21:00:59,1.26
2577,537,1181.07,user 537,Carrefour,2024-07-18 21:18:56,2.24
2578,1352,407.34,user 1352,Amazon,2024-07-19 00:26:15,0.76
2579,729,1304.03,user 729,Carrefour,2024-07-19 01:18:43,2.31
2580,1409,112.89,user 1409,Amazon,2024-07-19 04:01:20,0.23
2581,92,72.14,user 92,Deutsche Bahn,2024-07-19 04:24:08,0.15
2582,1052,737.91,user 1052,Deutsche Bahn,2024-07-19 05:34:53,1.49
2583,681,1080.18,user 681,Booking.com,2024-07-19 11:15:08,2.39
2584,351,1170.26,user 351,Decathlon,2024-07-19 15:24:05,2.06
2585,436,281.24,user 436,Spotify,2024-07-19 16:37:53,0.64
2586,90,160.61,user 90,Amazon,2024-07-19 16:48:20,0.33
2587,642,1065.94,user 642,Booking.com,2024-07-19 20:19:41,2.15
2588,42,872.44,user 42,Amazon,2024-07-19 22:05:07,1.79
2589,410,661.81,user 410,Deutsche Bahn,2024-07-19 22:50:58,1.16
2590,340,684.3,user 340,IKEA,2024-07-20 00:37:48,1.18
2591,641,896.82,user 641,Booking.com,2024-07-20 03:16:31,1.72
2592,110,694.47,user 110,Decathlon,2024-07-20 06:55:13,1.47
2593,1140,1153.78,user 1140,IKEA,2024-07-20 08:38:04,2.38
2594,333,933.1,user 333,Amazon,2024-07-20 18:20:06,2.03
2595,597,527.09,user 597,Booking.com,2024-07-20 18:55:32,0.95
2596,618,527.3,user 618,Lidl,2024-07-20 19:12:58,1.08
2597,920,589.61,user 920,IKEA,2024-07-20 19:18:43,1.04
2598,1213,842.28,user 1213,Decathlon,2024-07-20 19:37:19,1.67
2599,524,1248.85,user 524,Amazon,2024-07-20 20:46:25,2.65
2600,828,925.53,user 828,IKEA,2024-07-20 22:41:42,1.8
2601,658,1290.9,user 658,Shell,2024-07-21 00:14:05,2.57
2602,1229,208.9,user 1229,Decathlon,2024-07-21 01:31:17,0.46
2603,1011,629.22,user 1011,Booking.com,2024-07-21 03:30:09,1.28
2604,30,446.02,user 30,Decathlon,2024-07-21 08:17:46,0.87
2605,278,785.56,user 278,Amazon,2024-07-21 13:59:42,1.59
2606,297,1042.31,user 297,Lidl,2024-07-21 14:04:22,1.9
2607,608,1031.58,user 608,Booking.com,2024-07-21 14:51:19,2.21
2608,674,185.97,user 674,Amazon,2024-07-21 16:39:05,0.37
2609,314,723.72,user 314,Booking.com,2024-07-21 21:20:03,1.63
2610,186,1223.16,user 186,Lidl,2024-07-21 21:40:34,2.19
2611,805,1349.5,user 805,Uber,2024-07-22 00:00:48,2.68
2612,37,234.52,user 37,Uber,2024-07-22 00:03:04,0.41
2613,547,648.53,user 547,Shell,2024-07-22 01:23:29,1.4
2614,1153,1190.23,user 1153,Lidl,2024-07-22 03:56:13,2.53
2615,307,575.59,user 307,Carrefour,2024-07-22 04:50:36,1.26
2616,748,221.84,user 748,Lidl,2024-07-22 05:33:31,0.38
2617,163,824.42,user 163,Shell,2024-07-22 07:53:24,1.89
2618,606,748.89,user 606,Zara,2024-07-22 12:26:56,1.62
2619,756,292.13,user 756,Amazon,2024-07-22 14:27:56,0.51
2620,544,69.71,user 544,Amazon,2024-07-22 19:23:44,0.15
2621,997,620.77,user 997,Apple,2024-07-23 00:33:31,1.23
2622,10,411.03,user 10,Deutsche Bahn,2024-07-23 04:45:34,0.92
2623,1164,707.73,user 1164,Decathlon,2024-07-23 05:15:17,1.51
2624,100,409.44,user 100,Carrefour,2024-07-23 07:19:53,0.87
2625,332,196.87,user 332,Deutsche Bahn,2024-07-23 09:12:27,0.41
2626,100,1220.44,user 100,Amazon,2024-07-23 10:26:54,2.77
2627,952,64.19,user 952,Zara,2024-07-23 13:44:14,0.15
2628,657,544.08,user 657,Zara,2024-07-23 18:38:41,1.16
2629,1092,303.06,user 1092,Lidl,2024-07-24 00:46:09,0.55
2630,1151,439.43,user 1151,Spotify,2024-07-24 13:33:42,0.9
2631,615,138.85,user 615,Lidl,2024-07-24 14:44:12,0.28
2632,478,585.13,user 478,Carrefour,2024-07-24 17:05:42,1.19
2633,849,514.1,user 849,Booking.com,2024-07-24 19:36:09,0.95
2634,1329,906.82,user 1329,Deutsche Bahn,2024-07-24 20:56:39,2.06
2635,965,1056.69,user 965,Zara,2024-07-25 02:08:47,1.92
2636,1259,1214.32,user 1259,Amazon,2024-07-25 04:37:23,2.39
2637,172,859.55,user 172,Lidl,2024-07-25 05:30:43,1.62
2638,186,1013.35,user 186,Lidl,2024-07-25 05:41:16,1.95
2639,1057,1015.79,user 1057,Uber,2024-07-25 07:42:42,2.16
2640,112,11.38,user 112,Shell,2024-07-25 09:03:48,0.02
2641,399,451.35,user 399,Spotify,2024-07-25 10:00:13,0.84
2642,1453,1139.03,user 1453,Decathlon,2024-07-25 15:02:41,2.56
2643,732,1067.58,user 732,Deutsche Bahn,2024-07-25 18:01:49,2.0
2644,1438,768.01,user 1438,Zara,2024-07-25 19:50:12,1.59
2645,781,1096.52,user 781,Lidl,2024-07-25 20:43:13,1.89
2646,336,1043.26,user 336,Decathlon,2024-07-25 21:05:52,2.01
2647,726,96.85,user 726,Shell,2024-07-26 02:02:00,0.2
2648,66,559.04,user 66,Lidl,2024-07-26 04:35:19,0.99
2649,145,79.27,user 145,Zara,2024-07-26 05:40:34,0.15
2650,331,263.44,user 331,Zara,2024-07-26 09:41:12,0.52
2651,886,636.5,user 886,Amazon,2024-07-26 11:14:18,1.22
2652,659,973.28,user 659,Booking.com,2024-07-26 12:49:35,2.21
2653,1237,1389.16,user 1237,Shell,2024-07-26 15:56:45,2.37
2654,1124,127.51,user 1124,Shell,2024-07-26 17:49:34,0.28
2655,1108,270.14,user 1108,Deutsche Bahn,2024-07-26 18:13:30,0.55
2656,575,1067.43,user 575,Deutsche Bahn,2024-07-26 18:28:54,1.91
2657,963,249.29,user 963,Zara,2024-07-26 19:32:07,0.46
2658,410,1341.88,user 410,Apple,2024-07-26 19:35:13,2.83
2659,45,411.08,user 45,Uber,2024-07-26 22:38:21,0.92
2660,321,738.36,user 321,Carrefour,2024-07-26 23:08:11,1.27
2661,78,735.47,user 78,Uber,2024-07-27 02:04:32,1.63
2662,1109,870.61,user 1109,Zara,2024-07-27 06:00:30,1.88
2663,754,894.17,user 754,Shell,2024-07-27 10:51:10,1.68
2664,1393,552.41,user 1393,Decathlon,2024-07-27 11:54:43,1.12
2665,903,1006.83,user 903,Deutsche Bahn,2024-07-27 18:23:29,2.22
2666,278,18.15,user 278,Spotify,2024-07-27 19:49:07,0.03
2667,1238,531.91,user 1238,Amazon,2024-07-27 22:36:27,0.97
2668,1385,716.05,user 1385,Spotify,2024-07-27 23:53:46,1.56
2669,212,1356.23,user 212,Decathlon,2024-07-28 01:27:03,3.03
2670,1142,1292.41,user 1142,Apple,2024-07-28 08:24:46,2.77
2671,711,52.93,user 711,Shell,2024-07-28 09:34:15,0.11
2672,1268,758.6,user 1268,Zara,2024-07-28 13:05:44,1.65
2673,360,303.57,user 360,Decathlon,2024-07-28 21:09:52,0.64
2674,188,1086.72,user 188,Zara,2024-07-28 21:30:22,2.16
2675,558,345.7,user 558,Uber,2024-07-28 22:27:10,0.61
2676,1372,667.85,user 1372,Amazon,2024-07-29 04:08:57,1.28
2677,1286,345.31,user 1286,Amazon,2024-07-29 11:08:27,0.69
2678,929,215.51,user 929,Booking.com,2024-07-29 12:02:52,0.41
2679,1400,760.3,user 1400,Apple,2024-07-29 14:44:21,1.47
2680,893,29.54,user 893,Apple,2024-07-29 16:06:43,0.05
2681,454,40.36,user 454,Booking.com,2024-07-29 18:04:55,0.08
2682,822,196.42,user 822,Lidl,2024-07-29 19:15:58,0.39
2683,1003,188.12,user 1003,Uber,2024-07-29 23:52:09,0.4
2684,611,118.31,user 611,Shell,2024-07-30 01:02:17,0.22
2685,564,1017.64,user 564,Decathlon,2024-07-30 01:56:31,2.25
2686,857,67.92,user 857,Decathlon,2024-07-30 03:16:32,0.14
2687,225,1082.7,user 225,Carrefour,2024-07-30 04:48:26,2.08
2688,784,1288.4,user 784,Decathlon,2024-07-30 06:56:44,2.68
2689,927,516.49,user 927,Zara,2024-07-30 10:22:13,1.09
2690,848,212.55,user 848,IKEA,2024-07-30 19:49:54,0.45
2691,1254,114.94,user 1254,Shell,2024-07-30 20:13:31,0.26
2692,563,475.36,user 563,Amazon,2024-07-30 21:45:37,0.83
2693,468,1202.33,user 468,Decathlon,2024-07-31 01:51:39,2.09
2694,252,661.19,user 252,Uber,2024-07-31 01:54:37,1.23
2695,864,175.15,user 864,Spotify,2024-07-31 02:30:14,0.3
2696,1133,1233.11,user 1133,Zara,2024-07-31 04:19:19,2.37
2697,504,36.42,user 504,Zara,2024-07-31 06:08:26,0.07
2698,665,572.78,user 665,Uber,2024-07-31 10:16:06,1.16
2699,1260,717.97,user 1260,Spotify,2024-07-31 14:15:23,1.41
2700,1153,645.21,user 1153,Uber,2024-07-31 18:57:23,1.25
2701,701,1287.47,user 701,IKEA,2024-07-31 20:50:23,2.64
2702,205,555.3,user 205,IKEA,2024-07-31 22:05:59,1.26
2703,852,245.62,user 852,Decathlon,2024-08-01 00:49:19,0.49
2704,654,421.66,user 654,Booking.com,2024-08-01 00:53:14,0.9
2705,421,357.29,user 421,Lidl,2024-08-01 05:55:34,0.68
2706,392,527.29,user 392,Carrefour,2024-08-01 11:38:38,0.91
2707,731,328.7,user 731,Decathlon,2024-08-01 12:15:50,0.69
2708,833,492.76,user 833,Spotify,2024-08-01 13:06:15,1.1
2709,1067,44.12,user 1067,Lidl,2024-08-01 13:26:19,0.08
2710,908,170.07,user 908,Apple,2024-08-01 13:30:35,0.31
2711,1057,777.83,user 1057,Carrefour,2024-08-01 13:58:38,1.79
2712,1308,1129.1,user 1308,Deutsche Bahn,2024-08-01 18:59:28,2.47
2713,626,419.16,user 626,Decathlon,2024-08-01 19:39:57,0.88
2714,21,1066.79,user 21,IKEA,2024-08-01 20:32:32,2.25
2715,452,1117.96,user 452,Spotify,2024-08-01 21:50:27,2.43
2716,936,838.18,user 936,Apple,2024-08-01 23:46:44,1.76
2717,71,1350.29,user 71,Carrefour,2024-08-02 05:42:22,2.53
2718,1440,380.8,user 1440,Apple,2024-08-02 11:40:19,0.77
2719,352,454.76,user 352,Carrefour,2024-08-02 11:52:22,0.9
2720,743,1040.52,user 743,Apple,2024-08-02 14:39:19,1.81
2721,253,278.39,user 253,Carrefour,2024-08-02 19:50:00,0.59
2722,761,1396.74,user 761,Shell,2024-08-02 20:14:35,2.87
2723,295,1199.31,user 295,Lidl,2024-08-03 01:44:29,2.7
2724,825,1096.77,user 825,IKEA,2024-08-03 02:51:42,2.23
2725,1249,422.15,user 1249,Decathlon,2024-08-03 04:13:47,0.72
2726,224,720.63,user 224,Spotify,2024-08-03 05:18:32,1.44
2727,1297,682.16,user 1297,Spotify,2024-08-03 08:13:06,1.26
2728,763,588.47,user 763,Zara,2024-08-03 10:32:34,1.16
2729,1172,415.06,user 1172,Booking.com,2024-08-03 11:21:56,0.74
2730,1304,1230.74,user 1304,Spotify,2024-08-03 15:36:56,2.59
2731,1456,962.68,user 1456,Booking.com,2024-08-03 16:13:01,1.64
2732,1289,1006.62,user 1289,Shell,2024-08-03 20:43:44,2.06
2733,1328,121.93,user 1328,Booking.com,2024-08-04 00:35:10,0.28
2734,968,672.34,user 968,Decathlon,2024-08-04 02:05:32,1.49
2735,274,421.08,user 274,Decathlon,2024-08-04 02:16:38,0.93
2736,1145,460.16,user 1145,Zara,2024-08-04 07:36:21,0.88
2737,368,839.67,user 368,Carrefour,2024-08-04 13:02:35,1.68
2738,617,458.24,user 617,IKEA,2024-08-04 13:48:16,0.91
2739,1074,769.64,user 1074,Shell,2024-08-04 16:15:46,1.46
2740,146,905.63,user 146,Deutsche Bahn,2024-08-04 17:13:49,1.9
2741,1332,320.37,user 1332,Apple,2024-08-04 19:34:01,0.55
2742,538,1056.97,user 538,IKEA,2024-08-04 19:40:00,2.33
2743,583,848.81,user 583,Booking.com,2024-08-04 19:49:16,1.69
2744,328,415.73,user 328,Zara,2024-08-04 23:45:23,0.72
2745,862,1205.42,user 862,Spotify,2024-08-05 06:35:23,2.55
2746,731,216.28,user 731,Apple,2024-08-05 07:10:38,0.46
2747,110,495.05,user 110,Apple,2024-08-05 15:13:17,0.92
2748,690,695.33,user 690,Amazon,2024-08-05 15:48:11,1.6
2749,1357,538.72,user 1357,Deutsche Bahn,2024-08-05 16:37:37,1.03
2750,301,452.98,user 301,IKEA,2024-08-05 19:53:52,0.98
2751,1178,1341.5,user 1178,Shell,2024-08-05 20:38:10,2.36
2752,137,629.57,user 137,IKEA,2024-08-05 22:55:07,1.36
2753,513,337.38,user 513,Deutsche Bahn,2024-08-05 23:32:46,0.77
2754,598,583.26,user 598,Spotify,2024-08-06 00:00:39,1.18
2755,295,669.82,user 295,Shell,2024-08-06 01:48:51,1.25
2756,833,452.72,user 833,Shell,2024-08-06 04:31:50,1.03
2757,1107,818.66,user 1107,Deutsche Bahn,2024-08-06 05:37:34,1.65
2758,1201,1078.67,user 1201,Booking.com,2024-08-06 07:49:26,2.48
2759,1497,121.13,user 1497,Carrefour,2024-08-06 08:52:49,0.23
2760,1254,622.16,user 1254,Carrefour,2024-08-06 15:04:03,1.13
2761,1443,1192.27,user 1443,IKEA,2024-08-06 15:44:43,2.62
2762,442,434.67,user 442,Lidl,2024-08-06 16:24:00,0.98
2763,250,768.01,user 250,Carrefour,2024-08-06 19:26:59,1.74
2764,851,1215.02,user 851,Shell,2024-08-06 20:34:00,2.63
2765,1313,427.76,user 1313,IKEA,2024-08-06 22:11:54,0.8
2766,661,1175.41,user 661,Uber,2024-08-07 00:58:55,2.47
2767,40,577.88,user 40,Spotify,2024-08-07 02:16:16,1.3
2768,1279,446.06,user 1279,Lidl,2024-08-07 02:29:53,0.83
2769,695,54.29,user 695,Lidl,2024-08-07 11:49:03,0.11
2770,874,987.01,user 874,Lidl,2024-08-07 14:10:38,2.06
2771,8,1385.78,user 8,Spotify,2024-08-07 16:43:12,2.71
2772,1444,150.88,user 1444,Decathlon,2024-08-07 18:10:58,0.34
2773,1037,834.56,user 1037,Lidl,2024-08-07 20:35:27,1.52
2774,1072,1151.62,user 1072,IKEA,2024-08-07 20:41:57,2.1
2775,1497,377.21,user 1497,Zara,2024-08-07 21:28:17,0.76
2776,1135,547.04,user 1135,Carrefour,2024-08-08 00:14:42,1.14
2777,751,885.41,user 751,Amazon,2024-08-08 01:15:50,1.9
2778,965,88.45,user 965,Carrefour,2024-08-08 03:09:12,0.18
2779,452,1002.86,user 452,Uber,2024-08-08 03:32:39,2.13
2780,1429,1165.96,user 1429,Uber,2024-08-08 04:31:16,2.17
2781,462,708.64,user 462,Apple,2024-08-08 05:17:00,1.38
2782,770,738.52,user 770,Decathlon,2024-08-08 06:09:47,1.42
2783,34,383.29,user 34,Decathlon,2024-08-08 07:38:16,0.66
2784,230,681.76,user 230,Lidl,2024-08-08 07:42:29,1.16
2785,118,660.78,user 118,Decathlon,2024-08-08 07:43:23,1.24
2786,819,1311.32,user 819,Spotify,2024-08-08 09:19:24,2.62
2787,286,510.24,user 286,IKEA,2024-08-08 09:48:32,1.05
2788,1025,1050.11,user 1025,Zara,2024-08-08 10:21:07,1.81
2789,608,406.98,user 608,Zara,2024-08-08 14:17:27,0.73
2790,982,240.46,user 982,Zara,2024-08-08 15:58:50,0.52
2791,799,1078.75,user 799,Decathlon,2024-08-08 17:27:42,2.18
2792,456,485.63,user 456,Lidl,2024-08-08 21:39:48,1.09
2793,1336,1245.81,user 1336,Amazon,2024-08-08 23:19:12,2.62
2794,129,1103.36,user 129,Uber,2024-08-09 00:19:02,1.99
2795,300,349.55,user 300,Apple,2024-08-09 02:32:13,0.8
2796,1358,493.23,user 1358,Uber,2024-08-09 11:23:58,1.05
2797,498,713.08,user 498,Apple,2024-08-09 17:19:31,1.28
2798,1212,205.9,user 1212,Deutsche Bahn,2024-08-09 19:20:41,0.47
2799,985,875.71,user 985,Uber,2024-08-09 19:36:41,1.9
2800,603,235.46,user 603,Apple,2024-08-09 21:59:05,0.47
2801,324,45.44,user 324,Shell,2024-08-10 00:18:37,0.1
2802,1219,1060.67,user 1219,Uber,2024-08-10 01:43:35,2.25
2803,357,992.15,user 357,Apple,2024-08-10 04:38:37,1.75
2804,1214,306.0,user 1214,Decathlon,2024-08-10 04:47:39,0.52
2805,418,19.23,user 418,Shell,2024-08-10 05:39:28,0.04
2806,727,1084.31,user 727,Decathlon,2024-08-10 06:39:06,2.34
2807,687,489.78,user 687,Zara,2024-08-10 09:45:43,0.89
2808,396,715.94,user 396,Lidl,2024-08-10 13:22:17,1.34
2809,771,510.19,user 771,Shell,2024-08-10 18:37:54,1.0
2810,456,918.34,user 456,Shell,2024-08-10 19:30:44,2.09
2811,1230,836.36,user 1230,Lidl,2024-08-10 20:18:34,1.6
2812,677,395.23,user 677,Booking.com,2024-08-10 20:20:27,0.68
2813,834,1276.44,user 834,Booking.com,2024-08-10 21:26:30,2.57
2814,599,1191.53,user 599,Decathlon,2024-08-10 21:32:28,2.21
2815,54,1262.92,user 54,Booking.com,2024-08-10 21:53:35,2.5
2816,762,573.44,user 762,Amazon,2024-08-10 22:11:26,1.26
2817,667,724.35,user 667,Carrefour,2024-08-10 22:22:20,1.34
2818,1302,724.61,user 1302,Decathlon,2024-08-11 00:13:34,1.49
2819,1128,1203.49,user 1128,Carrefour,2024-08-11 02:17:46,2.29
2820,476,301.56,user 476,Booking.com,2024-08-11 02:19:01,0.57
2821,441,122.27,user 441,Zara,2024-08-11 08:13:47,0.26
2822,1046,1026.36,user 1046,Zara,2024-08-11 10:52:45,2.19
2823,471,304.25,user 471,Spotify,2024-08-11 14:14:33,0.61
2824,1,508.05,user 1,Shell,2024-08-11 18:28:18,1.1
2825,456,344.76,user 456,Zara,2024-08-11 20:16:28,0.73
2826,1174,1377.5,user 1174,Decathlon,2024-08-11 23:00:26,3.03
2827,1409,1175.96,user 1409,IKEA,2024-08-12 00:00:50,2.21
2828,541,264.41,user 541,Lidl,2024-08-12 00:46:08,0.57
2829,365,529.73,user 365,Uber,2024-08-12 00:53:38,1.06
2830,266,937.05,user 266,Apple,2024-08-12 04:27:06,1.88
2831,79,1288.37,user 79,Booking.com,2024-08-12 07:49:32,2.89
2832,206,1090.75,user 206,Apple,2024-08-12 13:36:57,2.18
2833,234,646.85,user 234,Lidl,2024-08-12 20:23:30,1.16
2834,1190,1189.19,user 1190,IKEA,2024-08-12 21:15:40,2.21
2835,1433,1116.56,user 1433,Decathlon,2024-08-12 22:33:03,2.11
2836,837,237.81,user 837,Spotify,2024-08-13 01:42:10,0.41
2837,959,258.43,user 959,Carrefour,2024-08-13 09:05:35,0.58
2838,1037,1274.89,user 1037,Deutsche Bahn,2024-08-13 10:03:39,2.4
2839,1220,1293.36,user 1220,IKEA,2024-08-13 13:32:53,2.82
2840,1536,868.73,user 1536,Shell,2024-08-13 14:27:32,1.57
2841,1422,208.42,user 1422,Decathlon,2024-08-13 15:44:16,0.45
2842,605,628.23,user 605,Zara,2024-08-13 17:46:22,1.13
2843,987,452.07,user 987,Lidl,2024-08-13 22:19:52,0.99
2844,1200,1248.9,user 1200,Booking.com,2024-08-14 02:15:32,2.46
2845,1403,176.97,user 1403,Shell,2024-08-14 02:33:21,0.4
2846,879,949.84,user 879,Lidl,2024-08-14 02:49:03,1.99
2847,1323,1034.48,user 1323,IKEA,2024-08-14 03:08:48,2.08
2848,1190,778.3,user 1190,Decathlon,2024-08-14 05:52:15,1.7
2849,297,332.14,user 297,Lidl,2024-08-14 07:23:31,0.69
2850,1040,691.42,user 1040,Carrefour,2024-08-14 08:12:00,1.19
2851,1293,654.31,user 1293,Spotify,2024-08-14 08:49:00,1.38
2852,33,808.54,user 33,Amazon,2024-08-14 12:05:38,1.6
2853,882,312.09,user 882,Booking.com,2024-08-14 16:01:06,0.56
2854,1212,814.86,user 1212,Zara,2024-08-14 16:53:49,1.87
2855,1359,1077.26,user 1359,IKEA,2024-08-14 18:16:54,2.04
2856,1441,907.23,user 1441,Spotify,2024-08-14 21:36:34,1.63
2857,1064,363.62,user 1064,Zara,2024-08-14 22:49:12,0.78
2858,908,1027.31,user 908,Deutsche Bahn,2024-08-15 03:03:56,2.29
2859,1240,1378.33,user 1240,Spotify,2024-08-15 03:22:24,3.03
2860,1201,395.07,user 1201,Lidl,2024-08-15 05:24:47,0.75
2861,1181,1131.56,user 1181,Zara,2024-08-15 08:39:26,2.03
2862,1149,415.42,user 1149,Spotify,2024-08-15 11:42:09,0.85
2863,286,1383.48,user 286,Carrefour,2024-08-15 12:13:10,2.66
2864,167,381.19,user 167,Deutsche Bahn,2024-08-15 14:54:11,0.81
2865,900,901.59,user 900,Uber,2024-08-15 15:04:05,1.97
2866,422,368.54,user 422,Apple,2024-08-15 15:23:57,0.63
2867,1322,699.92,user 1322,Shell,2024-08-15 15:40:10,1.37
2868,1352,342.62,user 1352,Amazon,2024-08-15 16:59:11,0.62
2869,999,136.15,user 999,Carrefour,2024-08-15 17:22:24,0.25
2870,852,955.92,user 852,Carrefour,2024-08-15 20:25:06,2.16
2871,1356,973.28,user 1356,Amazon,2024-08-15 21:04:08,1.68
2872,734,632.41,user 734,Decathlon,2024-08-15 22:54:23,1.33
2873,59,141.07,user 59,Zara,2024-08-15 23:08:41,0.28
2874,1335,117.09,user 1335,Uber,2024-08-16 05:47:11,0.23
2875,1119,371.48,user 1119,Carrefour,2024-08-16 05:49:48,0.71
2876,16,516.78,user 16,Booking.com,2024-08-16 05:53:36,1.08
2877,1211,1188.77,user 1211,Zara,2024-08-16 06:01:40,2.27
2878,362,538.09,user 362,Carrefour,2024-08-16 07:01:55,1.23
2879,1016,1120.52,user 1016,Lidl,2024-08-16 09:08:35,2.13
2880,702,339.07,user 702,Shell,2024-08-16 09:27:08,0.63
2881,1103,700.86,user 1103,Decathlon,2024-08-16 09:34:43,1.23
2882,1542,142.42,user 1542,Apple,2024-08-16 11:49:31,0.25
2883,115,314.0,user 115,Amazon,2024-08-16 13:27:54,0.55
2884,1245,42.49,user 1245,Lidl,2024-08-16 13:54:18,0.09
2885,601,1347.72,user 601,Booking.com,2024-08-16 19:29:39,2.3
2886,1275,874.97,user 1275,Amazon,2024-08-17 00:41:34,1.69
2887,862,199.12,user 862,Deutsche Bahn,2024-08-17 05:47:46,0.36
2888,323,855.02,user 323,IKEA,2024-08-17 06:33:09,1.71
2889,13,446.59,user 13,Amazon,2024-08-17 07:02:47,0.77
2890,507,953.01,user 507,IKEA,2024-08-17 07:50:48,1.64
2891,1152,153.16,user 1152,Spotify,2024-08-17 09:08:33,0.33
2892,50,182.78,user 50,Lidl,2024-08-17 10:37:09,0.38
2893,987,1380.38,user 987,Carrefour,2024-08-17 14:06:30,3.02
2894,231,1110.79,user 231,Amazon,2024-08-17 17:27:41,2.01
2895,1140,334.43,user 1140,Spotify,2024-08-17 18:21:17,0.72
2896,650,554.75,user 650,Lidl,2024-08-18 00:03:51,1.12
2897,1017,1045.84,user 1017,Spotify,2024-08-18 01:03:19,2.34
2898,540,1202.79,user 540,Shell,2024-08-18 02:23:16,2.75
2899,1016,50.84,user 1016,Uber,2024-08-18 06:53:17,0.09
2900,284,860.55,user 284,IKEA,2024-08-18 11:18:27,1.95
2901,898,496.87,user 898,Carrefour,2024-08-18 13:51:10,0.87
2902,1401,672.11,user 1401,Lidl,2024-08-18 14:12:47,1.16
2903,534,1070.04,user 534,Amazon,2024-08-18 19:30:24,2.2
2904,739,321.1,user 739,Uber,2024-08-18 22:24:38,0.68
2905,444,943.35,user 444,Zara,2024-08-18 22:32:18,2.02
2906,82,804.78,user 82,Zara,2024-08-18 23:31:17,1.8
2907,289,606.58,user 289,Shell,2024-08-19 02:55:14,1.16
2908,408,84.68,user 408,IKEA,2024-08-19 03:53:45,0.16
2909,269,535.49,user 269,Apple,2024-08-19 06:06:04,1.06
2910,177,213.69,user 177,Amazon,2024-08-19 06:31:13,0.41
2911,581,1009.21,user 581,Zara,2024-08-19 07:28:13,1.89
2912,1017,279.51,user 1017,IKEA,2024-08-19 08:39:01,0.58
2913,997,1111.01,user 997,Deutsche Bahn,2024-08-19 10:21:50,2.11
2914,1031,1299.41,user 1031,Carrefour,2024-08-19 11:32:07,2.24
2915,863,484.36,user 863,Carrefour,2024-08-19 18:34:05,1.09
2916,1436,1169.05,user 1436,IKEA,2024-08-19 19:42:10,2.35
2917,1478,889.88,user 1478,Spotify,2024-08-19 19:45:42,1.74
2918,229,771.04,user 229,Deutsche Bahn,2024-08-19 20:49:53,1.48
2919,897,980.06,user 897,Shell,2024-08-19 21:24:15,2.25
2920,1055,1034.31,user 1055,Spotify,2024-08-20 00:23:37,2.04
2921,1528,1024.05,user 1528,Amazon,2024-08-20 00:53:54,1.86
2922,1227,459.41,user 1227,Spotify,2024-08-20 01:25:50,0.82
2923,438,1370.07,user 438,Shell,2024-08-20 03:19:13,2.82
2924,1367,184.91,user 1367,Shell,2024-08-20 04:40:27,0.37
2925,1343,914.0,user 1343,Lidl,2024-08-20 05:10:09,1.95
2926,850,928.02,user 850,Uber,2024-08-20 07:44:11,1.76
2927,223,1153.15,user 223,Zara,2024-08-20 09:54:24,2.34
2928,1301,795.67,user 1301,Decathlon,2024-08-20 10:25:51,1.5
2929,1437,529.95,user 1437,Deutsche Bahn,2024-08-20 12:06:43,0.95
2930,1509,703.64,user 1509,Deutsche Bahn,2024-08-20 15:24:13,1.45
2931,213,470.91,user 213,Shell,2024-08-20 17:37:03,0.9
2932,766,1162.43,user 766,Decathlon,2024-08-20 20:13:56,2.49
2933,170,232.37,user 170,Decathlon,2024-08-20 23:37:42,0.41
2934,604,820.95,user 604,Carrefour,2024-08-21 00:08:46,1.49
2935,1370,648.03,user 1370,Apple,2024-08-21 01:08:59,1.45
2936,1308,1140.87,user 1308,Spotify,2024-08-21 02:16:11,2.03
2937,155,1042.3,user 155,IKEA,2024-08-21 07:38:01,2.26
2938,135,54.22,user 135,Zara,2024-08-21 16:04:45,0.1
2939,908,1251.42,user 908,IKEA,2024-08-21 17:09:20,2.63
2940,643,425.61,user 643,Decathlon,2024-08-21 17:24:49,0.87
2941,431,713.28,user 431,IKEA,2024-08-21 17:34:56,1.53
2942,690,717.35,user 690,IKEA,2024-08-21 21:40:24,1.23
2943,276,1338.86,user 276,Carrefour,2024-08-21 23:01:07,2.99
2944,1452,282.51,user 1452,Zara,2024-08-21 23:25:32,0.54
2945,1076,1215.18,user 1076,Lidl,2024-08-22 00:42:22,2.37
2946,171,1279.08,user 171,Shell,2024-08-22 02:45:20,2.24
2947,984,837.79,user 984,Carrefour,2024-08-22 09:04:52,1.43
2948,184,1272.13,user 184,Spotify,2024-08-22 09:54:39,2.79
2949,986,548.39,user 986,Lidl,2024-08-22 11:00:49,1.22
2950,1345,60.69,user 1345,Deutsche Bahn,2024-08-22 14:11:16,0.13
2951,1354,1171.36,user 1354,Amazon,2024-08-22 14:11:49,2.49
2952,158,779.86,user 158,IKEA,2024-08-22 16:33:01,1.62
2953,854,1364.5,user 854,Deutsche Bahn,2024-08-22 18:36:59,2.59
2954,491,594.05,user 491,IKEA,2024-08-22 19:02:19,1.2
2955,346,1086.61,user 346,Uber,2024-08-22 20:50:34,2.36
2956,869,238.02,user 869,Booking.com,2024-08-22 21:48:37,0.53
2957,113,1139.04,user 113,Booking.com,2024-08-23 00:33:48,2.11
2958,206,1301.0,user 206,Deutsche Bahn,2024-08-23 02:38:24,2.47
2959,660,739.47,user 660,Spotify,2024-08-23 03:25:47,1.38
2960,6,228.47,user 6,IKEA,2024-08-23 04:37:01,0.44
2961,123,1050.51,user 123,Booking.com,2024-08-23 06:40:51,2.18
2962,318,794.65,user 318,Deutsche Bahn,2024-08-23 07:43:17,1.66
2963,966,101.04,user 966,Deutsche Bahn,2024-08-23 07:46:40,0.22
2964,530,452.2,user 530,Decathlon,2024-08-23 13:57:59,1.01
2965,947,1251.7,user 947,Uber,2024-08-23 15:58:57,2.6
2966,1363,875.89,user 1363,Decathlon,2024-08-23 18:49:16,1.91
2967,475,775.83,user 475,Shell,2024-08-23 22:09:42,1.42
2968,1054,831.32,user 1054,Decathlon,2024-08-23 23:57:06,1.58
2969,827,574.7,user 827,Zara,2024-08-24 01:07:35,1.28
2970,1386,214.36,user 1386,Booking.com,2024-08-24 07:39:31,0.45
2971,159,726.96,user 159,Deutsche Bahn,2024-08-24 08:55:56,1.35
2972,26,286.87,user 26,IKEA,2024-08-24 11:30:14,0.51
2973,1197,91.27,user 1197,Zara,2024-08-24 14:22:41,0.21
2974,1316,891.54,user 1316,Decathlon,2024-08-24 17:10:58,1.58
2975,1038,1138.67,user 1038,Booking.com,2024-08-24 19:09:50,2.07
2976,799,101.3,user 799,Spotify,2024-08-24 19:31:19,0.23
2977,265,732.67,user 265,Decathlon,2024-08-24 21:59:09,1.49
2978,1112,449.3,user 1112,Shell,2024-08-25 04:15:19,0.92
2979,42,335.11,user 42,IKEA,2024-08-25 05:20:28,0.74
2980,97,30.77,user 97,IKEA,2024-08-25 05:21:28,0.06
2981,1515,848.35,user 1515,Decathlon,2024-08-25 16:55:12,1.78
2982,35,1221.48,user 35,Deutsche Bahn,2024-08-25 17:14:50,2.32
2983,1338,556.02,user 1338,Shell,2024-08-25 20:45:38,1.0
2984,1399,1362.56,user 1399,IKEA,2024-08-25 23:28:01,3.13
2985,196,52.66,user 196,Spotify,2024-08-25 23:56:41,0.11
2986,1472,192.54,user 1472,Apple,2024-08-26 01:08:23,0.43
2987,335,161.19,user 335,Lidl,2024-08-26 01:21:05,0.29
2988,388,800.85,user 388,IKEA,2024-08-26 01:51:58,1.75
2989,1359,921.37,user 1359,Amazon,2024-08-26 04:08:29,1.8
2990,774,1037.58,user 774,Apple,2024-08-26 05:00:58,1.82
2991,1179,544.84,user 1179,Decathlon,2024-08-26 07:30:01,0.98
2992,583,77.58,user 583,Uber,2024-08-26 11:32:33,0.17
2993,1106,523.9,user 1106,Uber,2024-08-26 14:24:04,0.91
2994,179,703.21,user 179,Booking.com,2024-08-26 15:19:53,1.28
2995,853,252.79,user 853,Deutsche Bahn,2024-08-26 15:27:24,0.45
2996,1522,158.81,user 1522,Spotify,2024-08-26 16:57:50,0.28
2997,283,141.26,user 283,Apple,2024-08-26 19:33:57,0.28
2998,1375,887.73,user 1375,Decathlon,2024-08-26 21:44:05,1.66
2999,400,639.05,user 400,Uber,2024-08-26 23:04:37,1.4
3000,234,386.11,user 234,Shell,2024-08-26 23:10:13,0.87
3001,111,686.47,user 111,Uber,2024-08-27 02:02:28,1.29
3002,772,55.15,user 772,Carrefour,2024-08-27 08:53:30,0.1
3003,76,648.31,user 76,Shell,2024-08-27 10:29:28,1.41
3004,1225,607.8,user 1225,Apple,2024-08-27 15:49:52,1.14
3005,894,1088.96,user 894,Amazon,2024-08-27 18:13:09,2.23
3006,846,1167.95,user 846,Deutsche Bahn,2024-08-27 18:27:03,2.31
3007,754,873.99,user 754,Amazon,2024-08-27 21:12:34,1.97
3008,195,55.79,user 195,Uber,2024-08-27 21:51:22,0.12
3009,466,803.17,user 466,Amazon,2024-08-28 05:55:24,1.7
3010,745,685.48,user 745,Deutsche Bahn,2024-08-28 09:21:36,1.38
3011,1163,692.68,user 1163,Decathlon,2024-08-28 09:59:39,1.51
3012,1224,424.06,user 1224,Deutsche Bahn,2024-08-28 10:14:05,0.96
3013,275,1345.97,user 275,Carrefour,2024-08-28 12:26:33,2.64
3014,1320,764.08,user 1320,Carrefour,2024-08-28 13:55:36,1.7
3015,7,1291.05,user 7,Lidl,2024-08-28 14:21:16,2.47
3016,746,403.24,user 746,Booking.com,2024-08-28 14:54:59,0.8
3017,1058,911.19,user 1058,Uber,2024-08-28 19:40:37,1.81
3018,801,207.76,user 801,Apple,2024-08-28 20:47:15,0.43
3019,811,617.38,user 811,Spotify,2024-08-28 23:47:14,1.24
3020,221,1131.21,user 221,IKEA,2024-08-29 02:07:28,2.26
3021,731,633.07,user 731,Lidl,2024-08-29 04:48:26,1.19
3022,914,259.52,user 914,Booking.com,2024-08-29 06:47:04,0.49
3023,426,518.42,user 426,Amazon,2024-08-29 07:42:02,1.19
3024,1532,1033.1,user 1532,Amazon,2024-08-29 07:57:51,1.79
3025,999,897.24,user 999,Carrefour,2024-08-29 08:42:10,1.61
3026,1473,583.21,user 1473,Spotify,2024-08-29 09:01:20,1.1
3027,1257,550.08,user 1257,Carrefour,2024-08-29 11:00:42,0.99
3028,752,317.04,user 752,Uber,2024-08-29 13:15:19,0.7
3029,672,962.38,user 672,Lidl,2024-08-29 15:25:32,1.66
3030,424,45.73,user 424,IKEA,2024-08-29 15:53:04,0.09
3031,1279,1372.27,user 1279,Shell,2024-08-29 17:28:20,2.94
3032,821,1073.27,user 821,Carrefour,2024-08-29 18:25:32,2.28
3033,107,675.76,user 107,Carrefour,2024-08-29 18:31:57,1.15
3034,1121,795.04,user 1121,Amazon,2024-08-29 19:18:55,1.77
3035,1503,639.12,user 1503,IKEA,2024-08-29 21:33:08,1.19
3036,157,524.9,user 157,Lidl,2024-08-29 22:59:39,1.01
3037,829,952.87,user 829,Spotify,2024-08-30 02:13:52,1.82
3038,423,137.51,user 423,Spotify,2024-08-30 03:49:26,0.25
3039,327,568.48,user 327,Decathlon,2024-08-30 04:41:05,0.98
3040,1002,812.99,user 1002,Lidl,2024-08-30 06:33:51,1.75
3041,1375,665.4,user 1375,Zara,2024-08-30 08:42:25,1.21
3042,977,898.39,user 977,Apple,2024-08-30 09:13:21,1.81
3043,892,277.17,user 892,Carrefour,2024-08-30 09:46:00,0.63
3044,375,720.46,user 375,Apple,2024-08-30 12:36:00,1.55
3045,466,800.24,user 466,Uber,2024-08-30 15:27:42,1.57
3046,745,424.03,user 745,Carrefour,2024-08-30 15:52:11,0.89
3047,890,573.89,user 890,Deutsche Bahn,2024-08-30 18:38:49,1.3
3048,388,644.71,user 388,Amazon,2024-08-30 21:49:11,1.27
3049,1015,1040.86,user 1015,Carrefour,2024-08-30 23:20:55,1.99
3050,1420,967.54,user 1420,IKEA,2024-08-30 23:50:10,2.03
3051,928,1245.0,user 928,Shell,2024-08-31 02:54:46,2.36
3052,1112,1353.06,user 1112,Booking.com,2024-08-31 04:45:59,2.53
3053,631,918.77,user 631,Decathlon,2024-08-31 05:20:39,1.77
3054,530,372.99,user 530,Decathlon,2024-08-31 06:44:28,0.68
3055,895,391.61,user 895,Deutsche Bahn,2024-08-31 10:14:19,0.89
3056,850,1068.42,user 850,Booking.com,2024-08-31 15:07:49,2.44
3057,935,1068.01,user 935,IKEA,2024-08-31 17:32:38,1.89
3058,1272,956.52,user 1272,Deutsche Bahn,2024-08-31 17:45:50,1.77
3059,574,505.98,user 574,Spotify,2024-08-31 20:15:33,1.11
3060,231,113.52,user 231,Apple,2024-09-01 00:00:41,0.21
3061,1120,676.88,user 1120,Spotify,2024-09-01 01:48:16,1.23
3062,1017,75.24,user 1017,Amazon,2024-09-01 02:34:06,0.14
3063,1369,934.16,user 1369,Deutsche Bahn,2024-09-01 04:59:48,1.61
3064,626,843.64,user 626,Uber,2024-09-01 06:06:11,1.72
3065,1217,505.31,user 1217,Lidl,2024-09-01 06:42:46,1.04
3066,147,1049.58,user 147,Apple,2024-09-01 06:48:31,2.29
3067,1048,828.67,user 1048,Shell,2024-09-01 09:27:27,1.6
3068,827,1380.61,user 827,Shell,2024-09-01 09:44:54,2.99
3069,821,1173.94,user 821,Shell,2024-09-01 10:46:34,2.26
3070,1441,1084.82,user 1441,Uber,2024-09-01 12:08:47,2.13
3071,165,1128.35,user 165,IKEA,2024-09-01 12:16:08,2.12
3072,179,402.8,user 179,Decathlon,2024-09-01 15:09:10,0.74
3073,427,466.18,user 427,IKEA,2024-09-01 16:21:59,1.02
3074,1362,1175.29,user 1362,Uber,2024-09-01 20:39:57,2.64
3075,1360,1002.24,user 1360,Lidl,2024-09-01 21:09:30,2.0
3076,297,447.82,user 297,Deutsche Bahn,2024-09-01 22:31:04,0.92
3077,1414,446.11,user 1414,Decathlon,2024-09-01 23:32:28,0.97
3078,13,948.85,user 13,Uber,2024-09-02 01:05:36,1.97
3079,839,797.02,user 839,Decathlon,2024-09-02 01:42:26,1.6
3080,562,1207.56,user 562,IKEA,2024-09-02 03:27:33,2.15
3081,720,963.86,user 720,IKEA,2024-09-02 04:10:14,1.96
3082,1132,383.7,user 1132,Zara,2024-09-02 08:26:07,0.87
3083,479,38.56,user 479,Shell,2024-09-02 16:03:47,0.07
3084,1305,1312.03,user 1305,Decathlon,2024-09-02 19:37:12,2.5
3085,1476,1333.32,user 1476,Shell,2024-09-02 21:31:04,2.77
3086,260,939.57,user 260,Amazon,2024-09-02 21:59:53,1.6
3087,654,753.35,user 654,Deutsche Bahn,2024-09-02 22:52:57,1.58
3088,1532,55.81,user 1532,Uber,2024-09-03 01:06:24,0.12
3089,9,446.88,user 9,Booking.com,2024-09-03 01:15:16,0.95
3090,328,973.49,user 328,Deutsche Bahn,2024-09-03 05:25:16,1.75
3091,536,67.07,user 536,Apple,2024-09-03 06:21:49,0.12
3092,1346,517.29,user 1346,Spotify,2024-09-03 09:09:54,0.89
3093,1053,39.44,user 1053,Booking.com,2024-09-03 09:18:33,0.07
3094,498,1155.75,user 498,Amazon,2024-09-03 10:02:50,2.02
3095,950,1160.41,user 950,Uber,2024-09-03 13:14:03,2.6
3096,742,25.18,user 742,Lidl,2024-09-03 16:16:33,0.05
3097,1053,973.6,user 1053,Carrefour,2024-09-03 18:12:41,1.87
3098,1481,317.71,user 1481,Carrefour,2024-09-03 23:12:53,0.65
3099,1097,83.14,user 1097,IKEA,2024-09-03 23:57:50,0.16
3100,734,295.23,user 734,Uber,2024-09-04 00:57:45,0.6
3101,1342,795.99,user 1342,Deutsche Bahn,2024-09-04 01:08:28,1.7
3102,976,967.77,user 976,IKEA,2024-09-04 10:52:57,1.85
3103,783,564.17,user 783,Amazon,2024-09-04 11:17:52,0.98
3104,1442,1392.13,user 1442,Lidl,2024-09-04 11:21:09,2.95
3105,1191,659.7,user 1191,Zara,2024-09-04 13:58:45,1.26
3106,452,1302.36,user 452,Carrefour,2024-09-04 18:39:02,2.32
3107,1339,131.12,user 1339,Carrefour,2024-09-04 19:09:41,0.28
3108,1464,1335.6,user 1464,IKEA,2024-09-04 19:27:29,2.99
3109,1247,20.92,user 1247,Decathlon,2024-09-05 03:27:05,0.04
3110,438,713.72,user 438,Decathlon,2024-09-05 11:56:34,1.43
3111,1557,374.54,user 1557,Decathlon,2024-09-05 14:22:26,0.65
3112,1344,888.27,user 1344,Shell,2024-09-05 16:02:21,1.77
3113,971,1148.81,user 971,Apple,2024-09-05 16:14:52,2.34
3114,300,628.93,user 300,Lidl,2024-09-05 17:17:56,1.23
3115,474,899.03,user 474,Amazon,2024-09-05 18:33:18,1.64
3116,293,846.33,user 293,Shell,2024-09-05 21:19:02,1.88
3117,402,795.36,user 402,Deutsche Bahn,2024-09-05 21:52:12,1.4
3118,523,126.82,user 523,Carrefour,2024-09-05 23:49:06,0.28
3119,653,804.1,user 653,Spotify,2024-09-06 01:06:30,1.57
3120,815,1068.6,user 815,Deutsche Bahn,2024-09-06 02:19:43,1.94
3121,1273,351.67,user 1273,Deutsche Bahn,2024-09-06 02:58:14,0.68
3122,638,671.38,user 638,Zara,2024-09-06 03:09:32,1.38
3123,1090,422.95,user 1090,Decathlon,2024-09-06 06:07:24,0.83
3124,1290,105.08,user 1290,Carrefour,2024-09-06 06:40:01,0.21
3125,1491,312.17,user 1491,Spotify,2024-09-06 08:41:17,0.71
3126,1154,576.97,user 1154,Lidl,2024-09-06 09:48:31,1.01
3127,391,271.91,user 391,Apple,2024-09-06 10:35:47,0.53
3128,884,1063.32,user 884,Zara,2024-09-06 12:24:38,2.28
3129,155,341.58,user 155,Shell,2024-09-06 13:35:45,0.62
3130,936,1300.07,user 936,Uber,2024-09-06 19:58:07,2.51
3131,1417,57.03,user 1417,Deutsche Bahn,2024-09-07 01:16:27,0.12
3132,1385,781.82,user 1385,Carrefour,2024-09-07 01:30:59,1.5
3133,952,33.91,user 952,Apple,2024-09-07 01:42:58,0.07
3134,424,1195.0,user 424,Booking.com,2024-09-07 02:58:37,2.51
3135,154,110.54,user 154,IKEA,2024-09-07 04:38:08,0.22
3136,769,74.16,user 769,Uber,2024-09-07 08:17:50,0.17
3137,469,887.42,user 469,Decathlon,2024-09-07 10:21:43,1.83
3138,37,824.3,user 37,Zara,2024-09-07 13:29:48,1.57
3139,3,345.16,user 3,Zara,2024-09-07 13:44:03,0.59
3140,648,1248.08,user 648,Carrefour,2024-09-07 15:27:39,2.12
3141,1402,767.22,user 1402,Zara,2024-09-07 17:03:12,1.62
3142,1287,121.63,user 1287,Booking.com,2024-09-07 20:03:36,0.25
3143,540,307.59,user 540,Deutsche Bahn,2024-09-07 20:32:07,0.6
3144,1333,342.59,user 1333,Carrefour,2024-09-07 20:38:30,0.75
3145,442,1179.52,user 442,Carrefour,2024-09-07 20:49:12,2.31
3146,1238,993.25,user 1238,Uber,2024-09-08 07:10:29,2.11
3147,870,670.92,user 870,IKEA,2024-09-08 07:33:29,1.42
3148,633,923.79,user 633,Spotify,2024-09-08 09:12:52,1.63
3149,336,803.65,user 336,Apple,2024-09-08 12:03:31,1.61
3150,835,345.22,user 835,Shell,2024-09-08 14:17:23,0.73
3151,479,815.13,user 479,Carrefour,2024-09-08 19:07:17,1.59
3152,486,1028.81,user 486,Apple,2024-09-08 19:34:46,2.26
3153,496,89.74,user 496,Amazon,2024-09-08 20:40:24,0.17
3154,704,844.89,user 704,Deutsche Bahn,2024-09-09 04:26:00,1.47
3155,569,1290.99,user 569,Decathlon,2024-09-09 07:58:44,2.69
3156,295,1374.81,user 295,Spotify,2024-09-09 08:10:17,2.5
3157,307,590.7,user 307,Zara,2024-09-09 08:42:32,1.25
3158,1638,411.14,user 1638,Spotify,2024-09-09 11:18:35,0.75
3159,1514,846.04,user 1514,Amazon,2024-09-09 13:30:38,1.58
3160,197,97.09,user 197,Spotify,2024-09-09 15:25:34,0.2
3161,1118,786.06,user 1118,IKEA,2024-09-09 17:40:14,1.42
3162,203,314.81,user 203,Apple,2024-09-09 21:23:32,0.72
3163,769,1150.36,user 769,Carrefour,2024-09-09 22:15:55,2.43
3164,1092,353.64,user 1092,Uber,2024-09-10 06:14:25,0.8
3165,1247,937.49,user 1247,Decathlon,2024-09-10 09:15:43,2.08
3166,1312,975.84,user 1312,Uber,2024-09-10 10:22:32,1.98
3167,1497,218.27,user 1497,Zara,2024-09-10 11:09:39,0.45
3168,979,1226.6,user 979,IKEA,2024-09-10 12:40:24,2.73
3169,509,251.28,user 509,Decathlon,2024-09-10 14:13:20,0.58
3170,355,760.81,user 355,Amazon,2024-09-10 20:25:09,1.3
3171,1043,417.26,user 1043,Uber,2024-09-10 20:37:15,0.78
3172,1258,1359.89,user 1258,Spotify,2024-09-10 22:07:20,3.06
3173,794,581.37,user 794,Amazon,2024-09-10 22:19:29,1.1
3174,876,422.02,user 876,Deutsche Bahn,2024-09-11 13:23:02,0.87
3175,451,455.01,user 451,Spotify,2024-09-11 16:58:56,0.92
3176,800,661.03,user 800,Apple,2024-09-11 18:26:36,1.21
3177,214,15.75,user 214,Spotify,2024-09-11 20:56:07,0.03
3178,1340,70.43,user 1340,Decathlon,2024-09-11 22:01:55,0.13
3179,384,479.81,user 384,Shell,2024-09-11 23:49:54,0.93
3180,934,404.71,user 934,Uber,2024-09-12 01:48:09,0.76
3181,226,466.96,user 226,Zara,2024-09-12 04:39:54,1.03
3182,1641,762.35,user 1641,Shell,2024-09-12 05:27:01,1.38
3183,1411,1147.35,user 1411,Decathlon,2024-09-12 05:35:42,2.37
3184,1296,782.29,user 1296,Deutsche Bahn,2024-09-12 05:40:57,1.42
3185,1162,378.55,user 1162,Amazon,2024-09-12 07:27:06,0.77
3186,1099,1389.45,user 1099,Decathlon,2024-09-12 08:52:38,2.61
3187,1535,618.47,user 1535,Apple,2024-09-12 12:21:46,1.22
3188,524,289.48,user 524,Amazon,2024-09-12 13:33:44,0.53
3189,1215,957.93,user 1215,Lidl,2024-09-12 13:39:16,2.05
3190,1256,1010.97,user 1256,Booking.com,2024-09-12 15:29:23,2.31
3191,334,1238.56,user 334,Deutsche Bahn,2024-09-12 15:32:24,2.25
3192,442,564.86,user 442,Lidl,2024-09-12 15:52:26,1.08
3193,269,902.36,user 269,Shell,2024-09-12 17:47:26,1.77
3194,1330,1159.22,user 1330,Carrefour,2024-09-12 19:33:39,2.63
3195,393,60.35,user 393,Spotify,2024-09-12 21:45:57,0.1
3196,684,931.05,user 684,Shell,2024-09-12 22:13:09,2.05
3197,232,222.22,user 232,Shell,2024-09-12 23:02:44,0.41
3198,231,661.82,user 231,Lidl,2024-09-12 23:27:17,1.23
3199,1166,1310.34,user 1166,Apple,2024-09-13 01:43:44,2.86
3200,920,661.52,user 920,Zara,2024-09-13 05:24:53,1.5
3201,1465,678.31,user 1465,Apple,2024-09-13 06:08:22,1.53
3202,44,1269.16,user 44,Apple,2024-09-13 06:36:45,2.31
3203,415,667.38,user 415,Zara,2024-09-13 09:39:57,1.29
3204,1039,563.3,user 1039,Lidl,2024-09-13 11:18:45,1.04
3205,877,1271.51,user 877,Amazon,2024-09-13 12:21:52,2.44
3206,805,1280.25,user 805,Decathlon,2024-09-13 17:45:59,2.55
3207,1651,868.5,user 1651,Spotify,2024-09-13 19:05:18,1.72
3208,1209,1038.35,user 1209,IKEA,2024-09-13 21:35:45,1.98
3209,84,415.23,user 84,Decathlon,2024-09-14 01:58:10,0.84
3210,189,1161.7,user 189,Uber,2024-09-14 02:00:39,2.09
3211,1177,1178.81,user 1177,Shell,2024-09-14 05:23:54,2.49
3212,104,872.68,user 104,Apple,2024-09-14 08:06:00,1.83
3213,107,60.63,user 107,IKEA,2024-09-14 09:16:10,0.12
3214,45,216.72,user 45,Apple,2024-09-14 11:12:14,0.41
3215,715,1068.44,user 715,Uber,2024-09-14 11:27:52,2.29
3216,632,1390.86,user 632,Apple,2024-09-14 14:31:48,2.38
3217,1269,1006.18,user 1269,Uber,2024-09-14 15:11:51,2.1
3218,379,1069.92,user 379,Booking.com,2024-09-14 19:58:42,2.04
3219,1122,16.66,user 1122,Spotify,2024-09-14 20:47:21,0.03
3220,483,613.77,user 483,Lidl,2024-09-14 22:10:24,1.32
3221,537,485.7,user 537,Carrefour,2024-09-15 03:26:51,1.11
3222,1349,1045.44,user 1349,Apple,2024-09-15 05:14:05,2.12
3223,1063,51.76,user 1063,Zara,2024-09-15 09:36:02,0.09
3224,48,931.31,user 48,IKEA,2024-09-15 12:32:47,1.64
3225,1323,505.73,user 1323,Lidl,2024-09-15 16:52:44,0.99
3226,535,788.62,user 535,Amazon,2024-09-15 23:41:12,1.75
3227,1062,814.77,user 1062,Zara,2024-09-15 23:50:33,1.78
3228,1244,1142.67,user 1244,Deutsche Bahn,2024-09-16 01:05:38,2.28
3229,265,509.38,user 265,Spotify,2024-09-16 01:30:36,1.1
3230,1000,1272.94,user 1000,Amazon,2024-09-16 04:37:47,2.41
3231,1069,1356.33,user 1069,Apple,2024-09-16 06:17:49,2.65
3232,389,1149.94,user 389,IKEA,2024-09-16 07:23:58,2.64
3233,482,480.22,user 482,Booking.com,2024-09-16 17:38:18,0.86
3234,805,520.42,user 805,Booking.com,2024-09-16 21:29:27,1.07
3235,330,585.68,user 330,Uber,2024-09-17 01:27:25,1.21
3236,1444,686.41,user 1444,Shell,2024-09-17 02:48:06,1.29
3237,750,318.01,user 750,Apple,2024-09-17 07:15:34,0.7
3238,1376,730.27,user 1376,Apple,2024-09-17 09:17:15,1.46
3239,291,240.13,user 291,Deutsche Bahn,2024-09-17 09:49:58,0.43
3240,409,132.04,user 409,Zara,2024-09-17 10:41:07,0.26
3241,481,330.06,user 481,Apple,2024-09-17 10:54:15,0.7
3242,624,489.02,user 624,Decathlon,2024-09-17 11:27:02,0.93
3243,1292,427.16,user 1292,Spotify,2024-09-17 12:20:10,0.81
3244,464,764.67,user 464,Zara,2024-09-17 13:47:51,1.61
3245,239,88.53,user 239,Shell,2024-09-17 15:31:29,0.18
3246,1168,641.26,user 1168,Shell,2024-09-17 16:30:57,1.25
3247,1508,688.27,user 1508,Deutsche Bahn,2024-09-17 19:25:26,1.25
3248,1058,1358.52,user 1058,Amazon,2024-09-17 19:40:39,2.53
3249,1357,1040.64,user 1357,Decathlon,2024-09-17 21:56:51,2.1
3250,303,749.35,user 303,Shell,2024-09-18 00:47:58,1.68
3251,1583,88.21,user 1583,Decathlon,2024-09-18 05:05:36,0.16
3252,130,1061.09,user 130,Lidl,2024-09-18 08:23:25,1.93
3253,746,1009.38,user 746,Uber,2024-09-18 09:44:04,1.76
3254,303,1018.64,user 303,Spotify,2024-09-18 14:13:38,1.81
3255,1564,1157.27,user 1564,Lidl,2024-09-18 17:11:28,2.46
3256,1607,117.13,user 1607,IKEA,2024-09-19 03:05:54,0.24
3257,1334,245.34,user 1334,Carrefour,2024-09-19 05:28:36,0.53
3258,474,526.14,user 474,Apple,2024-09-19 05:48:16,0.94
3259,561,314.62,user 561,Spotify,2024-09-19 10:33:55,0.65
3260,565,894.71,user 565,Uber,2024-09-19 13:35:05,2.03
3261,467,825.16,user 467,Uber,2024-09-19 13:37:09,1.89
3262,1518,345.23,user 1518,Amazon,2024-09-19 18:47:04,0.71
3263,1225,1360.02,user 1225,Carrefour,2024-09-19 20:39:33,2.71
3264,1367,310.31,user 1367,Spotify,2024-09-19 21:02:57,0.7
3265,231,374.37,user 231,IKEA,2024-09-19 21:05:53,0.84
3266,725,79.5,user 725,Spotify,2024-09-19 23:58:17,0.18
3267,297,34.37,user 297,IKEA,2024-09-20 00:46:47,0.07
3268,211,771.83,user 211,Shell,2024-09-20 03:08:29,1.59
3269,1324,672.16,user 1324,Shell,2024-09-20 04:09:28,1.44
3270,835,1372.82,user 835,Zara,2024-09-20 04:26:28,2.7
3271,953,225.83,user 953,IKEA,2024-09-20 06:45:58,0.51
3272,687,902.85,user 687,Deutsche Bahn,2024-09-20 09:31:22,1.61
3273,1168,203.21,user 1168,Carrefour,2024-09-20 13:30:31,0.43
3274,1174,1116.66,user 1174,Uber,2024-09-20 20:17:29,2.53
3275,1533,708.5,user 1533,Booking.com,2024-09-20 20:18:46,1.43
3276,1241,893.59,user 1241,Spotify,2024-09-20 21:09:48,2.04
3277,195,222.23,user 195,Uber,2024-09-21 00:12:34,0.47
3278,745,62.23,user 745,IKEA,2024-09-21 01:53:30,0.13
3279,142,417.15,user 142,Shell,2024-09-21 02:11:33,0.92
3280,797,113.35,user 797,Spotify,2024-09-21 04:46:43,0.23
3281,427,336.12,user 427,Decathlon,2024-09-21 09:56:46,0.77
3282,1414,490.55,user 1414,IKEA,2024-09-21 17:31:52,1.05
3283,1195,714.21,user 1195,Apple,2024-09-21 18:34:42,1.31
3284,380,854.08,user 380,Spotify,2024-09-21 21:20:57,1.61
3285,1068,1265.94,user 1068,Uber,2024-09-21 23:31:38,2.48
3286,1475,1114.43,user 1475,Amazon,2024-09-22 00:11:40,2.3
3287,1346,60.41,user 1346,Booking.com,2024-09-22 03:21:29,0.11
3288,19,378.95,user 19,Uber,2024-09-22 04:26:16,0.77
3289,949,1268.62,user 949,Uber,2024-09-22 09:29:52,2.37
3290,1540,1283.23,user 1540,Lidl,2024-09-22 12:36:21,2.66
3291,855,1041.96,user 855,Amazon,2024-09-22 13:24:43,1.89
3292,1530,1020.93,user 1530,Spotify,2024-09-22 15:59:19,1.8
3293,1342,1166.46,user 1342,Spotify,2024-09-22 19:13:39,2.38
3294,1229,1318.64,user 1229,IKEA,2024-09-22 19:59:25,2.48
3295,642,100.89,user 642,Amazon,2024-09-22 21:53:31,0.19
3296,1616,1038.65,user 1616,Carrefour,2024-09-23 02:03:55,2.34
3297,341,1299.61,user 341,Lidl,2024-09-23 06:43:56,2.62
3298,586,1259.97,user 586,IKEA,2024-09-23 08:35:39,2.23
3299,477,312.18,user 477,Decathlon,2024-09-23 09:13:42,0.64
3300,863,684.07,user 863,Carrefour,2024-09-23 09:24:00,1.2
3301,1569,609.66,user 1569,IKEA,2024-09-23 13:20:15,1.19
3302,564,1220.86,user 564,Carrefour,2024-09-23 16:16:23,2.4
3303,6,811.73,user 6,Zara,2024-09-23 16:24:25,1.7
3304,387,1196.72,user 387,Shell,2024-09-23 19:59:23,2.54
3305,1031,412.81,user 1031,Shell,2024-09-23 20:04:20,0.72
3306,961,743.12,user 961,Apple,2024-09-23 21:16:07,1.56
3307,1538,775.35,user 1538,IKEA,2024-09-23 21:50:44,1.51
3308,949,739.43,user 949,Shell,2024-09-23 23:53:53,1.37
3309,1502,944.82,user 1502,Carrefour,2024-09-24 00:12:43,2.03
3310,1399,273.69,user 1399,Lidl,2024-09-24 03:04:39,0.62
3311,764,740.13,user 764,Lidl,2024-09-24 13:41:58,1.57
3312,361,331.39,user 361,Deutsche Bahn,2024-09-24 14:03:20,0.69
3313,306,402.65,user 306,Carrefour,2024-09-24 20:07:28,0.86
3314,975,1279.63,user 975,Carrefour,2024-09-24 20:16:23,2.3
3315,761,457.86,user 761,Booking.com,2024-09-24 21:12:21,0.96
3316,1344,225.89,user 1344,Shell,2024-09-24 22:38:44,0.4
3317,149,500.02,user 149,Zara,2024-09-25 01:05:58,1.08
3318,1019,1250.74,user 1019,Spotify,2024-09-25 01:54:21,2.52
3319,201,1007.51,user 201,IKEA,2024-09-25 02:10:38,2.17
3320,1394,44.54,user 1394,Deutsche Bahn,2024-09-25 02:50:34,0.09
3321,1447,310.86,user 1447,Booking.com,2024-09-25 06:35:38,0.59
3322,1647,1086.11,user 1647,Lidl,2024-09-25 07:03:18,2.23
3323,556,956.86,user 556,Apple,2024-09-25 07:19:05,2.11
3324,472,414.34,user 472,Apple,2024-09-25 09:06:33,0.91
3325,1397,1083.53,user 1397,Uber,2024-09-25 09:38:39,1.97
3326,933,800.24,user 933,Apple,2024-09-25 10:51:13,1.68
3327,880,987.91,user 880,Deutsche Bahn,2024-09-25 11:30:23,2.19
3328,1563,1091.47,user 1563,Uber,2024-09-25 12:59:32,2.24
3329,1432,433.68,user 1432,Lidl,2024-09-25 22:29:30,0.85
3330,1267,1116.98,user 1267,Deutsche Bahn,2024-09-25 22:32:31,2.46
3331,327,1038.08,user 327,Lidl,2024-09-26 04:42:22,2.21
3332,368,456.75,user 368,Uber,2024-09-26 06:12:34,0.9
3333,1477,1061.07,user 1477,Decathlon,2024-09-26 10:27:07,2.31
3334,103,1123.78,user 103,IKEA,2024-09-26 12:24:32,2.39
3335,945,1118.91,user 945,Carrefour,2024-09-26 16:34:54,2.2
3336,1233,537.99,user 1233,Shell,2024-09-26 17:32:28,1.13
3337,767,988.09,user 767,Spotify,2024-09-26 18:53:54,1.68
3338,1470,448.82,user 1470,Zara,2024-09-26 20:13:06,1.02
3339,201,1241.32,user 201,IKEA,2024-09-27 00:13:28,2.85
3340,1152,226.63,user 1152,Amazon,2024-09-27 00:22:21,0.42
3341,1600,701.85,user 1600,Spotify,2024-09-27 02:40:32,1.21
3342,245,506.37,user 245,Spotify,2024-09-27 03:22:38,1.04
3343,1559,906.01,user 1559,Spotify,2024-09-27 04:40:43,1.72
3344,308,1197.33,user 308,IKEA,2024-09-27 04:50:45,2.04
3345,896,1220.78,user 896,Deutsche Bahn,2024-09-27 05:26:17,2.62
3346,1141,572.76,user 1141,Deutsche Bahn,2024-09-27 06:51:44,1.15
3347,579,650.45,user 579,Zara,2024-09-27 07:20:48,1.15
3348,218,194.36,user 218,Spotify,2024-09-27 08:11:21,0.4
3349,356,573.38,user 356,Zara,2024-09-27 08:32:08,1.18
3350,179,1388.99,user 179,IKEA,2024-09-27 09:26:17,2.97
3351,484,722.94,user 484,Spotify,2024-09-27 10:19:42,1.44
3352,219,639.61,user 219,Carrefour,2024-09-27 11:42:03,1.46
3353,1253,1359.32,user 1253,Deutsche Bahn,2024-09-27 12:37:12,2.79
3354,1388,840.58,user 1388,Amazon,2024-09-27 12:49:05,1.59
3355,192,1252.04,user 192,Booking.com,2024-09-27 13:15:19,2.19
3356,1101,1060.68,user 1101,Uber,2024-09-27 13:25:17,2.08
3357,839,845.71,user 839,Lidl,2024-09-27 13:40:37,1.72
3358,810,950.73,user 810,Booking.com,2024-09-27 16:19:20,2.06
3359,1491,1371.86,user 1491,Apple,2024-09-27 18:52:54,2.91
3360,137,16.4,user 137,Uber,2024-09-27 20:44:05,0.03
3361,991,1084.67,user 991,Decathlon,2024-09-27 20:52:14,2.08
3362,181,1253.48,user 181,Carrefour,2024-09-27 20:58:59,2.86
3363,799,289.09,user 799,IKEA,2024-09-27 22:47:27,0.64
3364,298,422.34,user 298,Amazon,2024-09-28 00:13:05,0.89
3365,1643,767.83,user 1643,Zara,2024-09-28 00:31:51,1.5
3366,1234,1013.05,user 1234,Decathlon,2024-09-28 00:45:12,2.22
3367,1534,980.0,user 1534,Lidl,2024-09-28 08:20:13,2.13
3368,1529,345.16,user 1529,Lidl,2024-09-28 10:35:29,0.77
3369,1015,723.24,user 1015,Shell,2024-09-28 16:58:33,1.46
3370,338,764.64,user 338,Shell,2024-09-28 17:10:18,1.64
3371,1126,820.29,user 1126,Booking.com,2024-09-28 18:53:25,1.42
3372,651,595.89,user 651,Amazon,2024-09-28 20:06:18,1.08
3373,1369,1352.66,user 1369,Spotify,2024-09-28 22:49:14,2.83
3374,1442,38.72,user 1442,Lidl,2024-09-28 23:36:17,0.09
3375,366,715.99,user 366,Shell,2024-09-29 00:17:15,1.35
3376,98,890.12,user 98,Spotify,2024-09-29 01:51:21,1.58
3377,325,988.25,user 325,Booking.com,2024-09-29 01:53:30,1.88
3378,927,771.11,user 927,Shell,2024-09-29 02:56:27,1.68
3379,1219,1250.69,user 1219,Carrefour,2024-09-29 05:00:06,2.46
3380,635,502.08,user 635,Apple,2024-09-29 06:33:37,1.05
3381,1626,338.71,user 1626,Carrefour,2024-09-29 07:35:42,0.74
3382,116,718.99,user 116,Shell,2024-09-29 07:36:35,1.59
3383,835,321.38,user 835,Deutsche Bahn,2024-09-29 07:42:36,0.56
3384,1100,1121.56,user 1100,Apple,2024-09-29 07:43:37,2.41
3385,334,675.13,user 334,Carrefour,2024-09-29 08:57:22,1.32
3386,1614,496.85,user 1614,Spotify,2024-09-29 13:04:01,0.86
3387,1538,120.63,user 1538,Apple,2024-09-29 15:44:09,0.28
3388,1444,934.75,user 1444,Amazon,2024-09-29 16:42:36,1.82
3389,1228,773.98,user 1228,Zara,2024-09-29 18:42:57,1.37
3390,1486,733.42,user 1486,Shell,2024-09-29 18:54:45,1.45
3391,154,1323.44,user 154,Uber,2024-09-29 23:23:21,2.28
3392,68,942.16,user 68,Decathlon,2024-09-30 01:48:45,1.83
3393,1204,55.01,user 1204,Uber,2024-09-30 04:56:45,0.1
3394,870,479.84,user 870,Apple,2024-09-30 05:38:58,1.03
3395,964,1267.71,user 964,Lidl,2024-09-30 05:47:18,2.52
3396,1563,762.68,user 1563,Amazon,2024-09-30 09:31:26,1.49
3397,1271,241.98,user 1271,Shell,2024-09-30 14:35:49,0.48
3398,837,31.48,user 837,Decathlon,2024-09-30 17:44:35,0.06
3399,862,1343.37,user 862,Zara,2024-09-30 22:54:43,3.0
3400,1243,296.28,user 1243,Apple,2024-09-30 23:59:27,0.58
3401,1210,728.33,user 1210,Booking.com,2024-10-01 02:46:59,1.41
3402,1376,1284.57,user 1376,Spotify,2024-10-01 03:25:18,2.79
3403,1628,48.38,user 1628,IKEA,2024-10-01 03:28:34,0.1
3404,396,984.26,user 396,Shell,2024-10-01 05:24:07,1.96
3405,773,1396.4,user 773,Apple,2024-10-01 10:39:20,3.03
3406,505,816.99,user 505,Zara,2024-10-01 10:48:46,1.56
3407,377,291.44,user 377,Shell,2024-10-01 12:40:36,0.66
3408,983,76.69,user 983,Booking.com,2024-10-01 21:04:23,0.14
3409,1204,1003.63,user 1204,Apple,2024-10-01 21:43:38,1.91
3410,250,807.49,user 250,Spotify,2024-10-01 21:50:28,1.58
3411,491,587.34,user 491,IKEA,2024-10-02 01:53:22,1.13
3412,1337,991.59,user 1337,Decathlon,2024-10-02 02:24:02,1.7
3413,516,844.84,user 516,Deutsche Bahn,2024-10-02 04:36:54,1.61
3414,62,113.72,user 62,Booking.com,2024-10-02 04:48:05,0.26
3415,567,1073.82,user 567,Amazon,2024-10-02 07:32:12,2.42
3416,398,1020.21,user 398,Carrefour,2024-10-02 10:35:36,2.05
3417,189,246.32,user 189,Deutsche Bahn,2024-10-02 11:25:40,0.55
3418,1141,250.3,user 1141,Shell,2024-10-02 13:50:35,0.56
3419,190,173.72,user 190,Shell,2024-10-02 18:11:51,0.36
3420,595,457.05,user 595,Lidl,2024-10-02 18:56:11,0.88
3421,1282,1144.32,user 1282,Spotify,2024-10-02 20:18:01,2.34
3422,1402,179.02,user 1402,Amazon,2024-10-03 00:04:52,0.32
3423,682,1375.84,user 682,Shell,2024-10-03 01:07:02,2.91
3424,791,381.35,user 791,Carrefour,2024-10-03 04:05:45,0.72
3425,106,1283.78,user 106,Shell,2024-10-03 04:48:29,2.22
3426,58,469.44,user 58,Zara,2024-10-03 08:09:38,1.07
3427,220,326.81,user 220,Carrefour,2024-10-03 11:13:04,0.7
3428,545,188.02,user 545,Lidl,2024-10-03 13:29:34,0.32
3429,1236,1147.94,user 1236,Spotify,2024-10-03 13:36:15,2.24
3430,67,651.73,user 67,Amazon,2024-10-03 14:07:20,1.32
3431,567,1078.98,user 567,Decathlon,2024-10-03 15:22:41,2.22
3432,1553,321.85,user 1553,Uber,2024-10-03 17:53:43,0.63
3433,1393,1026.8,user 1393,Amazon,2024-10-03 18:05:43,1.89
3434,1256,703.32,user 1256,Carrefour,2024-10-03 23:21:48,1.46
3435,1040,1052.43,user 1040,Amazon,2024-10-04 01:44:30,2.38
3436,1059,933.56,user 1059,Lidl,2024-10-04 04:31:26,1.79
3437,995,200.21,user 995,Decathlon,2024-10-04 10:13:39,0.46
3438,1362,80.76,user 1362,Spotify,2024-10-04 10:54:55,0.18
3439,910,470.43,user 910,Shell,2024-10-04 12:59:34,1.02
3440,969,751.38,user 969,Apple,2024-10-04 13:06:57,1.55
3441,774,1270.75,user 774,Amazon,2024-10-04 13:46:23,2.32
3442,10,262.09,user 10,Uber,2024-10-04 17:43:27,0.5
3443,194,1188.03,user 194,Carrefour,2024-10-04 22:20:59,2.36
3444,129,550.36,user 129,Amazon,2024-10-04 23:16:03,0.94
3445,604,243.48,user 604,Lidl,2024-10-05 00:34:44,0.42
3446,1053,129.01,user 1053,IKEA,2024-10-05 05:20:58,0.27
3447,151,1287.0,user 151,Lidl,2024-10-05 05:28:41,2.44
3448,1379,159.61,user 1379,Spotify,2024-10-05 06:03:51,0.3
3449,381,1002.98,user 381,Apple,2024-10-05 07:32:57,2.27
3450,584,715.35,user 584,Apple,2024-10-05 07:35:37,1.41
3451,494,1130.54,user 494,Zara,2024-10-05 11:32:56,2.02
3452,289,353.62,user 289,Zara,2024-10-05 14:07:19,0.62
3453,1588,85.31,user 1588,Decathlon,2024-10-05 16:09:48,0.19
3454,972,396.14,user 972,Decathlon,2024-10-05 18:31:43,0.81
3455,976,575.53,user 976,Decathlon,2024-10-05 19:30:55,1.04
3456,965,1260.73,user 965,Zara,2024-10-06 01:51:02,2.86
3457,101,1247.7,user 101,Zara,2024-10-06 04:17:17,2.33
3458,1488,522.68,user 1488,Amazon,2024-10-06 05:51:23,1.0
3459,196,1037.01,user 196,Booking.com,2024-10-06 07:42:54,2.2
3460,1143,769.54,user 1143,Amazon,2024-10-06 08:36:59,1.73
3461,885,448.04,user 885,Spotify,2024-10-06 09:06:20,0.8
3462,1162,992.93,user 1162,Lidl,2024-10-06 14:22:28,1.73
3463,1544,102.79,user 1544,Uber,2024-10-06 15:12:36,0.23
3464,1430,678.44,user 1430,Carrefour,2024-10-06 16:11:01,1.44
3465,588,294.83,user 588,Booking.com,2024-10-06 16:30:11,0.55
3466,1666,969.04,user 1666,Carrefour,2024-10-06 16:48:06,1.77
3467,585,118.16,user 585,Amazon,2024-10-06 17:13:49,0.26
3468,482,1143.52,user 482,Shell,2024-10-06 18:09:19,2.34
3469,293,677.99,user 293,Deutsche Bahn,2024-10-06 21:26:57,1.48
3470,1075,36.26,user 1075,IKEA,2024-10-06 21:33:21,0.07
3471,856,870.62,user 856,Decathlon,2024-10-06 22:57:49,1.87
3472,1194,896.93,user 1194,IKEA,2024-10-06 23:19:40,1.61
3473,1143,1126.3,user 1143,Amazon,2024-10-07 01:18:01,2.15
3474,1191,163.97,user 1191,Shell,2024-10-07 01:59:47,0.29
3475,1193,40.58,user 1193,Carrefour,2024-10-07 03:33:08,0.08
3476,53,391.28,user 53,Booking.com,2024-10-07 04:22:48,0.7
3477,612,747.52,user 612,Decathlon,2024-10-07 08:11:54,1.72
3478,14,410.95,user 14,IKEA,2024-10-07 08:12:10,0.78
3479,6,68.98,user 6,Spotify,2024-10-07 12:34:55,0.14
3480,634,94.91,user 634,Deutsche Bahn,2024-10-07 12:43:55,0.17
3481,60,756.45,user 60,Apple,2024-10-07 13:58:39,1.55
3482,283,380.25,user 283,IKEA,2024-10-07 15:20:24,0.67
3483,492,1188.09,user 492,Apple,2024-10-07 15:43:09,2.35
3484,516,303.51,user 516,Zara,2024-10-07 21:40:39,0.6
3485,892,479.11,user 892,Booking.com,2024-10-07 23:35:26,1.07
3486,641,1287.66,user 641,Lidl,2024-10-08 00:37:00,2.71
3487,895,1230.84,user 895,Zara,2024-10-08 02:20:52,2.52
3488,622,759.97,user 622,IKEA,2024-10-08 03:10:00,1.61
3489,1038,570.19,user 1038,Carrefour,2024-10-08 08:20:03,1.11
3490,402,746.01,user 402,IKEA,2024-10-08 08:40:18,1.55
3491,1062,920.06,user 1062,Shell,2024-10-08 09:34:22,2.01
3492,1467,180.87,user 1467,Shell,2024-10-08 18:12:41,0.36
3493,1572,366.21,user 1572,Zara,2024-10-08 18:24:38,0.69
3494,173,374.86,user 173,IKEA,2024-10-08 20:39:23,0.81
3495,1097,828.91,user 1097,Lidl,2024-10-08 21:17:20,1.73
3496,544,772.64,user 544,Carrefour,2024-10-08 21:22:30,1.59
3497,1001,87.6,user 1001,Booking.com,2024-10-08 22:32:02,0.2
3498,1223,197.72,user 1223,Spotify,2024-10-08 23:55:20,0.42
3499,268,1015.24,user 268,Amazon,2024-10-09 00:15:20,1.98
3500,387,1379.24,user 387,Lidl,2024-10-09 00:28:25,2.88
3501,671,1383.77,user 671,Zara,2024-10-09 00:58:23,2.56
3502,344,1205.73,user 344,Carrefour,2024-10-09 02:18:20,2.57
3503,871,938.84,user 871,Zara,2024-10-09 07:38:04,2.07
3504,583,281.36,user 583,Uber,2024-10-09 09:21:07,0.64
3505,1542,1072.85,user 1542,Uber,2024-10-09 10:39:31,1.94
3506,1243,1157.58,user 1243,Lidl,2024-10-09 10:48:11,2.11
3507,591,32.9,user 591,Spotify,2024-10-09 12:33:59,0.07
3508,1541,1104.32,user 1541,Booking.com,2024-10-09 12:53:14,2.03
3509,663,1174.24,user 663,Zara,2024-10-09 14:56:57,2.55
3510,87,1338.73,user 87,Shell,2024-10-09 17:33:34,2.81
3511,710,790.68,user 710,Decathlon,2024-10-09 17:47:07,1.74
3512,1420,762.42,user 1420,Decathlon,2024-10-09 19:08:50,1.59
3513,767,285.3,user 767,Uber,2024-10-09 20:10:47,0.61
3514,982,350.25,user 982,Lidl,2024-10-09 20:18:56,0.79
3515,464,621.48,user 464,Carrefour,2024-10-09 20:41:11,1.06
3516,333,1230.28,user 333,Carrefour,2024-10-09 21:36:41,2.79
3517,643,558.58,user 643,Decathlon,2024-10-09 21:53:42,1.03
3518,902,1042.71,user 902,Uber,2024-10-10 02:48:08,1.98
3519,1440,868.14,user 1440,Deutsche Bahn,2024-10-10 08:05:05,1.97
3520,1183,1294.35,user 1183,Zara,2024-10-10 11:24:01,2.28
3521,58,580.27,user 58,Zara,2024-10-10 13:06:18,1.01
3522,847,1280.05,user 847,Shell,2024-10-10 13:35:33,2.94
3523,511,585.71,user 511,Deutsche Bahn,2024-10-10 14:11:45,1.04
3524,1127,988.31,user 1127,Booking.com,2024-10-10 20:10:49,2.17
3525,589,377.99,user 589,IKEA,2024-10-11 01:55:57,0.73
3526,859,994.24,user 859,Spotify,2024-10-11 02:27:36,1.89
3527,373,976.98,user 373,Lidl,2024-10-11 03:42:49,2.06
3528,459,105.5,user 459,Deutsche Bahn,2024-10-11 03:46:16,0.2
3529,66,227.25,user 66,Deutsche Bahn,2024-10-11 04:26:04,0.48
3530,631,427.73,user 631,Lidl,2024-10-11 07:12:53,0.79
3531,44,1310.56,user 44,Uber,2024-10-11 12:07:13,2.23
3532,535,767.9,user 535,Booking.com,2024-10-11 14:53:36,1.33
3533,1033,722.04,user 1033,Decathlon,2024-10-11 16:19:36,1.49
3534,876,908.57,user 876,IKEA,2024-10-11 16:45:01,1.9
3535,987,180.7,user 987,Deutsche Bahn,2024-10-11 17:58:47,0.33
3536,1468,807.32,user 1468,Uber,2024-10-11 18:59:12,1.43
3537,600,329.42,user 600,Deutsche Bahn,2024-10-11 19:11:38,0.67
3538,1325,534.54,user 1325,Carrefour,2024-10-11 19:27:44,0.99
3539,1148,621.95,user 1148,Amazon,2024-10-11 21:09:04,1.11
3540,888,253.58,user 888,Uber,2024-10-11 21:31:59,0.5
3541,29,820.3,user 29,Uber,2024-10-11 22:33:13,1.6
3542,1312,1087.35,user 1312,Zara,2024-10-12 01:08:25,2.42
3543,243,447.72,user 243,Amazon,2024-10-12 02:49:05,0.84
3544,54,283.15,user 54,Carrefour,2024-10-12 02:51:00,0.57
3545,1605,563.65,user 1605,Deutsche Bahn,2024-10-12 04:42:15,1.06
3546,849,1012.36,user 849,Uber,2024-10-12 07:07:46,1.85
3547,1188,766.73,user 1188,Uber,2024-10-12 08:59:49,1.43
3548,1613,776.96,user 1613,Amazon,2024-10-12 10:16:01,1.65
3549,1632,680.96,user 1632,Lidl,2024-10-12 10:41:18,1.36
3550,1404,253.51,user 1404,Booking.com,2024-10-12 11:35:58,0.51
3551,1564,291.69,user 1564,Decathlon,2024-10-12 13:53:40,0.57
3552,1130,829.91,user 1130,Amazon,2024-10-12 14:52:27,1.8
3553,1363,684.69,user 1363,Lidl,2024-10-12 15:47:56,1.19
3554,31,218.74,user 31,Apple,2024-10-12 19:47:03,0.42
3555,273,358.79,user 273,Uber,2024-10-12 20:15:46,0.76
3556,964,1361.79,user 964,Decathlon,2024-10-12 20:19:22,2.68
3557,1596,1264.17,user 1596,IKEA,2024-10-13 00:21:48,2.58
3558,1413,396.1,user 1413,Deutsche Bahn,2024-10-13 00:31:55,0.85
3559,1390,784.74,user 1390,IKEA,2024-10-13 01:01:48,1.53
3560,283,367.57,user 283,Booking.com,2024-10-13 01:33:01,0.74
3561,736,1161.84,user 736,Uber,2024-10-13 02:36:45,2.41
3562,395,51.19,user 395,IKEA,2024-10-13 02:39:37,0.09
3563,1728,663.52,user 1728,Zara,2024-10-13 09:07:35,1.46
3564,371,117.45,user 371,Deutsche Bahn,2024-10-13 09:23:25,0.27
3565,992,464.49,user 992,Lidl,2024-10-13 13:44:41,0.85
3566,355,487.05,user 355,Apple,2024-10-13 18:18:45,0.95
3567,1339,595.18,user 1339,Lidl,2024-10-13 19:37:11,1.22
3568,197,286.72,user 197,Lidl,2024-10-13 21:15:26,0.57
3569,443,187.35,user 443,Booking.com,2024-10-13 22:42:02,0.35
3570,219,703.3,user 219,IKEA,2024-10-13 23:27:38,1.36
3571,1246,332.51,user 1246,IKEA,2024-10-13 23:52:06,0.71
3572,419,1031.2,user 419,Amazon,2024-10-14 02:57:58,1.81
3573,975,577.91,user 975,Apple,2024-10-14 03:26:33,1.19
3574,224,40.23,user 224,Uber,2024-10-14 04:09:29,0.09
3575,638,187.82,user 638,Shell,2024-10-14 04:21:39,0.33
3576,157,711.82,user 157,Apple,2024-10-14 06:27:47,1.46
3577,488,814.32,user 488,Shell,2024-10-14 06:35:21,1.83
3578,932,448.49,user 932,Lidl,2024-10-14 07:44:03,0.89
3579,1415,639.51,user 1415,Amazon,2024-10-14 08:47:34,1.09
3580,1671,258.47,user 1671,Booking.com,2024-10-14 09:29:50,0.58
3581,22,61.12,user 22,Lidl,2024-10-14 10:09:12,0.14
3582,61,134.42,user 61,Spotify,2024-10-14 10:38:49,0.23
3583,63,445.46,user 63,Booking.com,2024-10-14 11:02:43,0.95
3584,396,795.79,user 396,Spotify,2024-10-14 11:30:16,1.58
3585,7,1300.17,user 7,IKEA,2024-10-14 13:33:50,2.7
3586,826,1008.68,user 826,Booking.com,2024-10-14 16:44:04,2.12
3587,1025,772.69,user 1025,Uber,2024-10-14 18:14:47,1.61
3588,1354,762.8,user 1354,Apple,2024-10-15 03:18:24,1.61
3589,1025,638.12,user 1025,IKEA,2024-10-15 03:39:30,1.35
3590,257,1208.71,user 257,Deutsche Bahn,2024-10-15 05:57:26,2.28
3591,36,607.19,user 36,Decathlon,2024-10-15 06:42:43,1.13
3592,1405,1134.52,user 1405,Lidl,2024-10-15 08:29:32,2.4
3593,14,403.28,user 14,Carrefour,2024-10-15 09:35:57,0.82
3594,1008,22.54,user 1008,Lidl,2024-10-15 09:40:48,0.04
3595,590,1319.31,user 590,Uber,2024-10-15 09:56:05,2.79
3596,209,410.99,user 209,Lidl,2024-10-15 13:06:55,0.75
3597,1578,783.27,user 1578,Lidl,2024-10-15 16:37:53,1.71
3598,760,934.83,user 760,Shell,2024-10-15 19:35:26,1.94
3599,898,856.84,user 898,Carrefour,2024-10-15 20:04:09,1.83
3600,1391,92.65,user 1391,Carrefour,2024-10-15 20:08:42,0.19
3601,428,563.7,user 428,Apple,2024-10-16 02:27:43,0.99
3602,493,556.27,user 493,Zara,2024-10-16 05:03:50,1.17
3603,680,1339.34,user 680,Shell,2024-10-16 07:04:26,3.01
3604,24,1094.01,user 24,Deutsche Bahn,2024-10-16 07:52:19,2.19
3605,812,725.43,user 812,Amazon,2024-10-16 08:06:39,1.48
3606,186,663.36,user 186,Apple,2024-10-16 09:21:42,1.18
3607,607,251.97,user 607,Lidl,2024-10-16 12:13:41,0.53
3608,1511,127.62,user 1511,Lidl,2024-10-16 12:37:01,0.29
3609,1611,10.51,user 1611,Spotify,2024-10-16 12:46:38,0.02
3610,776,381.05,user 776,Apple,2024-10-16 15:21:32,0.71
3611,1133,610.82,user 1133,Uber,2024-10-16 16:42:45,1.22
3612,185,447.31,user 185,Lidl,2024-10-16 18:33:19,0.82
3613,792,1045.93,user 792,Shell,2024-10-16 19:48:20,1.9
3614,1052,434.87,user 1052,Apple,2024-10-16 19:49:57,0.77
3615,530,863.44,user 530,Zara,2024-10-16 20:45:11,1.87
3616,239,1169.4,user 239,Shell,2024-10-16 23:30:11,2.59
3617,594,87.39,user 594,Apple,2024-10-16 23:59:31,0.15
3618,1318,1064.23,user 1318,Spotify,2024-10-17 00:07:52,2.01
3619,1350,91.94,user 1350,Uber,2024-10-17 05:09:40,0.19
3620,1056,986.26,user 1056,Decathlon,2024-10-17 05:50:49,2.27
3621,1585,496.23,user 1585,Amazon,2024-10-17 08:29:01,0.9
3622,1521,663.1,user 1521,Spotify,2024-10-17 11:22:09,1.46
3623,931,1132.7,user 931,Decathlon,2024-10-17 15:12:10,2.34
3624,1164,308.11,user 1164,Uber,2024-10-18 02:34:32,0.6
3625,223,517.8,user 223,Decathlon,2024-10-18 03:38:03,0.94
3626,488,205.3,user 488,Carrefour,2024-10-18 03:48:51,0.39
3627,1397,382.92,user 1397,Apple,2024-10-18 06:34:25,0.87
3628,1729,404.4,user 1729,Carrefour,2024-10-18 08:52:19,0.88
3629,1613,290.39,user 1613,Deutsche Bahn,2024-10-18 09:07:52,0.51
3630,1029,949.47,user 1029,Apple,2024-10-18 09:29:31,1.91
3631,50,605.87,user 50,Deutsche Bahn,2024-10-18 10:27:41,1.18
3632,273,242.37,user 273,Decathlon,2024-10-18 11:40:20,0.49
3633,653,298.15,user 653,Deutsche Bahn,2024-10-18 13:03:34,0.68
3634,1339,1214.56,user 1339,Spotify,2024-10-18 14:55:52,2.53
3635,87,676.82,user 87,Decathlon,2024-10-18 16:18:02,1.49
3636,468,855.62,user 468,Deutsche Bahn,2024-10-18 16:38:44,1.93
3637,181,231.52,user 181,Lidl,2024-10-18 17:23:32,0.41
3638,1182,894.74,user 1182,Booking.com,2024-10-18 17:34:45,1.9
3639,1411,636.64,user 1411,Zara,2024-10-18 17:42:37,1.37
3640,556,406.34,user 556,Lidl,2024-10-18 20:03:38,0.83
3641,1342,172.0,user 1342,Booking.com,2024-10-18 20:36:22,0.33
3642,997,1058.24,user 997,Decathlon,2024-10-18 21:01:18,2.06
3643,1242,111.25,user 1242,Booking.com,2024-10-18 21:30:30,0.25
3644,1009,1312.17,user 1009,Booking.com,2024-10-18 22:17:08,2.5
3645,9,1270.82,user 9,Lidl,2024-10-18 22:34:15,2.57
3646,1071,356.86,user 1071,Uber,2024-10-19 00:00:10,0.71
3647,1256,880.1,user 1256,Amazon,2024-10-19 01:50:06,1.51
3648,867,462.96,user 867,Zara,2024-10-19 02:05:21,0.99
3649,1004,629.52,user 1004,Amazon,2024-10-19 02:31:15,1.35
3650,288,428.07,user 288,Booking.com,2024-10-19 03:34:23,0.81
3651,1718,461.75,user 1718,Lidl,2024-10-19 05:21:05,0.91
3652,119,954.87,user 119,Lidl,2024-10-19 07:17:08,1.94
3653,554,91.97,user 554,Zara,2024-10-19 08:01:33,0.2
3654,1041,641.42,user 1041,Spotify,2024-10-19 08:24:53,1.46
3655,635,905.31,user 635,IKEA,2024-10-19 09:34:46,1.71
3656,1154,834.7,user 1154,IKEA,2024-10-19 14:56:29,1.83
3657,289,1306.44,user 289,Spotify,2024-10-19 18:02:52,2.66
3658,1084,992.01,user 1084,Spotify,2024-10-19 18:31:49,1.78
3659,18,349.15,user 18,Shell,2024-10-19 22:16:53,0.67
3660,597,769.36,user 597,Lidl,2024-10-20 03:35:49,1.56
3661,1185,903.27,user 1185,Carrefour,2024-10-20 05:28:59,1.58
3662,1582,902.89,user 1582,Deutsche Bahn,2024-10-20 07:55:57,1.67
3663,715,604.83,user 715,Lidl,2024-10-20 08:07:26,1.09
3664,246,588.51,user 246,Lidl,2024-10-20 08:46:31,1.28
3665,104,914.25,user 104,Deutsche Bahn,2024-10-20 09:44:55,2.01
3666,990,124.18,user 990,Lidl,2024-10-20 09:48:51,0.25
3667,470,164.82,user 470,Apple,2024-10-20 10:06:34,0.28
3668,1524,296.89,user 1524,Uber,2024-10-20 11:33:57,0.65
3669,1575,792.18,user 1575,Deutsche Bahn,2024-10-20 12:37:15,1.75
3670,1500,1311.61,user 1500,Lidl,2024-10-20 15:04:22,2.47
3671,1145,1268.72,user 1145,Shell,2024-10-20 15:05:42,2.4
3672,1137,86.86,user 1137,Amazon,2024-10-20 16:35:14,0.15
3673,1463,1069.04,user 1463,Decathlon,2024-10-20 18:08:42,2.06
3674,314,1315.08,user 314,Carrefour,2024-10-20 22:07:53,2.27
3675,174,607.47,user 174,Zara,2024-10-20 22:25:35,1.1
3676,1102,118.35,user 1102,Apple,2024-10-20 23:10:05,0.26
3677,829,481.2,user 829,Uber,2024-10-21 01:02:09,1.01
3678,1549,1397.01,user 1549,Lidl,2024-10-21 01:24:56,2.42
3679,1581,681.66,user 1581,Lidl,2024-10-21 01:32:31,1.24
3680,661,422.57,user 661,Shell,2024-10-21 04:27:08,0.83
3681,696,659.43,user 696,Zara,2024-10-21 04:43:49,1.14
3682,1398,1338.36,user 1398,Amazon,2024-10-21 07:54:25,2.92
3683,402,1093.27,user 402,Shell,2024-10-21 08:01:02,2.5
3684,1568,1087.57,user 1568,Shell,2024-10-21 09:33:59,2.49
3685,1078,1285.67,user 1078,Deutsche Bahn,2024-10-21 12:53:30,2.73
3686,935,895.16,user 935,IKEA,2024-10-21 14:16:47,1.9
3687,532,1123.33,user 532,Decathlon,2024-10-21 17:27:27,2.38
3688,1125,928.32,user 1125,Deutsche Bahn,2024-10-21 19:57:35,1.83
3689,1533,927.6,user 1533,Spotify,2024-10-21 21:25:36,1.66
3690,753,1185.02,user 753,Spotify,2024-10-22 00:46:59,2.24
3691,741,88.37,user 741,Uber,2024-10-22 02:57:46,0.17
3692,1073,530.07,user 1073,Decathlon,2024-10-22 02:58:22,1.0
3693,1708,252.91,user 1708,Apple,2024-10-22 04:27:10,0.46
3694,1116,159.65,user 1116,Zara,2024-10-22 05:54:43,0.29
3695,1432,330.53,user 1432,Booking.com,2024-10-22 08:06:38,0.71
3696,611,300.51,user 611,Shell,2024-10-22 10:25:42,0.62
3697,690,1009.32,user 690,Booking.com,2024-10-22 14:42:31,2.22
3698,826,20.87,user 826,Booking.com,2024-10-22 15:09:10,0.05
3699,1456,871.72,user 1456,Carrefour,2024-10-22 17:10:12,1.92
3700,1030,77.42,user 1030,Spotify,2024-10-22 17:37:59,0.17
3701,1582,1219.46,user 1582,Booking.com,2024-10-22 21:15:00,2.77
3702,1005,1256.54,user 1005,Amazon,2024-10-22 21:39:51,2.61
3703,1633,434.65,user 1633,Carrefour,2024-10-22 23:49:04,0.75
3704,853,264.86,user 853,Shell,2024-10-23 01:23:37,0.59
3705,1432,976.85,user 1432,Uber,2024-10-23 01:42:29,1.72
3706,79,171.51,user 79,Zara,2024-10-23 07:10:09,0.34
3707,144,1170.0,user 144,Spotify,2024-10-23 08:00:52,2.26
3708,1448,1263.25,user 1448,Apple,2024-10-23 08:51:19,2.71
3709,156,1173.66,user 156,Spotify,2024-10-23 09:53:11,2.04
3710,1177,773.0,user 1177,Decathlon,2024-10-23 10:18:34,1.44
3711,148,566.02,user 148,Uber,2024-10-23 13:45:45,1.13
3712,1378,692.2,user 1378,IKEA,2024-10-23 14:02:36,1.42
3713,47,1169.21,user 47,Decathlon,2024-10-23 14:21:01,2.63
3714,1415,1037.82,user 1415,Carrefour,2024-10-23 14:58:34,2.14
3715,206,930.75,user 206,Carrefour,2024-10-23 16:58:29,1.99
3716,427,523.33,user 427,Deutsche Bahn,2024-10-23 19:36:02,1.14
3717,1435,397.06,user 1435,IKEA,2024-10-23 23:34:45,0.85
3718,519,776.09,user 519,IKEA,2024-10-24 03:51:20,1.34
3719,164,1085.08,user 164,Zara,2024-10-24 09:13:08,2.29
3720,589,1031.33,user 589,Spotify,2024-10-24 11:20:46,2.04
3721,908,257.28,user 908,Amazon,2024-10-24 13:47:20,0.52
3722,17,972.06,user 17,Booking.com,2024-10-24 15:07:24,1.78
3723,1444,759.16,user 1444,Lidl,2024-10-24 16:54:03,1.55
3724,230,265.76,user 230,IKEA,2024-10-24 22:40:02,0.56
3725,769,339.62,user 769,Decathlon,2024-10-25 01:14:45,0.58
3726,1373,1016.92,user 1373,Spotify,2024-10-25 09:23:52,2.27
3727,436,1209.31,user 436,Deutsche Bahn,2024-10-25 12:44:05,2.51
3728,1759,1021.14,user 1759,Lidl,2024-10-25 16:01:04,1.94
3729,1198,1353.92,user 1198,Uber,2024-10-25 18:02:56,2.83
3730,1377,1337.15,user 1377,Lidl,2024-10-25 19:36:30,2.49
3731,462,1321.87,user 462,Lidl,2024-10-25 21:35:32,3.01
3732,975,1375.22,user 975,Deutsche Bahn,2024-10-25 23:27:08,2.57
3733,352,640.75,user 352,Shell,2024-10-26 01:21:32,1.29
3734,941,720.34,user 941,Spotify,2024-10-26 01:41:10,1.32
3735,1413,1244.79,user 1413,Uber,2024-10-26 02:04:42,2.18
3736,1773,1375.26,user 1773,Apple,2024-10-26 02:33:53,2.78
3737,757,650.13,user 757,Carrefour,2024-10-26 02:39:50,1.41
3738,90,839.99,user 90,Carrefour,2024-10-26 05:58:07,1.8
3739,1550,479.35,user 1550,Apple,2024-10-26 07:54:19,0.92
3740,904,314.39,user 904,Lidl,2024-10-26 08:06:44,0.62
3741,1099,1108.62,user 1099,Decathlon,2024-10-26 11:50:20,2.17
3742,513,765.73,user 513,Lidl,2024-10-26 12:10:02,1.65
3743,1488,1211.11,user 1488,IKEA,2024-10-26 14:34:16,2.74
3744,1685,1065.35,user 1685,IKEA,2024-10-26 15:47:15,2.0
3745,853,825.01,user 853,IKEA,2024-10-26 16:55:01,1.47
3746,940,903.06,user 940,Deutsche Bahn,2024-10-26 17:28:06,1.57
3747,1308,419.91,user 1308,Carrefour,2024-10-26 23:01:29,0.74
3748,1312,86.55,user 1312,Deutsche Bahn,2024-10-27 05:06:53,0.17
3749,483,216.41,user 483,Carrefour,2024-10-27 15:13:14,0.43
3750,162,422.36,user 162,Apple,2024-10-27 15:30:08,0.97
3751,593,52.6,user 593,Spotify,2024-10-27 20:12:05,0.1
3752,618,1288.75,user 618,Lidl,2024-10-27 23:33:31,2.54
3753,1354,785.06,user 1354,Apple,2024-10-28 00:26:32,1.66
3754,1655,398.32,user 1655,Deutsche Bahn,2024-10-28 04:25:56,0.73
3755,105,536.63,user 105,Apple,2024-10-28 07:35:57,1.2
3756,876,1185.03,user 876,Decathlon,2024-10-28 09:29:09,2.12
3757,1769,917.59,user 1769,Apple,2024-10-28 09:34:44,1.75
3758,59,632.38,user 59,Deutsche Bahn,2024-10-28 20:01:41,1.17
3759,1108,1178.24,user 1108,Zara,2024-10-28 22:43:02,2.55
3760,1681,289.78,user 1681,Shell,2024-10-28 23:34:48,0.52
3761,1707,1036.29,user 1707,Spotify,2024-10-29 01:14:01,2.16
3762,1528,1268.45,user 1528,Uber,2024-10-29 03:14:22,2.56
3763,1310,277.52,user 1310,Lidl,2024-10-29 05:24:51,0.5
3764,102,1259.5,user 102,Booking.com,2024-10-29 06:01:31,2.22
3765,1765,1315.51,user 1765,Uber,2024-10-29 13:25:26,2.6
3766,1077,1125.0,user 1077,Decathlon,2024-10-29 13:33:34,2.23
3767,887,595.97,user 887,Booking.com,2024-10-29 15:08:13,1.37
3768,1329,423.91,user 1329,Booking.com,2024-10-29 17:31:23,0.79
3769,401,256.66,user 401,Deutsche Bahn,2024-10-29 20:42:31,0.57
3770,1216,1354.89,user 1216,Amazon,2024-10-29 21:00:11,2.48
3771,700,153.9,user 700,Lidl,2024-10-29 21:41:20,0.27
3772,478,506.57,user 478,Uber,2024-10-29 23:36:03,0.92
3773,627,650.2,user 627,Uber,2024-10-30 01:23:29,1.23
3774,112,443.81,user 112,Deutsche Bahn,2024-10-30 06:37:06,0.76
3775,370,529.38,user 370,Zara,2024-10-30 12:49:56,1.13
3776,660,131.85,user 660,Apple,2024-10-30 12:53:50,0.29
3777,208,1174.37,user 208,Carrefour,2024-10-30 13:33:15,2.57
3778,476,1013.88,user 476,Deutsche Bahn,2024-10-30 15:26:45,1.76
3779,1057,644.31,user 1057,Amazon,2024-10-30 16:00:00,1.21
3780,388,202.56,user 388,Zara,2024-10-30 16:36:00,0.4
3781,1459,813.6,user 1459,Deutsche Bahn,2024-10-30 17:23:53,1.41
3782,400,293.93,user 400,Lidl,2024-10-30 17:56:41,0.66
3783,664,1015.34,user 664,Shell,2024-10-30 19:26:13,1.99
3784,1167,706.39,user 1167,Spotify,2024-10-30 22:44:22,1.23
3785,1522,48.76,user 1522,Decathlon,2024-10-31 02:13:53,0.11
3786,987,246.14,user 987,Booking.com,2024-10-31 05:14:04,0.48
3787,147,1141.11,user 147,Carrefour,2024-10-31 06:46:04,2.62
3788,97,933.71,user 97,Shell,2024-10-31 07:08:54,1.86
3789,342,91.07,user 342,Booking.com,2024-10-31 07:36:06,0.18
3790,1711,824.05,user 1711,Booking.com,2024-10-31 09:47:10,1.67
3791,1659,78.51,user 1659,Shell,2024-10-31 12:44:46,0.14
3792,1492,906.65,user 1492,Booking.com,2024-10-31 17:12:52,1.99
3793,485,967.13,user 485,IKEA,2024-10-31 17:32:59,1.7
3794,416,895.4,user 416,Booking.com,2024-10-31 19:01:53,1.91
3795,1520,181.59,user 1520,Spotify,2024-10-31 19:52:18,0.36
3796,747,1083.41,user 747,Spotify,2024-10-31 21:27:46,2.2
3797,780,1293.85,user 780,Decathlon,2024-11-01 01:06:31,2.7
3798,521,1299.59,user 521,Apple,2024-11-01 02:59:05,2.63
3799,1369,368.64,user 1369,Zara,2024-11-01 03:42:12,0.8
3800,771,465.31,user 771,Apple,2024-11-01 04:10:48,0.87
3801,1575,192.59,user 1575,Amazon,2024-11-01 04:12:51,0.33
3802,836,143.11,user 836,Carrefour,2024-11-01 05:15:59,0.33
3803,192,45.31,user 192,Apple,2024-11-01 06:23:36,0.08
3804,503,828.52,user 503,Decathlon,2024-11-01 07:14:27,1.67
3805,1024,611.0,user 1024,Zara,2024-11-01 07:38:29,1.05
3806,1109,385.06,user 1109,Decathlon,2024-11-01 13:38:04,0.77
3807,292,887.3,user 292,Zara,2024-11-01 14:06:36,1.87
3808,1325,389.71,user 1325,Decathlon,2024-11-01 15:35:49,0.73
3809,873,1008.31,user 873,Shell,2024-11-01 15:48:19,2.16
3810,669,1040.34,user 669,Decathlon,2024-11-01 17:16:32,1.8
3811,525,567.52,user 525,Zara,2024-11-01 20:40:23,1.15
3812,1665,664.67,user 1665,Amazon,2024-11-01 23:28:39,1.52
3813,681,1171.92,user 681,Decathlon,2024-11-01 23:34:54,2.0
3814,1358,1226.82,user 1358,Apple,2024-11-01 23:37:05,2.18
3815,88,1274.05,user 88,Deutsche Bahn,2024-11-02 00:45:18,2.49
3816,574,256.47,user 574,Uber,2024-11-02 02:19:30,0.48
3817,734,1233.97,user 734,Uber,2024-11-02 07:54:55,2.35
3818,1382,470.23,user 1382,Amazon,2024-11-02 07:57:26,0.84
3819,1250,1021.86,user 1250,Zara,2024-11-02 08:03:48,2.06
3820,458,348.73,user 458,Lidl,2024-11-02 08:23:02,0.67
3821,320,98.84,user 320,Spotify,2024-11-02 13:46:27,0.22
3822,1541,62.99,user 1541,Carrefour,2024-11-02 16:40:48,0.13
3823,1687,700.6,user 1687,Decathlon,2024-11-02 18:39:45,1.2
3824,1589,1057.4,user 1589,Apple,2024-11-02 19:16:01,2.06
3825,182,303.73,user 182,Carrefour,2024-11-02 19:57:34,0.56
3826,1410,1294.0,user 1410,Apple,2024-11-02 20:17:38,2.96
3827,1535,353.28,user 1535,Lidl,2024-11-02 20:38:34,0.64
3828,945,198.46,user 945,Amazon,2024-11-02 20:51:52,0.35
3829,221,1330.54,user 221,Amazon,2024-11-02 22:39:45,2.54
3830,354,793.43,user 354,Booking.com,2024-11-02 23:27:56,1.52
3831,150,678.9,user 150,Uber,2024-11-02 23:43:29,1.31
3832,250,370.15,user 250,Spotify,2024-11-03 02:56:45,0.7
3833,1175,238.17,user 1175,Apple,2024-11-03 04:40:54,0.51
3834,1384,995.35,user 1384,Uber,2024-11-03 06:51:09,1.93
3835,1607,929.67,user 1607,Decathlon,2024-11-03 09:47:08,1.62
3836,1455,1026.9,user 1455,Spotify,2024-11-03 18:22:18,2.0
3837,376,1273.73,user 376,Decathlon,2024-11-04 09:14:36,2.3
3838,1726,63.22,user 1726,Shell,2024-11-04 10:00:57,0.12
3839,1701,629.32,user 1701,Booking.com,2024-11-04 12:01:19,1.38
3840,158,1103.38,user 158,Carrefour,2024-11-04 13:37:45,2.11
3841,1633,96.25,user 1633,Decathlon,2024-11-04 23:44:31,0.22
3842,1603,575.37,user 1603,Booking.com,2024-11-05 06:13:21,1.1
3843,1731,123.96,user 1731,Zara,2024-11-05 06:41:58,0.25
3844,51,450.5,user 51,Decathlon,2024-11-05 06:56:42,0.94
3845,1747,1050.4,user 1747,Zara,2024-11-05 08:30:15,1.83
3846,25,329.79,user 25,Spotify,2024-11-05 12:05:46,0.64
3847,1482,616.37,user 1482,Booking.com,2024-11-05 14:12:17,1.13
3848,1144,1257.92,user 1144,Spotify,2024-11-05 14:54:24,2.58
3849,990,998.12,user 990,IKEA,2024-11-05 16:49:47,2.07
3850,47,1373.49,user 47,Carrefour,2024-11-05 21:40:11,3.13
3851,875,1181.39,user 875,Amazon,2024-11-05 22:33:58,2.58
3852,1208,1015.36,user 1208,Deutsche Bahn,2024-11-05 22:54:06,2.03
3853,418,1285.22,user 418,Shell,2024-11-05 23:24:34,2.32
3854,448,302.41,user 448,Uber,2024-11-05 23:27:51,0.63
3855,393,1197.71,user 393,IKEA,2024-11-06 06:53:32,2.35
3856,1612,191.18,user 1612,Decathlon,2024-11-06 07:28:08,0.42
3857,730,473.3,user 730,Amazon,2024-11-06 12:20:31,0.97
3858,346,1221.34,user 346,Apple,2024-11-06 12:51:42,2.75
3859,306,589.09,user 306,Deutsche Bahn,2024-11-06 13:00:17,1.2
3860,1279,955.6,user 1279,Amazon,2024-11-06 13:32:11,2.04
3861,717,468.84,user 717,Decathlon,2024-11-06 13:59:43,1.01
3862,1455,856.86,user 1455,Amazon,2024-11-06 14:29:46,1.7
3863,458,111.02,user 458,Carrefour,2024-11-06 18:33:38,0.25
3864,1578,404.9,user 1578,Decathlon,2024-11-06 18:47:08,0.85
3865,404,929.36,user 404,Amazon,2024-11-06 21:38:07,1.98
3866,5,95.91,user 5,Zara,2024-11-06 22:37:18,0.21
3867,22,181.23,user 22,Uber,2024-11-06 22:52:04,0.39
3868,1525,772.54,user 1525,IKEA,2024-11-07 03:20:08,1.61
3869,587,762.57,user 587,IKEA,2024-11-07 03:55:44,1.59
3870,1289,772.79,user 1289,Uber,2024-11-07 04:28:45,1.39
3871,87,1301.1,user 87,Uber,2024-11-07 04:46:06,2.32
3872,1748,483.97,user 1748,Deutsche Bahn,2024-11-07 04:57:06,0.86
3873,461,528.22,user 461,Carrefour,2024-11-07 06:06:10,1.13
3874,607,1188.76,user 607,Zara,2024-11-07 10:32:56,2.68
3875,62,902.59,user 62,Carrefour,2024-11-07 12:53:20,1.55
3876,1410,330.98,user 1410,Spotify,2024-11-07 13:28:40,0.7
3877,1386,1084.47,user 1386,Uber,2024-11-07 14:52:58,2.41
3878,460,1060.31,user 460,Booking.com,2024-11-07 15:49:36,1.83
3879,699,213.75,user 699,Deutsche Bahn,2024-11-07 19:31:34,0.47
3880,1728,1060.91,user 1728,Amazon,2024-11-07 22:54:44,2.29
3881,1524,1060.66,user 1524,Booking.com,2024-11-08 00:21:25,2.37
3882,304,375.54,user 304,Deutsche Bahn,2024-11-08 00:55:00,0.79
3883,1116,559.71,user 1116,Deutsche Bahn,2024-11-08 01:10:54,1.05
3884,911,817.63,user 911,Decathlon,2024-11-08 01:13:15,1.41
3885,1078,736.64,user 1078,Decathlon,2024-11-08 03:08:52,1.31
3886,507,403.04,user 507,Decathlon,2024-11-08 08:32:03,0.76
3887,386,1284.27,user 386,Carrefour,2024-11-08 08:58:18,2.59
3888,899,220.98,user 899,Amazon,2024-11-08 09:05:37,0.42
3889,598,779.96,user 598,Zara,2024-11-08 09:12:32,1.79
3890,903,380.63,user 903,Spotify,2024-11-08 09:20:48,0.73
3891,431,834.13,user 431,Deutsche Bahn,2024-11-08 09:26:28,1.74
3892,1640,292.22,user 1640,IKEA,2024-11-08 10:02:26,0.56
3893,109,957.08,user 109,Amazon,2024-11-08 10:12:36,1.95
3894,510,718.68,user 510,Shell,2024-11-08 11:17:08,1.49
3895,118,460.58,user 118,Apple,2024-11-08 12:08:48,0.8
3896,430,853.2,user 430,Carrefour,2024-11-08 14:21:20,1.85
3897,236,382.27,user 236,IKEA,2024-11-08 14:32:05,0.84
3898,151,742.68,user 151,Amazon,2024-11-08 14:55:14,1.48
3899,54,1399.67,user 54,Uber,2024-11-08 16:06:23,3.21
3900,1664,437.7,user 1664,Spotify,2024-11-08 16:30:42,0.75
3901,372,775.87,user 372,IKEA,2024-11-08 20:30:01,1.59
3902,1645,876.98,user 1645,Decathlon,2024-11-08 21:32:54,1.68
3903,1175,1266.13,user 1175,Carrefour,2024-11-09 02:07:42,2.71
3904,443,269.03,user 443,Deutsche Bahn,2024-11-09 02:37:18,0.58
3905,1598,1214.08,user 1598,Lidl,2024-11-09 05:14:09,2.54
3906,86,1093.13,user 86,Carrefour,2024-11-09 10:57:19,2.34
3907,1572,881.72,user 1572,IKEA,2024-11-09 12:03:47,1.89
3908,935,117.32,user 935,Decathlon,2024-11-09 14:25:43,0.25
3909,1251,522.38,user 1251,Spotify,2024-11-09 14:35:28,1.19
3910,34,289.89,user 34,Carrefour,2024-11-09 14:59:06,0.64
3911,1382,1215.55,user 1382,Uber,2024-11-09 15:29:19,2.27
3912,1573,826.32,user 1573,Spotify,2024-11-09 16:21:31,1.68
3913,1091,412.59,user 1091,Lidl,2024-11-09 20:01:45,0.73
3914,504,242.02,user 504,Amazon,2024-11-10 00:33:49,0.5
3915,559,443.16,user 559,Carrefour,2024-11-10 01:56:49,0.85
3916,704,1078.82,user 704,IKEA,2024-11-10 03:08:20,2.17
3917,1171,1353.39,user 1171,Carrefour,2024-11-10 04:39:26,2.66
3918,586,28.47,user 586,Spotify,2024-11-10 10:01:48,0.05
3919,1100,206.42,user 1100,Zara,2024-11-10 13:01:50,0.42
3920,604,840.06,user 604,Zara,2024-11-10 17:37:04,1.52
3921,1473,1139.96,user 1473,Amazon,2024-11-10 17:45:47,2.05
3922,736,487.94,user 736,IKEA,2024-11-10 19:06:01,0.88
3923,1278,708.67,user 1278,Spotify,2024-11-10 19:58:07,1.56
3924,475,1140.16,user 475,IKEA,2024-11-10 21:54:29,2.41
3925,1185,273.82,user 1185,IKEA,2024-11-10 23:24:22,0.56
3926,1592,866.6,user 1592,Deutsche Bahn,2024-11-10 23:51:48,1.53
3927,1157,1149.02,user 1157,Lidl,2024-11-11 00:10:13,2.35
3928,1617,1171.25,user 1617,Apple,2024-11-11 05:58:33,2.0
3929,176,245.42,user 176,Deutsche Bahn,2024-11-11 06:10:31,0.45
3930,760,176.93,user 760,Spotify,2024-11-11 07:30:55,0.36
3931,21,575.17,user 21,Amazon,2024-11-11 10:02:36,1.14
3932,474,1068.75,user 474,IKEA,2024-11-11 13:43:39,1.86
3933,1260,887.81,user 1260,Zara,2024-11-11 13:58:37,1.66
3934,1755,1348.21,user 1755,Amazon,2024-11-11 15:20:37,3.04
3935,1424,590.22,user 1424,Booking.com,2024-11-11 15:48:40,1.24
3936,962,556.04,user 962,Booking.com,2024-11-11 19:01:04,1.22
3937,218,44.29,user 218,Amazon,2024-11-11 19:06:23,0.08
3938,835,616.4,user 835,IKEA,2024-11-11 20:44:23,1.18
3939,25,359.65,user 25,Uber,2024-11-11 21:30:19,0.64
3940,1229,274.32,user 1229,Decathlon,2024-11-12 00:18:41,0.53
3941,1413,886.17,user 1413,Apple,2024-11-12 01:46:01,1.79
3942,1771,1030.27,user 1771,IKEA,2024-11-12 02:12:21,2.05
3943,1074,751.28,user 1074,Amazon,2024-11-12 03:43:17,1.56
3944,388,1195.27,user 388,IKEA,2024-11-12 06:53:39,2.22
3945,1207,1291.09,user 1207,IKEA,2024-11-12 08:10:31,2.21
3946,1744,738.21,user 1744,Booking.com,2024-11-12 09:10:34,1.5
3947,1731,385.56,user 1731,IKEA,2024-11-12 11:41:33,0.82
3948,1352,480.88,user 1352,Spotify,2024-11-12 11:49:19,1.0
3949,658,1259.79,user 658,Spotify,2024-11-12 12:22:33,2.31
3950,1280,1061.48,user 1280,Lidl,2024-11-12 20:18:30,1.89
3951,1215,649.95,user 1215,Apple,2024-11-12 20:18:56,1.42
3952,1715,850.7,user 1715,IKEA,2024-11-12 21:01:47,1.84
3953,579,761.85,user 579,Deutsche Bahn,2024-11-13 03:04:02,1.74
3954,1009,522.86,user 1009,Uber,2024-11-13 04:56:16,1.15
3955,1082,754.6,user 1082,IKEA,2024-11-13 05:29:33,1.67
3956,1072,817.47,user 1072,Uber,2024-11-13 08:03:06,1.49
3957,488,817.24,user 488,Booking.com,2024-11-13 09:32:01,1.69
3958,204,1301.23,user 204,Deutsche Bahn,2024-11-13 15:49:29,2.55
3959,11,71.03,user 11,Lidl,2024-11-13 19:36:11,0.15
3960,131,686.05,user 131,Carrefour,2024-11-13 19:45:35,1.18
3961,882,1375.36,user 882,Carrefour,2024-11-13 21:06:26,2.94
3962,348,1176.38,user 348,Decathlon,2024-11-13 22:23:41,2.57
3963,1327,1286.66,user 1327,Spotify,2024-11-13 23:03:06,2.66
3964,953,778.23,user 953,Spotify,2024-11-13 23:43:33,1.41
3965,1559,1293.8,user 1559,Amazon,2024-11-14 00:48:46,2.51
3966,786,649.01,user 786,Shell,2024-11-14 01:09:45,1.32
3967,95,814.65,user 95,Spotify,2024-11-14 01:26:35,1.54
3968,625,848.64,user 625,Deutsche Bahn,2024-11-14 06:16:15,1.74
3969,1004,690.47,user 1004,Booking.com,2024-11-14 06:27:26,1.25
3970,692,131.53,user 692,Amazon,2024-11-14 08:50:53,0.23
3971,1740,1176.55,user 1740,Apple,2024-11-14 09:15:39,2.22
3972,1774,116.39,user 1774,Decathlon,2024-11-14 09:16:33,0.2
3973,674,313.03,user 674,Apple,2024-11-14 11:44:19,0.71
3974,1170,1297.21,user 1170,Deutsche Bahn,2024-11-14 12:08:54,2.29
3975,1750,188.43,user 1750,Amazon,2024-11-14 12:10:18,0.36
3976,855,176.78,user 855,Spotify,2024-11-14 12:57:29,0.37
3977,681,1384.01,user 681,Booking.com,2024-11-14 16:40:25,3.13
3978,889,638.29,user 889,Zara,2024-11-14 16:57:26,1.37
3979,166,1313.88,user 166,IKEA,2024-11-14 17:35:39,2.25
3980,574,706.83,user 574,Deutsche Bahn,2024-11-14 21:37:49,1.47
3981,1698,463.94,user 1698,Shell,2024-11-15 02:21:28,0.88
3982,1103,1127.38,user 1103,Amazon,2024-11-15 03:40:13,2.43
3983,1165,29.36,user 1165,Uber,2024-11-15 05:40:24,0.06
3984,539,935.88,user 539,Apple,2024-11-15 06:18:54,1.77
3985,251,591.1,user 251,Lidl,2024-11-15 08:06:02,1.27
3986,358,190.3,user 358,IKEA,2024-11-15 09:37:50,0.32
3987,1735,1036.93,user 1735,Deutsche Bahn,2024-11-15 09:45:25,1.96
3988,1854,352.08,user 1854,Booking.com,2024-11-15 09:45:53,0.8
3989,380,1188.79,user 380,Uber,2024-11-15 09:59:54,2.51
3990,53,606.24,user 53,Spotify,2024-11-15 12:13:31,1.11
3991,141,151.17,user 141,Carrefour,2024-11-15 12:57:18,0.32
3992,528,1225.98,user 528,Uber,2024-11-15 13:57:42,2.31
3993,151,423.75,user 151,IKEA,2024-11-15 14:39:23,0.77
3994,1522,777.23,user 1522,Booking.com,2024-11-15 15:24:49,1.57
3995,724,873.65,user 724,Amazon,2024-11-15 17:57:01,1.64
3996,1259,343.74,user 1259,Amazon,2024-11-15 18:17:18,0.67
3997,210,431.8,user 210,Spotify,2024-11-15 21:09:57,0.91
3998,656,730.41,user 656,Lidl,2024-11-15 23:44:51,1.53
3999,767,527.88,user 767,Spotify,2024-11-16 01:40:09,0.92
4000,1576,890.18,user 1576,IKEA,2024-11-16 01:42:36,1.8
4001,386,1207.87,user 386,Uber,2024-11-16 05:56:03,2.72
4002,1581,1201.11,user 1581,Shell,2024-11-16 08:29:56,2.29
4003,305,1360.43,user 305,Amazon,2024-11-16 10:48:20,2.98
4004,916,1322.24,user 916,Apple,2024-11-16 13:25:18,2.41
4005,238,628.59,user 238,Carrefour,2024-11-16 17:30:16,1.43
4006,386,191.47,user 386,Lidl,2024-11-16 22:18:14,0.37
4007,145,912.17,user 145,Zara,2024-11-16 22:31:10,1.6
4008,952,1256.77,user 952,Booking.com,2024-11-17 01:43:57,2.81
4009,15,668.83,user 15,Amazon,2024-11-17 05:01:39,1.18
4010,498,310.97,user 498,Uber,2024-11-17 05:12:27,0.7
4011,1129,401.14,user 1129,Spotify,2024-11-17 06:16:52,0.83
4012,1608,425.9,user 1608,Zara,2024-11-17 07:14:33,0.97
4013,683,478.65,user 683,Amazon,2024-11-17 07:16:52,1.03
4014,2,1023.11,user 2,Amazon,2024-11-17 07:32:55,1.97
4015,1261,1190.84,user 1261,Apple,2024-11-17 09:05:23,2.42
4016,646,910.1,user 646,Booking.com,2024-11-17 09:20:28,1.92
4017,838,880.62,user 838,Lidl,2024-11-17 10:27:10,1.6
4018,1372,20.08,user 1372,Carrefour,2024-11-17 15:12:22,0.04
4019,25,457.26,user 25,Decathlon,2024-11-17 15:29:00,0.86
4020,1458,708.19,user 1458,Shell,2024-11-17 20:03:01,1.45
4021,1512,625.42,user 1512,Carrefour,2024-11-17 20:25:26,1.23
4022,406,143.33,user 406,Carrefour,2024-11-17 20:34:52,0.27
4023,728,564.68,user 728,Spotify,2024-11-17 22:38:34,1.23
4024,1715,1214.97,user 1715,Amazon,2024-11-18 03:47:49,2.12
4025,706,1170.89,user 706,Apple,2024-11-18 05:09:43,2.36
4026,1269,699.1,user 1269,Uber,2024-11-18 06:23:31,1.53
4027,290,1228.71,user 290,Apple,2024-11-18 10:13:42,2.52
4028,310,860.2,user 310,Deutsche Bahn,2024-11-18 11:20:16,1.82
4029,204,595.83,user 204,Booking.com,2024-11-18 12:16:42,1.31
4030,552,871.01,user 552,Booking.com,2024-11-18 14:27:09,1.87
4031,972,686.05,user 972,Uber,2024-11-18 21:14:59,1.53
4032,251,1343.17,user 251,Carrefour,2024-11-18 22:27:36,2.71
4033,268,158.47,user 268,Deutsche Bahn,2024-11-18 23:50:54,0.33
4034,1764,172.58,user 1764,Spotify,2024-11-19 01:40:07,0.35
4035,1063,1263.93,user 1063,Amazon,2024-11-19 03:40:45,2.27
4036,229,1192.26,user 229,Lidl,2024-11-19 04:01:04,2.56
4037,1274,654.09,user 1274,Lidl,2024-11-19 05:53:39,1.12
4038,341,392.87,user 341,Carrefour,2024-11-19 08:24:20,0.82
4039,356,677.83,user 356,Shell,2024-11-19 10:42:18,1.19
4040,1447,523.28,user 1447,Decathlon,2024-11-19 11:54:36,0.93
4041,1384,42.54,user 1384,IKEA,2024-11-19 12:06:41,0.09
4042,1173,1378.32,user 1173,Shell,2024-11-19 13:38:08,2.97
4043,962,435.55,user 962,Deutsche Bahn,2024-11-19 14:55:46,0.86
4044,18,1262.04,user 18,Booking.com,2024-11-19 15:36:35,2.67
4045,669,80.37,user 669,Deutsche Bahn,2024-11-19 16:13:37,0.14
4046,450,459.85,user 450,Uber,2024-11-20 03:59:53,1.06
4047,1865,844.54,user 1865,Zara,2024-11-20 05:03:57,1.75
4048,1587,1296.33,user 1587,Shell,2024-11-20 06:52:07,2.32
4049,1197,358.06,user 1197,Booking.com,2024-11-20 14:29:18,0.71
4050,87,182.58,user 87,Decathlon,2024-11-20 16:09:28,0.38
4051,1527,1138.91,user 1527,Booking.com,2024-11-20 17:31:10,2.44
4052,1697,573.8,user 1697,Booking.com,2024-11-20 18:59:56,1.12
4053,1198,328.49,user 1198,Booking.com,2024-11-20 19:06:34,0.75
4054,1571,1068.93,user 1571,Amazon,2024-11-21 00:03:24,2.22
4055,540,441.25,user 540,Lidl,2024-11-21 00:52:29,0.99
4056,784,597.09,user 784,Zara,2024-11-21 00:54:09,1.24
4057,1252,868.73,user 1252,Uber,2024-11-21 01:12:48,1.67
4058,126,209.82,user 126,Carrefour,2024-11-21 02:18:43,0.39
4059,137,284.9,user 137,Shell,2024-11-21 03:48:15,0.63
4060,591,1346.89,user 591,Carrefour,2024-11-21 04:44:22,2.67
4061,1096,1187.73,user 1096,Uber,2024-11-21 04:49:57,2.13
4062,1452,239.86,user 1452,Deutsche Bahn,2024-11-21 05:33:13,0.46
4063,677,1030.6,user 677,Zara,2024-11-21 06:20:22,2.34
4064,1484,1018.08,user 1484,Deutsche Bahn,2024-11-21 07:34:33,2.05
4065,535,927.99,user 535,Deutsche Bahn,2024-11-21 08:54:16,1.78
4066,706,730.2,user 706,Shell,2024-11-21 11:49:32,1.57
4067,1763,1181.44,user 1763,Amazon,2024-11-21 12:40:16,2.34
4068,1252,450.2,user 1252,Uber,2024-11-21 13:30:44,0.85
4069,529,135.61,user 529,Uber,2024-11-21 20:54:58,0.26
4070,1338,982.97,user 1338,IKEA,2024-11-22 00:29:10,1.72
4071,208,946.47,user 208,Uber,2024-11-22 01:03:00,2.08
4072,1814,982.81,user 1814,Shell,2024-11-22 01:33:29,1.75
4073,1049,359.36,user 1049,Shell,2024-11-22 02:39:35,0.68
4074,624,463.56,user 624,Apple,2024-11-22 02:58:34,1.03
4075,1699,536.36,user 1699,IKEA,2024-11-22 03:59:50,1.17
4076,146,941.27,user 146,Apple,2024-11-22 07:35:45,1.98
4077,511,709.18,user 511,Shell,2024-11-22 08:00:09,1.62
4078,1016,1164.84,user 1016,Lidl,2024-11-22 09:37:08,2.61
4079,804,450.87,user 804,Apple,2024-11-22 10:23:45,0.88
4080,280,287.46,user 280,Zara,2024-11-22 10:53:33,0.61
4081,552,556.2,user 552,Deutsche Bahn,2024-11-22 11:52:23,1.19
4082,50,995.57,user 50,Zara,2024-11-22 12:49:17,2.17
4083,1018,1015.19,user 1018,Spotify,2024-11-22 13:46:12,1.75
4084,1697,150.45,user 1697,IKEA,2024-11-22 14:10:30,0.33
4085,102,1194.6,user 102,Apple,2024-11-22 16:07:07,2.47
4086,1723,57.13,user 1723,Carrefour,2024-11-22 16:58:00,0.11
4087,474,108.61,user 474,Lidl,2024-11-22 17:06:16,0.2
4088,1652,710.22,user 1652,Spotify,2024-11-22 17:50:21,1.57
4089,1345,1220.52,user 1345,Deutsche Bahn,2024-11-22 19:33:37,2.51
4090,50,1375.02,user 50,Decathlon,2024-11-22 21:04:11,2.49
4091,1806,1398.75,user 1806,Apple,2024-11-22 21:21:43,2.6
4092,1300,1015.59,user 1300,Amazon,2024-11-22 21:24:11,1.95
4093,401,706.29,user 401,Uber,2024-11-22 21:54:11,1.22
4094,993,107.9,user 993,Carrefour,2024-11-22 22:18:40,0.23
4095,509,416.71,user 509,Booking.com,2024-11-22 23:04:22,0.94
4096,1686,845.62,user 1686,Zara,2024-11-23 00:04:35,1.64
4097,818,487.49,user 818,Uber,2024-11-23 01:05:08,0.85
4098,1807,854.13,user 1807,Uber,2024-11-23 04:54:04,1.93
4099,1145,1279.77,user 1145,Uber,2024-11-23 07:32:12,2.33
4100,32,701.22,user 32,Carrefour,2024-11-23 10:46:53,1.39
4101,1079,1367.25,user 1079,IKEA,2024-11-23 11:09:19,2.86
4102,429,347.61,user 429,Apple,2024-11-23 11:27:33,0.67
4103,118,250.46,user 118,Carrefour,2024-11-23 12:41:41,0.47
4104,785,23.93,user 785,Apple,2024-11-23 15:00:16,0.05
4105,1451,639.12,user 1451,Booking.com,2024-11-23 16:47:55,1.14
4106,711,609.75,user 711,Carrefour,2024-11-23 19:19:57,1.33
4107,1270,1134.23,user 1270,Deutsche Bahn,2024-11-23 21:36:48,1.99
4108,147,1328.61,user 147,Apple,2024-11-24 02:30:41,2.38
4109,495,565.74,user 495,Booking.com,2024-11-24 03:21:42,1.1
4110,4,1005.72,user 4,Shell,2024-11-24 03:43:55,2.04
4111,250,884.75,user 250,Lidl,2024-11-24 04:33:03,1.92
4112,314,1067.2,user 314,Uber,2024-11-24 05:36:43,2.06
4113,1466,148.71,user 1466,Lidl,2024-11-24 07:42:34,0.26
4114,337,25.42,user 337,Amazon,2024-11-24 09:57:52,0.05
4115,251,792.79,user 251,Spotify,2024-11-24 10:57:46,1.76
4116,1599,779.86,user 1599,Spotify,2024-11-24 11:49:08,1.78
4117,1693,139.34,user 1693,Decathlon,2024-11-24 12:02:14,0.3
4118,1771,1125.98,user 1771,Shell,2024-11-24 14:17:39,2.16
4119,489,1238.16,user 489,Carrefour,2024-11-24 14:26:59,2.12
4120,712,143.37,user 712,Zara,2024-11-24 15:17:23,0.28
4121,1356,1008.45,user 1356,Carrefour,2024-11-24 15:18:46,1.9
4122,1042,1302.81,user 1042,IKEA,2024-11-24 16:29:10,2.99
4123,1772,1295.94,user 1772,Amazon,2024-11-24 16:45:47,2.68
4124,706,378.94,user 706,Apple,2024-11-24 17:04:37,0.67
4125,1340,195.97,user 1340,Shell,2024-11-24 17:48:23,0.45
4126,487,1201.42,user 487,Amazon,2024-11-24 20:08:21,2.76
4127,387,1112.51,user 387,Carrefour,2024-11-25 02:31:54,2.26
4128,315,265.56,user 315,Shell,2024-11-25 04:09:04,0.46
4129,434,342.41,user 434,Decathlon,2024-11-25 06:20:52,0.64
4130,153,576.55,user 153,Lidl,2024-11-25 06:31:26,1.23
4131,86,651.93,user 86,Carrefour,2024-11-25 06:58:15,1.44
4132,686,883.14,user 686,Apple,2024-11-25 08:43:50,1.85
4133,423,567.64,user 423,Zara,2024-11-25 08:56:11,1.1
4134,1631,482.12,user 1631,Amazon,2024-11-25 11:10:44,0.94
4135,1034,721.91,user 1034,Carrefour,2024-11-25 13:13:37,1.3
4136,1868,387.62,user 1868,IKEA,2024-11-25 13:56:23,0.72
4137,1293,1054.82,user 1293,Uber,2024-11-25 17:11:13,2.07
4138,1339,700.48,user 1339,Booking.com,2024-11-25 17:39:50,1.31
4139,1584,1065.45,user 1584,Zara,2024-11-25 19:09:55,2.15
4140,1673,930.57,user 1673,Apple,2024-11-25 21:09:32,2.09
4141,301,302.2,user 301,Lidl,2024-11-25 21:17:24,0.63
4142,143,256.44,user 143,Carrefour,2024-11-25 22:30:34,0.52
4143,518,1265.22,user 518,Spotify,2024-11-25 23:38:02,2.86
4144,1276,147.93,user 1276,Deutsche Bahn,2024-11-26 01:13:52,0.34
4145,852,779.33,user 852,Shell,2024-11-26 01:41:42,1.71
4146,270,472.64,user 270,Apple,2024-11-26 02:50:29,0.82
4147,1021,1058.73,user 1021,Decathlon,2024-11-26 03:28:35,2.2
4148,1052,38.12,user 1052,Lidl,2024-11-26 05:48:49,0.07
4149,1706,914.62,user 1706,Uber,2024-11-26 07:53:25,1.78
4150,387,844.29,user 387,IKEA,2024-11-26 11:05:58,1.5
4151,1681,365.93,user 1681,Shell,2024-11-26 12:52:15,0.7
4152,566,843.11,user 566,IKEA,2024-11-26 17:36:43,1.47
4153,125,652.48,user 125,Shell,2024-11-26 23:12:26,1.42
4154,1724,252.4,user 1724,Decathlon,2024-11-26 23:38:01,0.53
4155,250,1301.08,user 250,Deutsche Bahn,2024-11-27 01:32:15,2.31
4156,1226,1181.0,user 1226,Deutsche Bahn,2024-11-27 02:26:10,2.22
4157,1700,642.55,user 1700,Apple,2024-11-27 06:01:55,1.11
4158,1654,472.42,user 1654,IKEA,2024-11-27 10:11:13,0.9
4159,259,799.28,user 259,Uber,2024-11-27 13:18:46,1.73
4160,619,1318.97,user 619,Booking.com,2024-11-27 15:29:19,2.77
4161,1457,649.68,user 1457,Lidl,2024-11-27 16:05:33,1.18
4162,696,564.3,user 696,Booking.com,2024-11-27 16:43:32,1.08
4163,1528,89.07,user 1528,Lidl,2024-11-27 17:44:40,0.16
4164,903,1333.37,user 903,Amazon,2024-11-27 18:02:38,2.97
4165,310,664.63,user 310,Lidl,2024-11-27 20:24:05,1.36
4166,1007,919.48,user 1007,Uber,2024-11-27 20:41:27,1.79
4167,358,80.14,user 358,Amazon,2024-11-27 21:02:38,0.16
4168,327,251.95,user 327,Amazon,2024-11-27 23:32:36,0.51
4169,1164,431.59,user 1164,Decathlon,2024-11-28 01:21:28,0.79
4170,1878,825.52,user 1878,Deutsche Bahn,2024-11-28 03:24:35,1.87
4171,273,524.38,user 273,IKEA,2024-11-28 05:02:42,1.02
4172,905,1318.73,user 905,Apple,2024-11-28 09:34:55,2.56
4173,1337,1143.53,user 1337,Decathlon,2024-11-28 09:58:02,2.21
4174,621,840.84,user 621,Deutsche Bahn,2024-11-28 12:02:05,1.45
4175,1206,331.85,user 1206,Lidl,2024-11-28 13:10:01,0.57
4176,55,716.14,user 55,Shell,2024-11-28 16:55:03,1.25
4177,1341,1162.52,user 1341,Decathlon,2024-11-28 17:27:53,2.36
4178,1702,659.21,user 1702,Booking.com,2024-11-28 19:33:16,1.4
4179,783,874.9,user 783,Amazon,2024-11-28 20:44:20,1.86
4180,1711,65.29,user 1711,Deutsche Bahn,2024-11-28 23:45:13,0.14
4181,1183,1088.44,user 1183,IKEA,2024-11-29 01:11:51,2.38
4182,821,769.13,user 821,Booking.com,2024-11-29 02:05:42,1.6
4183,1861,1096.28,user 1861,Carrefour,2024-11-29 02:12:37,2.08
4184,1381,844.82,user 1381,Deutsche Bahn,2024-11-29 02:20:46,1.85
4185,1646,753.75,user 1646,Shell,2024-11-29 06:39:04,1.61
4186,1600,1302.25,user 1600,Spotify,2024-11-29 07:07:30,2.79
4187,1569,222.71,user 1569,Decathlon,2024-11-29 07:59:50,0.49
4188,1289,1340.31,user 1289,Lidl,2024-11-29 08:53:20,2.86
4189,308,1181.58,user 308,Deutsche Bahn,2024-11-29 10:39:00,2.02
4190,1536,474.69,user 1536,Shell,2024-11-29 13:11:17,0.92
4191,1700,139.89,user 1700,Shell,2024-11-29 13:36:56,0.31
4192,287,716.82,user 287,Deutsche Bahn,2024-11-29 15:26:51,1.47
4193,1708,1338.3,user 1708,Booking.com,2024-11-29 18:32:13,3.06
4194,660,351.18,user 660,Zara,2024-11-29 19:26:10,0.6
4195,1356,633.1,user 1356,Deutsche Bahn,2024-11-29 21:38:25,1.42
4196,1103,815.59,user 1103,Zara,2024-11-30 00:28:44,1.84
4197,1000,1176.36,user 1000,Lidl,2024-11-30 02:22:21,2.35
4198,1613,1044.5,user 1613,Shell,2024-11-30 02:47:02,2.1
4199,485,1256.55,user 485,IKEA,2024-11-30 09:09:30,2.72
4200,697,975.24,user 697,Booking.com,2024-11-30 09:20:49,1.98
4201,1129,26.13,user 1129,IKEA,2024-11-30 13:16:39,0.05
4202,1112,529.79,user 1112,Spotify,2024-11-30 13:24:56,0.93
4203,1316,1301.81,user 1316,IKEA,2024-11-30 14:04:07,2.94
4204,45,1211.4,user 45,IKEA,2024-11-30 14:37:48,2.3
4205,1070,501.17,user 1070,Carrefour,2024-11-30 16:38:06,0.92
4206,1393,939.04,user 1393,Uber,2024-11-30 17:13:17,1.96
4207,1198,704.01,user 1198,IKEA,2024-11-30 20:53:50,1.49
4208,1045,356.69,user 1045,Zara,2024-11-30 23:57:19,0.7
4209,175,551.22,user 175,Apple,2024-12-01 03:25:24,1.1
4210,1683,897.67,user 1683,Deutsche Bahn,2024-12-01 05:46:51,2.05
4211,284,1007.94,user 284,Zara,2024-12-01 13:23:00,1.74
4212,1523,1007.09,user 1523,Uber,2024-12-01 14:29:19,1.74
4213,1801,1183.93,user 1801,Lidl,2024-12-01 16:26:06,2.22
4214,1499,570.95,user 1499,Shell,2024-12-01 17:38:04,1.03
4215,1252,1317.78,user 1252,Amazon,2024-12-01 20:39:04,2.84
4216,1512,514.69,user 1512,Apple,2024-12-01 22:42:28,1.15
4217,510,435.96,user 510,Uber,2024-12-02 02:01:44,0.95
4218,125,135.95,user 125,Carrefour,2024-12-02 03:51:06,0.3
4219,1258,263.32,user 1258,Lidl,2024-12-02 06:16:24,0.48
4220,246,185.32,user 246,Zara,2024-12-02 06:18:28,0.38
4221,695,570.82,user 695,Deutsche Bahn,2024-12-02 07:39:29,1.25
4222,1230,760.54,user 1230,Shell,2024-12-02 09:11:13,1.33
4223,479,302.43,user 479,Apple,2024-12-02 09:42:26,0.52
4224,1479,806.4,user 1479,Booking.com,2024-12-02 10:18:18,1.81
4225,894,1176.16,user 894,Lidl,2024-12-02 11:51:55,2.05
4226,1548,683.08,user 1548,Booking.com,2024-12-02 17:54:36,1.28
4227,684,1170.0,user 684,Deutsche Bahn,2024-12-02 18:56:08,2.11
4228,938,511.58,user 938,Shell,2024-12-02 19:44:00,0.91
4229,444,424.56,user 444,Uber,2024-12-02 23:45:54,0.76
4230,1347,71.45,user 1347,Zara,2024-12-02 23:51:35,0.15
4231,141,726.97,user 141,Amazon,2024-12-03 01:17:40,1.51
4232,686,629.95,user 686,Decathlon,2024-12-03 02:36:52,1.42
4233,636,630.21,user 636,Shell,2024-12-03 02:54:19,1.37
4234,101,1293.81,user 101,Spotify,2024-12-03 04:16:27,2.66
4235,1115,1246.8,user 1115,Zara,2024-12-03 04:35:47,2.73
4236,339,103.65,user 339,Apple,2024-12-03 05:18:59,0.19
4237,1487,203.8,user 1487,Decathlon,2024-12-03 06:24:10,0.39
4238,841,956.76,user 841,Deutsche Bahn,2024-12-03 06:26:52,1.67
4239,747,1287.99,user 747,Deutsche Bahn,2024-12-03 12:40:23,2.87
4240,1704,178.12,user 1704,Booking.com,2024-12-03 14:36:48,0.35
4241,494,307.27,user 494,Lidl,2024-12-03 15:10:49,0.53
4242,1709,702.25,user 1709,Spotify,2024-12-03 17:11:52,1.22
4243,1496,138.81,user 1496,Amazon,2024-12-03 22:09:20,0.3
4244,1313,1170.68,user 1313,Shell,2024-12-04 06:10:02,2.52
4245,945,65.36,user 945,Shell,2024-12-04 06:37:43,0.11
4246,1125,849.0,user 1125,Apple,2024-12-04 07:16:11,1.93
4247,948,1331.66,user 948,Uber,2024-12-04 07:59:31,2.61
4248,277,546.88,user 277,Amazon,2024-12-04 08:08:01,1.03
4249,169,63.78,user 169,Amazon,2024-12-04 15:06:30,0.14
4250,281,576.87,user 281,Shell,2024-12-04 16:51:30,1.13
4251,122,185.31,user 122,Uber,2024-12-04 19:44:13,0.36
4252,689,1375.76,user 689,Zara,2024-12-05 00:08:46,2.63
4253,1131,786.95,user 1131,Decathlon,2024-12-05 00:09:07,1.52
4254,834,671.0,user 834,Shell,2024-12-05 00:46:45,1.38
4255,491,870.59,user 491,Amazon,2024-12-05 00:53:33,1.5
4256,347,1069.97,user 347,IKEA,2024-12-05 03:17:06,2.04
4257,1404,1339.02,user 1404,Spotify,2024-12-05 03:49:09,2.59
4258,1762,1198.76,user 1762,Shell,2024-12-05 06:38:07,2.72
4259,1633,457.64,user 1633,Spotify,2024-12-05 08:49:27,0.9
4260,903,57.95,user 903,Booking.com,2024-12-05 13:30:19,0.11
4261,1147,244.63,user 1147,Apple,2024-12-05 14:41:42,0.47
4262,174,963.38,user 174,Apple,2024-12-05 15:13:06,1.73
4263,1331,455.03,user 1331,Spotify,2024-12-05 21:20:18,0.82
4264,330,442.68,user 330,Apple,2024-12-05 21:20:39,0.79
4265,859,1117.47,user 859,Booking.com,2024-12-05 22:50:03,2.57
4266,532,1165.65,user 532,Shell,2024-12-06 00:05:59,2.48
4267,516,1373.5,user 516,Amazon,2024-12-06 00:37:25,3.03
4268,1056,928.87,user 1056,Apple,2024-12-06 00:43:55,1.99
4269,777,1370.12,user 777,Spotify,2024-12-06 01:31:37,2.93
4270,1284,493.81,user 1284,Zara,2024-12-06 04:37:29,0.88
4271,1172,125.56,user 1172,Deutsche Bahn,2024-12-06 05:03:15,0.26
4272,1311,1003.75,user 1311,Decathlon,2024-12-06 07:07:21,2.19
4273,1005,674.78,user 1005,Lidl,2024-12-06 07:15:18,1.17
4274,241,622.2,user 241,Uber,2024-12-06 10:20:43,1.21
4275,406,807.94,user 406,Amazon,2024-12-06 13:38:10,1.7
4276,1540,1109.25,user 1540,Shell,2024-12-06 14:44:04,2.21
4277,1776,1205.96,user 1776,Spotify,2024-12-06 17:40:40,2.65
4278,1500,637.35,user 1500,Decathlon,2024-12-06 19:08:52,1.3
4279,1451,162.17,user 1451,Decathlon,2024-12-07 03:06:07,0.3
4280,668,1295.81,user 668,Carrefour,2024-12-07 04:36:36,2.68
4281,887,243.1,user 887,Deutsche Bahn,2024-12-07 10:13:06,0.46
4282,1688,332.44,user 1688,Zara,2024-12-07 10:59:51,0.68
4283,1599,804.79,user 1599,Deutsche Bahn,2024-12-07 11:47:48,1.74
4284,1361,45.74,user 1361,Uber,2024-12-07 13:08:13,0.08
4285,1138,1137.49,user 1138,IKEA,2024-12-07 13:20:26,1.96
4286,331,993.65,user 331,Amazon,2024-12-07 15:45:01,2.12
4287,269,829.83,user 269,Apple,2024-12-07 15:47:41,1.81
4288,1734,606.94,user 1734,Booking.com,2024-12-07 18:21:35,1.19
4289,1392,627.97,user 1392,Decathlon,2024-12-07 19:11:29,1.09
4290,1621,890.09,user 1621,Carrefour,2024-12-07 19:35:02,2.04
4291,1586,1014.15,user 1586,Deutsche Bahn,2024-12-07 22:45:22,2.23
4292,1525,970.42,user 1525,Zara,2024-12-08 02:02:42,2.2
4293,1123,1201.41,user 1123,Deutsche Bahn,2024-12-08 09:12:40,2.26
4294,1640,1141.7,user 1640,Deutsche Bahn,2024-12-08 09:13:25,2.25
4295,576,544.13,user 576,Uber,2024-12-08 10:10:48,1.0
4296,1737,374.3,user 1737,Decathlon,2024-12-08 11:42:43,0.71
4297,904,585.71,user 904,IKEA,2024-12-08 14:16:44,1.14
4298,1449,638.45,user 1449,Shell,2024-12-08 18:49:01,1.21
4299,1870,401.11,user 1870,Apple,2024-12-08 19:46:22,0.86
4300,489,1099.29,user 489,Amazon,2024-12-08 20:52:01,2.45
4301,1300,1247.21,user 1300,Amazon,2024-12-09 01:08:45,2.66
4302,380,883.2,user 380,Amazon,2024-12-09 01:30:29,2.02
4303,1211,943.36,user 1211,Deutsche Bahn,2024-12-09 02:15:10,1.78
4304,193,1100.99,user 193,Uber,2024-12-09 03:44:59,2.39
4305,1119,1278.56,user 1119,Spotify,2024-12-09 04:39:46,2.36
4306,1517,944.48,user 1517,Apple,2024-12-09 05:13:48,1.85
4307,1153,1317.8,user 1153,Lidl,2024-12-09 05:41:56,2.7
4308,1173,605.32,user 1173,Spotify,2024-12-09 06:09:47,1.36
4309,610,282.93,user 610,Carrefour,2024-12-09 08:39:12,0.52
4310,816,755.02,user 816,Spotify,2024-12-09 09:06:39,1.44
4311,542,726.37,user 542,Decathlon,2024-12-09 09:09:39,1.66
4312,589,706.12,user 589,Carrefour,2024-12-09 09:52:18,1.59
4313,1839,537.38,user 1839,Uber,2024-12-09 14:35:10,0.94
4314,1468,1218.0,user 1468,Lidl,2024-12-09 15:17:12,2.37
4315,1327,834.72,user 1327,Uber,2024-12-09 18:14:53,1.87
4316,1368,1102.89,user 1368,Carrefour,2024-12-10 02:25:37,2.16
4317,927,1219.96,user 927,Carrefour,2024-12-10 02:59:22,2.25
4318,1657,1206.79,user 1657,Decathlon,2024-12-10 05:51:45,2.4
4319,1677,489.77,user 1677,Carrefour,2024-12-10 07:01:46,1.08
4320,4,1115.45,user 4,IKEA,2024-12-10 09:30:39,2.09
4321,92,20.93,user 92,Uber,2024-12-10 10:33:45,0.05
4322,1986,234.3,user 1986,Zara,2024-12-10 11:02:52,0.51
4323,1582,894.5,user 1582,Spotify,2024-12-10 14:05:12,2.0
4324,879,404.22,user 879,Amazon,2024-12-10 15:00:28,0.88
4325,1604,455.37,user 1604,Spotify,2024-12-10 17:15:21,0.88
4326,1123,48.1,user 1123,Deutsche Bahn,2024-12-10 20:24:05,0.1
4327,1561,1251.72,user 1561,Deutsche Bahn,2024-12-10 21:21:32,2.77
4328,1265,758.93,user 1265,Carrefour,2024-12-10 21:49:34,1.55
4329,216,1263.32,user 216,Uber,2024-12-10 22:02:04,2.56
4330,859,230.03,user 859,Carrefour,2024-12-11 00:09:38,0.52
4331,965,235.2,user 965,IKEA,2024-12-11 01:02:11,0.41
4332,1070,1360.93,user 1070,Amazon,2024-12-11 01:15:54,2.56
4333,426,88.14,user 426,Decathlon,2024-12-11 03:06:28,0.18
4334,1715,1305.69,user 1715,Spotify,2024-12-11 07:09:03,2.62
4335,1749,1285.21,user 1749,Lidl,2024-12-11 08:18:58,2.84
4336,984,649.16,user 984,Amazon,2024-12-11 08:51:17,1.43
4337,1803,1368.68,user 1803,Amazon,2024-12-11 11:21:59,2.48
4338,976,715.68,user 976,Zara,2024-12-11 13:22:06,1.4
4339,1582,278.88,user 1582,Carrefour,2024-12-11 14:30:57,0.56
4340,1881,970.01,user 1881,Uber,2024-12-11 17:26:20,2.09
4341,634,811.96,user 634,Booking.com,2024-12-11 18:48:56,1.55
4342,1275,44.79,user 1275,Carrefour,2024-12-11 20:33:41,0.08
4343,1186,136.89,user 1186,Carrefour,2024-12-11 21:50:19,0.25
4344,1908,1075.67,user 1908,Deutsche Bahn,2024-12-11 22:22:48,1.87
4345,113,1132.72,user 113,Zara,2024-12-11 22:33:40,2.4
4346,389,665.14,user 389,Spotify,2024-12-12 02:16:50,1.14
4347,1377,562.18,user 1377,Apple,2024-12-12 03:01:27,1.11
4348,459,1309.93,user 459,Spotify,2024-12-12 05:11:05,2.68
4349,1015,90.02,user 1015,Deutsche Bahn,2024-12-12 07:25:39,0.16
4350,1564,1154.22,user 1564,Uber,2024-12-12 08:42:54,2.65
4351,417,992.34,user 417,Booking.com,2024-12-12 08:52:10,2.26
4352,832,1323.97,user 832,Carrefour,2024-12-12 10:12:32,2.5
4353,1130,1004.72,user 1130,Shell,2024-12-12 12:06:39,2.29
4354,349,60.79,user 349,Apple,2024-12-12 13:26:30,0.11
4355,308,1119.44,user 308,Apple,2024-12-12 14:13:37,2.1
4356,200,1092.77,user 200,Zara,2024-12-12 18:24:50,2.19
4357,963,484.14,user 963,Decathlon,2024-12-12 21:14:18,0.99
4358,1537,714.38,user 1537,Uber,2024-12-12 22:00:52,1.31
4359,33,606.54,user 33,IKEA,2024-12-13 04:02:03,1.25
4360,927,1243.88,user 927,Lidl,2024-12-13 04:40:01,2.36
4361,1630,1067.06,user 1630,Zara,2024-12-13 04:56:13,1.82
4362,1036,33.95,user 1036,Carrefour,2024-12-13 05:24:35,0.06
4363,1837,114.32,user 1837,Amazon,2024-12-13 07:00:41,0.24
4364,1048,1335.69,user 1048,Amazon,2024-12-13 08:23:53,2.97
4365,583,466.21,user 583,Zara,2024-12-13 08:56:01,0.85
4366,1713,100.3,user 1713,Decathlon,2024-12-13 12:47:22,0.2
4367,1109,870.42,user 1109,Uber,2024-12-13 18:57:32,1.57
4368,1285,699.59,user 1285,Deutsche Bahn,2024-12-13 19:37:13,1.27
4369,35,18.96,user 35,Spotify,2024-12-13 21:52:28,0.04
4370,515,1049.77,user 515,Zara,2024-12-13 22:56:58,1.99
4371,1449,1395.4,user 1449,Uber,2024-12-13 23:43:53,2.46
4372,1006,445.16,user 1006,Apple,2024-12-14 00:53:28,1.02
4373,1450,239.46,user 1450,Shell,2024-12-14 01:00:03,0.41
4374,1718,199.82,user 1718,Spotify,2024-12-14 03:28:21,0.45
4375,546,1000.41,user 546,Shell,2024-12-14 05:16:28,2.1
4376,233,398.8,user 233,Shell,2024-12-14 08:25:00,0.91
4377,1766,746.13,user 1766,IKEA,2024-12-14 10:45:38,1.31
4378,249,865.04,user 249,Zara,2024-12-14 11:51:43,1.67
4379,187,1271.07,user 187,Uber,2024-12-14 13:42:39,2.68
4380,511,337.98,user 511,Spotify,2024-12-14 14:11:46,0.64
4381,1290,689.2,user 1290,Zara,2024-12-14 15:40:37,1.18
4382,1068,440.62,user 1068,Deutsche Bahn,2024-12-14 15:57:39,0.9
4383,1895,1350.85,user 1895,Uber,2024-12-14 17:27:33,2.64
4384,750,310.15,user 750,Lidl,2024-12-14 17:53:18,0.71
4385,350,1392.31,user 350,Deutsche Bahn,2024-12-14 21:13:40,2.5
4386,635,1008.01,user 635,Zara,2024-12-14 22:08:58,1.95
4387,521,393.92,user 521,Decathlon,2024-12-14 22:29:20,0.82
4388,130,1361.81,user 130,Amazon,2024-12-14 23:57:11,2.83
4389,1159,200.22,user 1159,Zara,2024-12-14 23:57:23,0.42
4390,426,157.01,user 426,Amazon,2024-12-15 00:02:42,0.32
4391,94,460.91,user 94,Amazon,2024-12-15 03:37:20,0.86
4392,1382,1079.07,user 1382,IKEA,2024-12-15 10:21:18,2.15
4393,743,499.84,user 743,Apple,2024-12-15 11:24:55,0.87
4394,996,1372.22,user 996,Apple,2024-12-15 11:57:05,2.41
4395,1471,865.65,user 1471,Booking.com,2024-12-15 16:00:50,1.82
4396,1588,18.02,user 1588,IKEA,2024-12-15 16:59:30,0.04
4397,34,90.81,user 34,Carrefour,2024-12-15 19:11:51,0.18
4398,1658,213.89,user 1658,Lidl,2024-12-15 20:26:45,0.4
4399,1065,121.92,user 1065,Spotify,2024-12-15 23:10:00,0.28
4400,828,1364.82,user 828,Amazon,2024-12-15 23:12:39,2.64
4401,1706,771.09,user 1706,Apple,2024-12-15 23:38:57,1.73
4402,1567,772.07,user 1567,Shell,2024-12-16 00:05:58,1.4
4403,1005,908.54,user 1005,Amazon,2024-12-16 00:50:32,1.84
4404,1942,1379.54,user 1942,Carrefour,2024-12-16 02:26:24,2.61
4405,1209,1171.67,user 1209,Amazon,2024-12-16 05:10:23,2.08
4406,1157,1285.53,user 1157,Shell,2024-12-16 08:05:15,2.29
4407,637,485.78,user 637,Decathlon,2024-12-16 08:17:33,0.85
4408,508,129.8,user 508,Lidl,2024-12-16 08:55:36,0.28
4409,428,225.85,user 428,Lidl,2024-12-16 12:12:32,0.5
4410,96,1197.72,user 96,Decathlon,2024-12-16 14:15:57,2.42
4411,1201,68.84,user 1201,Apple,2024-12-16 15:12:55,0.16
4412,954,1365.39,user 954,Carrefour,2024-12-16 16:15:47,2.42
4413,432,671.43,user 432,Uber,2024-12-16 17:53:25,1.52
4414,75,1189.85,user 75,Spotify,2024-12-16 20:01:15,2.35
4415,1875,1398.08,user 1875,Spotify,2024-12-17 03:05:35,2.8
4416,533,1140.41,user 533,Shell,2024-12-17 06:16:34,2.49
4417,1124,601.38,user 1124,Amazon,2024-12-17 08:03:47,1.32
4418,479,525.02,user 479,Uber,2024-12-17 08:33:35,1.12
4419,1385,801.76,user 1385,Apple,2024-12-17 09:38:12,1.5
4420,72,1268.68,user 72,Shell,2024-12-17 09:50:26,2.77
4421,1302,619.69,user 1302,Decathlon,2024-12-17 11:18:07,1.33
4422,480,1039.26,user 480,Zara,2024-12-17 11:51:39,1.91
4423,348,457.26,user 348,Amazon,2024-12-17 12:20:57,0.95
4424,1249,184.91,user 1249,Amazon,2024-12-17 17:17:58,0.34
4425,1472,1219.35,user 1472,Booking.com,2024-12-17 18:43:20,2.77
4426,384,282.87,user 384,Uber,2024-12-17 19:53:08,0.53
4427,1477,703.89,user 1477,Decathlon,2024-12-17 20:43:43,1.32
4428,1585,203.19,user 1585,Zara,2024-12-17 21:39:10,0.44
4429,193,304.99,user 193,Deutsche Bahn,2024-12-17 22:28:42,0.57
4430,1553,998.1,user 1553,Shell,2024-12-18 00:26:04,1.79
4431,54,1128.45,user 54,Spotify,2024-12-18 00:31:13,2.07
4432,337,1366.99,user 337,Spotify,2024-12-18 00:37:16,2.98
4433,984,834.68,user 984,Booking.com,2024-12-18 01:13:12,1.61
4434,1601,331.82,user 1601,Deutsche Bahn,2024-12-18 01:55:25,0.59
4435,382,568.88,user 382,IKEA,2024-12-18 02:11:06,1.13
4436,692,988.34,user 692,Deutsche Bahn,2024-12-18 05:25:07,1.83
4437,1290,114.09,user 1290,Apple,2024-12-18 05:49:09,0.22
4438,1784,1373.34,user 1784,Apple,2024-12-18 07:33:35,2.56
4439,326,360.85,user 326,Uber,2024-12-18 10:33:39,0.64
4440,953,1277.19,user 953,Booking.com,2024-12-18 14:51:06,2.49
4441,1665,968.97,user 1665,Apple,2024-12-18 16:13:53,1.65
4442,1071,107.97,user 1071,Shell,2024-12-18 18:26:42,0.18
4443,458,454.44,user 458,Booking.com,2024-12-18 19:15:07,0.93
4444,1983,23.2,user 1983,Zara,2024-12-18 19:29:31,0.04
4445,142,1095.86,user 142,Booking.com,2024-12-19 00:06:34,1.98
4446,1550,405.85,user 1550,Decathlon,2024-12-19 00:38:01,0.85
4447,232,1194.1,user 232,Deutsche Bahn,2024-12-19 06:42:33,2.21
4448,1536,707.48,user 1536,Carrefour,2024-12-19 06:53:05,1.22
4449,495,1167.97,user 495,Zara,2024-12-19 14:03:00,2.02
4450,762,1310.48,user 762,Booking.com,2024-12-19 15:56:04,2.79
4451,957,855.92,user 957,Deutsche Bahn,2024-12-19 17:09:54,1.81
4452,1677,315.61,user 1677,Deutsche Bahn,2024-12-19 19:06:30,0.68
4453,236,814.17,user 236,Amazon,2024-12-19 19:26:17,1.8
4454,190,831.23,user 190,IKEA,2024-12-19 20:14:17,1.66
4455,1541,626.13,user 1541,Lidl,2024-12-19 21:14:32,1.23
4456,1532,232.31,user 1532,Zara,2024-12-19 21:57:27,0.44
4457,601,1242.45,user 601,Shell,2024-12-20 00:31:57,2.8
4458,76,1364.71,user 76,Lidl,2024-12-20 00:45:46,2.44
4459,371,1299.81,user 371,IKEA,2024-12-20 01:46:02,2.34
4460,1882,952.28,user 1882,Spotify,2024-12-20 02:14:03,2.06
4461,493,813.68,user 493,Zara,2024-12-20 03:44:01,1.41
4462,1489,776.5,user 1489,Amazon,2024-12-20 04:44:07,1.35
4463,1975,1005.73,user 1975,Deutsche Bahn,2024-12-20 10:50:09,1.98
4464,142,137.76,user 142,Deutsche Bahn,2024-12-20 20:21:03,0.29
4465,891,1132.69,user 891,IKEA,2024-12-20 20:26:54,2.05
4466,853,123.8,user 853,Decathlon,2024-12-20 20:28:10,0.24
4467,323,886.27,user 323,Deutsche Bahn,2024-12-20 21:32:17,1.71
4468,1813,67.33,user 1813,Apple,2024-12-20 22:02:50,0.14
4469,766,1061.17,user 766,Spotify,2024-12-20 22:38:43,2.28
4470,656,1131.26,user 656,Uber,2024-12-21 04:00:59,2.13
4471,1467,1055.76,user 1467,IKEA,2024-12-21 04:36:14,2.04
4472,1900,155.79,user 1900,Apple,2024-12-21 09:48:00,0.31
4473,619,442.1,user 619,Uber,2024-12-21 11:35:58,0.95
4474,151,244.75,user 151,Shell,2024-12-21 13:24:15,0.54
4475,302,1079.74,user 302,Shell,2024-12-21 16:55:54,2.11
4476,1797,814.6,user 1797,Carrefour,2024-12-21 18:03:24,1.43
4477,129,1302.18,user 129,Zara,2024-12-21 22:54:44,2.49
4478,365,91.93,user 365,Decathlon,2024-12-22 01:15:27,0.2
4479,708,789.16,user 708,Lidl,2024-12-22 05:29:45,1.73
4480,976,259.79,user 976,Shell,2024-12-22 05:45:49,0.45
4481,395,374.68,user 395,Spotify,2024-12-22 06:49:54,0.79
4482,905,951.0,user 905,Amazon,2024-12-22 07:47:02,1.83
4483,836,13.15,user 836,IKEA,2024-12-22 09:20:45,0.03
4484,212,574.58,user 212,IKEA,2024-12-22 09:54:50,1.17
4485,1,375.56,user 1,Spotify,2024-12-22 11:57:25,0.79
4486,1770,1389.83,user 1770,Carrefour,2024-12-22 15:54:24,2.79
4487,839,25.44,user 839,Decathlon,2024-12-22 16:07:19,0.04
4488,9,559.98,user 9,Deutsche Bahn,2024-12-22 16:56:32,1.23
4489,672,1098.58,user 672,Shell,2024-12-22 19:55:24,2.09
4490,319,1203.9,user 319,Carrefour,2024-12-22 21:27:48,2.37
4491,1448,1031.76,user 1448,Booking.com,2024-12-22 22:10:20,1.86
4492,1938,832.96,user 1938,Booking.com,2024-12-22 22:20:22,1.78
4493,1316,945.12,user 1316,Lidl,2024-12-23 02:40:57,1.65
4494,602,584.47,user 602,Shell,2024-12-23 03:36:30,1.07
4495,1663,597.24,user 1663,Spotify,2024-12-23 04:03:34,1.26
4496,1336,592.53,user 1336,Lidl,2024-12-23 04:10:28,1.31
4497,1506,63.29,user 1506,Deutsche Bahn,2024-12-23 05:00:04,0.11
4498,1317,248.03,user 1317,Amazon,2024-12-23 06:33:37,0.51
4499,1059,965.38,user 1059,Apple,2024-12-23 06:40:32,1.95
4500,470,176.72,user 470,Booking.com,2024-12-23 07:35:35,0.32
4501,1695,1378.4,user 1695,Lidl,2024-12-23 09:17:25,2.53
4502,1158,607.03,user 1158,Amazon,2024-12-23 14:04:00,1.07
4503,1044,1328.55,user 1044,Carrefour,2024-12-23 14:29:14,2.72
4504,1697,655.27,user 1697,Deutsche Bahn,2024-12-23 16:33:00,1.28
4505,160,204.53,user 160,Spotify,2024-12-23 17:37:20,0.38
4506,1756,1178.63,user 1756,Zara,2024-12-23 17:41:18,2.57
4507,1156,460.32,user 1156,Zara,2024-12-23 17:53:05,1.02
4508,1389,1039.27,user 1389,Apple,2024-12-23 20:53:38,2.27
4509,1667,1313.12,user 1667,Spotify,2024-12-23 22:15:27,2.95
4510,775,964.25,user 775,Shell,2024-12-23 22:59:39,1.67
4511,1055,752.99,user 1055,Zara,2024-12-23 23:00:47,1.63
4512,538,1297.74,user 538,IKEA,2024-12-23 23:51:21,2.37
4513,1105,1116.89,user 1105,Decathlon,2024-12-24 01:50:47,2.08
4514,1018,938.55,user 1018,IKEA,2024-12-24 03:14:17,1.83
4515,1521,550.85,user 1521,Lidl,2024-12-24 04:17:12,1.11
4516,539,741.34,user 539,Amazon,2024-12-24 04:53:21,1.26
4517,1597,421.71,user 1597,Shell,2024-12-24 08:36:10,0.82
4518,1422,475.74,user 1422,Uber,2024-12-24 10:46:29,0.88
4519,337,1159.95,user 337,Lidl,2024-12-24 11:10:26,2.66
4520,1292,806.81,user 1292,Deutsche Bahn,2024-12-24 20:54:39,1.69
4521,244,561.32,user 244,Apple,2024-12-24 21:30:18,1.27
4522,316,1305.34,user 316,Booking.com,2024-12-24 21:47:43,2.28
4523,71,883.87,user 71,Apple,2024-12-25 03:10:51,1.51
4524,286,839.23,user 286,Zara,2024-12-25 05:50:43,1.49
4525,1963,1031.31,user 1963,Apple,2024-12-25 06:54:11,2.2
4526,470,37.4,user 470,Shell,2024-12-25 11:33:22,0.08
4527,1704,691.05,user 1704,Deutsche Bahn,2024-12-25 11:41:24,1.5
4528,269,848.67,user 269,Carrefour,2024-12-25 14:08:07,1.55
4529,1942,499.12,user 1942,Lidl,2024-12-25 14:51:42,0.96
4530,1073,1224.11,user 1073,Zara,2024-12-25 15:48:36,2.77
4531,811,323.11,user 811,Amazon,2024-12-25 16:17:16,0.64
4532,1725,323.1,user 1725,Lidl,2024-12-25 16:30:57,0.7
4533,646,97.98,user 646,Deutsche Bahn,2024-12-25 17:08:38,0.2
4534,694,13.44,user 694,Zara,2024-12-25 18:03:08,0.03
4535,1908,1036.41,user 1908,Spotify,2024-12-25 19:39:56,1.81
4536,1830,189.79,user 1830,Deutsche Bahn,2024-12-25 21:20:05,0.41
4537,672,1234.31,user 672,Amazon,2024-12-25 21:27:27,2.38
4538,770,559.03,user 770,Deutsche Bahn,2024-12-26 00:54:09,1.13
4539,1341,1017.91,user 1341,Zara,2024-12-26 03:22:26,2.19
4540,666,1359.59,user 666,Booking.com,2024-12-26 05:13:44,3.09
4541,1318,918.13,user 1318,Uber,2024-12-26 05:18:25,1.72
4542,586,841.71,user 586,Carrefour,2024-12-26 10:01:44,1.78
4543,639,1293.0,user 639,IKEA,2024-12-26 12:00:46,2.66
4544,1635,112.09,user 1635,Decathlon,2024-12-26 13:46:20,0.22
4545,340,1044.07,user 340,Zara,2024-12-26 15:51:41,2.28
4546,467,1224.0,user 467,Uber,2024-12-26 17:52:19,2.25
4547,1995,1390.87,user 1995,Uber,2024-12-26 23:19:44,2.44
4548,780,708.24,user 780,Deutsche Bahn,2024-12-27 02:43:01,1.58
4549,1406,690.71,user 1406,Deutsche Bahn,2024-12-27 04:05:13,1.18
4550,814,165.26,user 814,Booking.com,2024-12-27 04:52:22,0.36
4551,519,884.84,user 519,Amazon,2024-12-27 07:16:59,1.53
4552,1172,1365.05,user 1172,Deutsche Bahn,2024-12-27 07:21:37,2.38
4553,1431,728.61,user 1431,Booking.com,2024-12-27 07:29:34,1.45
4554,1895,1194.67,user 1895,Booking.com,2024-12-27 08:14:05,2.21
4555,1113,1002.76,user 1113,Apple,2024-12-27 10:31:26,2.16
4556,1662,352.99,user 1662,Spotify,2024-12-27 11:47:43,0.67
4557,1794,1033.65,user 1794,Zara,2024-12-27 12:00:34,2.3
4558,474,342.97,user 474,Uber,2024-12-27 12:26:04,0.61
4559,775,370.96,user 775,Zara,2024-12-27 13:40:33,0.65
4560,444,322.55,user 444,Uber,2024-12-27 14:17:55,0.7
4561,271,202.41,user 271,Shell,2024-12-27 16:10:15,0.46
4562,1299,1007.39,user 1299,Apple,2024-12-27 23:58:28,2.18
4563,1046,108.07,user 1046,Shell,2024-12-28 01:09:35,0.2
4564,1357,802.89,user 1357,Decathlon,2024-12-28 02:26:23,1.56
4565,578,18.91,user 578,Lidl,2024-12-28 03:52:01,0.03
4566,1531,821.24,user 1531,Zara,2024-12-28 05:28:18,1.58
4567,882,299.03,user 882,IKEA,2024-12-28 06:20:10,0.61
4568,469,585.61,user 469,Zara,2024-12-28 06:27:07,1.29
4569,1003,311.21,user 1003,Booking.com,2024-12-28 07:44:16,0.7
4570,991,736.33,user 991,Zara,2024-12-28 12:27:49,1.58
4571,986,265.51,user 986,Booking.com,2024-12-28 13:40:02,0.48
4572,638,688.44,user 638,Carrefour,2024-12-28 14:55:09,1.3
4573,543,796.03,user 543,IKEA,2024-12-28 15:19:41,1.73
4574,1011,436.2,user 1011,Amazon,2024-12-28 18:16:52,0.81
4575,76,1211.88,user 76,Amazon,2024-12-28 19:12:21,2.2
4576,1295,1150.05,user 1295,Carrefour,2024-12-28 20:13:12,2.36
4577,1645,180.16,user 1645,Decathlon,2024-12-28 21:28:05,0.38
4578,904,158.92,user 904,Decathlon,2024-12-28 21:52:44,0.29
4579,1862,1173.18,user 1862,Zara,2024-12-28 22:10:20,2.52
4580,262,795.57,user 262,Booking.com,2024-12-29 00:11:09,1.42
4581,1081,205.16,user 1081,Booking.com,2024-12-29 01:17:00,0.46
4582,354,725.58,user 354,Uber,2024-12-29 02:34:44,1.42
4583,309,614.95,user 309,Deutsche Bahn,2024-12-29 03:05:43,1.12
4584,1007,1297.26,user 1007,Booking.com,2024-12-29 03:21:27,2.82
4585,1692,853.66,user 1692,Deutsche Bahn,2024-12-29 03:25:31,1.63
4586,1597,1337.76,user 1597,Lidl,2024-12-29 04:35:38,2.46
4587,483,887.77,user 483,Carrefour,2024-12-29 04:57:33,1.99
4588,304,1392.79,user 304,Booking.com,2024-12-29 07:19:11,3.05
4589,166,982.92,user 166,Spotify,2024-12-29 08:16:27,2.26
4590,189,585.84,user 189,Uber,2024-12-29 09:19:43,1.0
4591,57,1059.53,user 57,Zara,2024-12-29 10:44:23,2.04
4592,359,588.66,user 359,Spotify,2024-12-29 11:16:12,1.21
4593,331,628.24,user 331,Decathlon,2024-12-29 11:56:37,1.18
4594,732,1299.79,user 732,Spotify,2024-12-29 12:09:04,2.54
4595,1399,1122.74,user 1399,Uber,2024-12-29 14:08:56,2.38
4596,789,1189.59,user 789,Deutsche Bahn,2024-12-29 14:16:48,2.23
4597,1412,532.16,user 1412,Apple,2024-12-29 14:19:56,1.22
4598,500,113.26,user 500,Amazon,2024-12-29 15:42:20,0.22
4599,1752,311.11,user 1752,Deutsche Bahn,2024-12-29 19:41:27,0.71
4600,836,1219.01,user 836,Spotify,2024-12-29 20:30:10,2.34
4601,1084,35.76,user 1084,Uber,2024-12-29 21:46:56,0.07
4602,433,115.3,user 433,Apple,2024-12-29 23:37:24,0.26
4603,453,1356.17,user 453,Spotify,2024-12-29 23:42:15,2.98
4604,49,498.0,user 49,Spotify,2024-12-30 11:16:08,0.95
4605,1664,1299.74,user 1664,Deutsche Bahn,2024-12-30 11:49:16,2.54
4606,872,526.48,user 872,Deutsche Bahn,2024-12-30 13:53:03,1.05
4607,969,1113.17,user 969,Deutsche Bahn,2024-12-30 16:23:34,2.01
4608,493,176.34,user 493,Decathlon,2024-12-30 20:05:39,0.38
4609,1063,895.49,user 1063,Deutsche Bahn,2024-12-30 20:33:47,1.76
4610,412,374.99,user 412,Carrefour,2024-12-30 20:45:44,0.79
4611,1682,45.47,user 1682,Carrefour,2024-12-30 22:20:40,0.1
4612,737,930.62,user 737,IKEA,2024-12-30 23:50:52,1.96
4613,1315,82.41,user 1315,Lidl,2024-12-31 00:02:25,0.18
4614,654,913.77,user 654,Booking.com,2024-12-31 00:47:01,1.73
4615,681,812.84,user 681,IKEA,2024-12-31 00:55:34,1.72
4616,1171,724.48,user 1171,IKEA,2024-12-31 04:29:53,1.37
4617,1883,606.03,user 1883,Uber,2024-12-31 05:45:52,1.18
4618,1165,1346.53,user 1165,IKEA,2024-12-31 09:36:37,2.94
4619,726,484.59,user 726,Decathlon,2024-12-31 10:56:00,1.07
4620,1404,1051.59,user 1404,IKEA,2024-12-31 11:06:39,2.34
4621,1991,320.33,user 1991,Deutsche Bahn,2024-12-31 13:29:06,0.67
4622,1122,486.65,user 1122,Deutsche Bahn,2024-12-31 13:36:08,0.99
4623,240,1148.55,user 240,Spotify,2024-12-31 13:46:08,2.11
4624,144,620.05,user 144,Carrefour,2024-12-31 16:00:22,1.18
4625,1888,490.34,user 1888,Zara,2024-12-31 17:37:45,1.06
4626,725,1165.72,user 725,Deutsche Bahn,2024-12-31 17:48:43,2.46
4627,107,244.63,user 107,Booking.com,2024-12-31 19:15:51,0.46
4628,1134,1150.16,user 1134,Decathlon,2024-12-31 19:43:15,2.29
4629,1970,1311.36,user 1970,Shell,2024-12-31 19:44:10,2.55
4630,971,1112.81,user 971,IKEA,2024-12-31 21:48:32,2.14
4631,1299,214.72,user 1299,IKEA,2024-12-31 23:32:03,0.38
4632,929,677.11,user 929,Decathlon,2025-01-01 02:58:37,1.49
4633,1500,1187.68,user 1500,Spotify,2025-01-01 03:00:47,2.13
4634,1240,745.41,user 1240,Spotify,2025-01-01 04:15:13,1.68
4635,1115,1062.05,user 1115,Carrefour,2025-01-01 04:24:41,2.27
4636,1241,615.09,user 1241,Lidl,2025-01-01 04:34:29,1.18
4637,925,602.91,user 925,Carrefour,2025-01-01 08:21:32,1.14
4638,421,1270.12,user 421,Booking.com,2025-01-01 10:33:41,2.22
4639,1387,1395.67,user 1387,Deutsche Bahn,2025-01-01 10:57:59,2.45
4640,49,933.88,user 49,Carrefour,2025-01-01 14:37:17,2.08
4641,1727,770.78,user 1727,Shell,2025-01-01 16:50:32,1.61
4642,204,1158.04,user 204,IKEA,2025-01-01 23:24:03,2.0
4643,899,417.95,user 899,Spotify,2025-01-02 05:19:21,0.74
4644,1904,704.15,user 1904,Apple,2025-01-02 05:54:13,1.34
4645,712,1028.63,user 712,Uber,2025-01-02 06:39:06,2.11
4646,816,359.34,user 816,IKEA,2025-01-02 07:35:50,0.76
4647,918,1370.15,user 918,Lidl,2025-01-02 13:51:49,2.33
4648,1732,727.38,user 1732,Spotify,2025-01-02 15:36:36,1.62
4649,977,1064.23,user 977,Booking.com,2025-01-02 15:38:52,1.96
4650,212,505.21,user 212,Zara,2025-01-02 19:06:45,1.12
4651,182,1199.99,user 182,Zara,2025-01-02 19:27:21,2.39
4652,756,486.82,user 756,Amazon,2025-01-02 22:17:25,0.92
4653,755,105.84,user 755,Booking.com,2025-01-02 22:33:54,0.24
4654,295,549.1,user 295,Deutsche Bahn,2025-01-02 23:16:53,1.12
4655,183,176.18,user 183,Decathlon,2025-01-03 00:29:05,0.33
4656,878,30.77,user 878,Deutsche Bahn,2025-01-03 00:58:59,0.05
4657,1483,1278.62,user 1483,Carrefour,2025-01-03 02:43:28,2.25
4658,1793,796.82,user 1793,Lidl,2025-01-03 04:06:38,1.82
4659,1742,1035.28,user 1742,Uber,2025-01-03 04:08:41,2.12
4660,844,911.21,user 844,IKEA,2025-01-03 05:54:56,1.9
4661,949,1124.21,user 949,Shell,2025-01-03 09:30:21,2.12
4662,1686,740.46,user 1686,Lidl,2025-01-03 09:45:58,1.36
4663,841,1018.71,user 841,Decathlon,2025-01-03 13:14:28,2.14
4664,85,531.4,user 85,IKEA,2025-01-03 14:23:39,1.2
4665,613,1355.89,user 613,Zara,2025-01-03 15:23:55,2.32
4666,970,632.25,user 970,Zara,2025-01-03 17:29:55,1.12
4667,1573,797.57,user 1573,Deutsche Bahn,2025-01-03 18:16:47,1.5
4668,699,454.42,user 699,Zara,2025-01-03 20:42:24,0.9
4669,1828,436.79,user 1828,Apple,2025-01-03 23:00:54,0.82
4670,1643,1055.94,user 1643,Carrefour,2025-01-03 23:07:00,2.11
4671,1818,1177.08,user 1818,Shell,2025-01-03 23:55:21,2.25
4672,1246,1398.14,user 1246,Carrefour,2025-01-04 01:36:49,3.15
4673,8,980.7,user 8,Spotify,2025-01-04 02:26:37,1.7
4674,1608,719.6,user 1608,Decathlon,2025-01-04 02:51:51,1.53
4675,1045,862.09,user 1045,Booking.com,2025-01-04 06:33:38,1.54
4676,1018,1077.81,user 1018,Lidl,2025-01-04 07:30:08,1.96
4677,748,389.0,user 748,Shell,2025-01-04 07:47:02,0.78
4678,1121,668.22,user 1121,Uber,2025-01-04 08:00:52,1.45
4679,314,977.37,user 314,Spotify,2025-01-04 08:14:10,1.72
4680,1924,28.23,user 1924,Decathlon,2025-01-04 11:32:03,0.06
4681,1684,1343.8,user 1684,IKEA,2025-01-04 15:34:51,2.44
4682,637,968.06,user 637,Amazon,2025-01-04 16:05:33,1.92
4683,1554,139.01,user 1554,Zara,2025-01-04 16:25:50,0.28
4684,933,1076.0,user 933,Zara,2025-01-04 17:00:28,2.15
4685,1575,692.01,user 1575,Apple,2025-01-04 19:10:16,1.42
4686,688,468.99,user 688,Booking.com,2025-01-04 19:20:12,1.05
4687,1757,469.62,user 1757,Carrefour,2025-01-04 21:26:53,0.82
4688,556,826.67,user 556,Amazon,2025-01-04 22:05:59,1.42
4689,1187,865.19,user 1187,Apple,2025-01-04 23:04:13,1.57
4690,147,277.26,user 147,Decathlon,2025-01-04 23:06:32,0.61
4691,417,909.43,user 417,Shell,2025-01-05 02:05:24,1.7
4692,651,114.22,user 651,Uber,2025-01-05 02:43:27,0.26
4693,136,1104.0,user 136,Carrefour,2025-01-05 04:07:04,2.24
4694,952,1263.37,user 952,Deutsche Bahn,2025-01-05 05:03:16,2.16
4695,693,923.07,user 693,Decathlon,2025-01-05 06:59:05,2.06
4696,1264,321.07,user 1264,Uber,2025-01-05 08:48:31,0.6
4697,83,391.66,user 83,Lidl,2025-01-05 10:35:39,0.82
4698,1894,1251.81,user 1894,Decathlon,2025-01-05 11:00:10,2.83
4699,14,1098.55,user 14,Booking.com,2025-01-05 16:18:58,2.11
4700,1020,118.89,user 1020,Uber,2025-01-05 20:20:49,0.2
4701,198,676.37,user 198,Lidl,2025-01-05 20:35:59,1.23
4702,1163,66.55,user 1163,Lidl,2025-01-05 21:15:39,0.14
4703,1361,294.28,user 1361,Spotify,2025-01-05 21:33:33,0.66
4704,338,819.78,user 338,IKEA,2025-01-05 21:34:12,1.86
4705,484,202.64,user 484,Zara,2025-01-05 23:54:14,0.46
4706,1398,378.78,user 1398,Amazon,2025-01-06 01:02:26,0.79
4707,1989,1252.7,user 1989,Zara,2025-01-06 02:53:49,2.33
4708,1049,881.48,user 1049,Spotify,2025-01-06 03:23:10,1.79
4709,1742,395.94,user 1742,Decathlon,2025-01-06 03:34:51,0.75
4710,597,213.11,user 597,Spotify,2025-01-06 04:07:22,0.47
4711,1366,1356.33,user 1366,Carrefour,2025-01-06 05:18:33,2.38
4712,260,81.6,user 260,Decathlon,2025-01-06 06:43:53,0.15
4713,1722,1235.41,user 1722,Lidl,2025-01-06 07:49:25,2.57
4714,1734,354.0,user 1734,Apple,2025-01-06 08:00:54,0.74
4715,956,1067.14,user 956,Zara,2025-01-06 08:21:56,1.85
4716,1511,265.77,user 1511,Lidl,2025-01-06 14:17:37,0.49
4717,1883,699.66,user 1883,Zara,2025-01-06 15:23:34,1.35
4718,429,647.37,user 429,Carrefour,2025-01-06 16:39:33,1.12
4719,100,549.21,user 100,Decathlon,2025-01-06 16:59:57,0.95
4720,118,1036.17,user 118,Shell,2025-01-06 17:21:28,2.26
4721,1074,501.03,user 1074,Deutsche Bahn,2025-01-06 22:51:35,1.14
4722,1405,794.75,user 1405,Apple,2025-01-07 00:02:00,1.42
4723,129,109.77,user 129,Spotify,2025-01-07 05:23:40,0.25
4724,1060,1064.3,user 1060,IKEA,2025-01-07 06:43:10,2.02
4725,241,435.07,user 241,Booking.com,2025-01-07 07:17:20,0.96
4726,1644,897.13,user 1644,Deutsche Bahn,2025-01-07 09:29:23,1.93
4727,1514,773.56,user 1514,Deutsche Bahn,2025-01-07 10:49:28,1.42
4728,862,121.72,user 862,Lidl,2025-01-07 12:46:36,0.24
4729,1132,815.66,user 1132,IKEA,2025-01-07 15:32:38,1.42
4730,1769,1153.59,user 1769,Carrefour,2025-01-07 16:57:11,2.5
4731,202,815.88,user 202,Apple,2025-01-07 17:55:05,1.79
4732,1596,159.93,user 1596,Deutsche Bahn,2025-01-07 17:57:52,0.34
4733,796,739.0,user 796,Shell,2025-01-07 18:47:01,1.53
4734,1412,1347.65,user 1412,Booking.com,2025-01-07 22:16:34,2.99
4735,1050,1046.42,user 1050,Zara,2025-01-07 22:48:08,1.82
4736,1301,1193.84,user 1301,Lidl,2025-01-08 03:07:31,2.1
4737,436,669.37,user 436,Carrefour,2025-01-08 04:55:11,1.36
4738,1926,683.44,user 1926,Uber,2025-01-08 05:49:46,1.36
4739,533,97.55,user 533,Spotify,2025-01-08 06:18:28,0.22
4740,1125,806.44,user 1125,Carrefour,2025-01-08 07:28:58,1.48
4741,1008,1359.13,user 1008,Spotify,2025-01-08 11:10:12,3.01
4742,180,592.9,user 180,Deutsche Bahn,2025-01-08 12:27:06,1.31
4743,1951,326.36,user 1951,Shell,2025-01-08 13:30:13,0.65
4744,598,1174.31,user 598,Shell,2025-01-08 13:34:31,2.53
4745,1624,825.23,user 1624,Decathlon,2025-01-09 00:19:24,1.89
4746,570,240.59,user 570,Amazon,2025-01-09 01:08:37,0.5
4747,548,703.64,user 548,Zara,2025-01-09 01:18:55,1.42
4748,1987,581.93,user 1987,Decathlon,2025-01-09 03:55:27,1.14
4749,932,403.14,user 932,Spotify,2025-01-09 04:54:06,0.75
4750,505,369.37,user 505,Booking.com,2025-01-09 05:10:01,0.81
4751,1910,1069.41,user 1910,Zara,2025-01-09 06:12:07,2.41
4752,1847,804.82,user 1847,Lidl,2025-01-09 06:52:00,1.6
4753,270,218.6,user 270,Uber,2025-01-09 07:58:23,0.44
4754,1850,579.16,user 1850,Shell,2025-01-09 09:10:16,1.1
4755,215,519.46,user 215,IKEA,2025-01-09 09:16:04,1.18
4756,484,497.2,user 484,Decathlon,2025-01-09 12:05:57,1.11
4757,1261,425.26,user 1261,Uber,2025-01-09 13:02:51,0.85
4758,1629,458.57,user 1629,Amazon,2025-01-09 15:47:56,0.96
4759,1380,828.66,user 1380,Deutsche Bahn,2025-01-09 18:25:23,1.44
4760,1592,1291.59,user 1592,IKEA,2025-01-09 18:43:48,2.37
4761,1518,638.04,user 1518,Uber,2025-01-09 19:09:26,1.17
4762,291,1308.88,user 291,Carrefour,2025-01-09 20:21:31,2.62
4763,513,1044.58,user 513,IKEA,2025-01-09 21:42:08,2.35
4764,1288,544.26,user 1288,Amazon,2025-01-09 22:35:48,1.19
4765,1909,1280.76,user 1909,Zara,2025-01-09 23:42:49,2.19
4766,302,884.42,user 302,Apple,2025-01-10 02:30:53,1.98
4767,1955,1181.66,user 1955,Lidl,2025-01-10 03:47:32,2.32
4768,774,46.41,user 774,Lidl,2025-01-10 05:18:49,0.1
4769,1054,1208.48,user 1054,Apple,2025-01-10 11:11:14,2.78
4770,314,87.61,user 314,Carrefour,2025-01-10 12:29:31,0.16
4771,1195,346.25,user 1195,Uber,2025-01-10 14:13:04,0.72
4772,871,444.93,user 871,Amazon,2025-01-10 15:29:24,1.0
4773,1765,162.32,user 1765,Booking.com,2025-01-10 15:45:40,0.36
4774,1238,63.55,user 1238,Deutsche Bahn,2025-01-10 17:58:22,0.14
4775,1435,1198.47,user 1435,Amazon,2025-01-10 19:10:32,2.15
4776,1538,395.0,user 1538,Apple,2025-01-10 21:11:41,0.85
4777,8,1111.29,user 8,Shell,2025-01-10 21:41:56,2.45
4778,623,18.33,user 623,Amazon,2025-01-10 22:19:22,0.04
4779,1572,392.24,user 1572,Amazon,2025-01-11 03:13:49,0.75
4780,407,1365.46,user 407,Booking.com,2025-01-11 06:20:25,2.58
4781,947,217.9,user 947,Deutsche Bahn,2025-01-11 08:09:06,0.41
4782,1836,993.86,user 1836,Deutsche Bahn,2025-01-11 08:50:24,1.94
4783,923,1282.93,user 923,Deutsche Bahn,2025-01-11 14:12:35,2.41
4784,242,984.38,user 242,Zara,2025-01-11 14:36:01,1.95
4785,1255,300.68,user 1255,IKEA,2025-01-11 14:38:40,0.52
4786,1121,672.57,user 1121,Booking.com,2025-01-11 16:20:33,1.3
4787,982,572.73,user 982,Shell,2025-01-11 17:43:45,1.31
4788,1537,662.3,user 1537,Shell,2025-01-11 19:13:23,1.45
4789,502,1077.18,user 502,Amazon,2025-01-11 21:55:36,1.96
4790,1082,26.37,user 1082,Booking.com,2025-01-11 22:00:25,0.05
4791,1859,981.98,user 1859,Amazon,2025-01-11 22:30:34,1.89
4792,659,1018.82,user 659,IKEA,2025-01-12 00:00:43,2.14
4793,191,1320.33,user 191,Amazon,2025-01-12 00:16:37,2.56
4794,1197,1205.75,user 1197,Spotify,2025-01-12 02:43:17,2.11
4795,625,200.27,user 625,Decathlon,2025-01-12 03:44:39,0.4
4796,324,445.17,user 324,Shell,2025-01-12 03:57:53,0.93
4797,721,1315.64,user 721,Booking.com,2025-01-12 04:03:45,2.28
4798,1808,43.07,user 1808,Amazon,2025-01-12 04:16:09,0.07
4799,1429,700.87,user 1429,Lidl,2025-01-12 07:35:48,1.27
4800,156,117.53,user 156,Deutsche Bahn,2025-01-12 09:02:17,0.26
4801,1383,255.48,user 1383,IKEA,2025-01-12 10:26:09,0.45
4802,566,441.9,user 566,Deutsche Bahn,2025-01-12 12:09:14,0.97
4803,476,1147.17,user 476,IKEA,2025-01-12 13:22:19,2.11
4804,134,855.95,user 134,Booking.com,2025-01-12 15:48:54,1.57
4805,1725,25.12,user 1725,Apple,2025-01-12 15:56:08,0.06
4806,1034,986.75,user 1034,Booking.com,2025-01-12 20:45:51,1.85
4807,263,186.65,user 263,Shell,2025-01-12 20:53:15,0.43
4808,1391,837.01,user 1391,Zara,2025-01-12 21:07:14,1.61
4809,701,545.14,user 701,IKEA,2025-01-12 21:33:39,1.0
4810,606,833.14,user 606,Apple,2025-01-12 21:44:50,1.91
4811,1324,1064.82,user 1324,Booking.com,2025-01-12 22:07:39,2.28
4812,1970,689.15,user 1970,Booking.com,2025-01-12 23:14:03,1.31
4813,82,158.89,user 82,Zara,2025-01-12 23:33:12,0.29
4814,1138,41.36,user 1138,Shell,2025-01-13 01:06:21,0.08
4815,449,800.81,user 449,Carrefour,2025-01-13 01:20:30,1.72
4816,1791,120.97,user 1791,Uber,2025-01-13 01:38:19,0.26
4817,718,845.59,user 718,Apple,2025-01-13 03:56:38,1.5
4818,1178,373.44,user 1178,Apple,2025-01-13 06:54:56,0.76
4819,1872,1032.46,user 1872,Decathlon,2025-01-13 08:09:50,2.27
4820,307,999.8,user 307,Uber,2025-01-13 12:04:38,2.15
4821,1760,956.77,user 1760,IKEA,2025-01-13 14:15:12,2.17
4822,612,677.91,user 612,Uber,2025-01-13 14:19:01,1.44
4823,82,284.96,user 82,Spotify,2025-01-13 14:22:40,0.55
4824,1756,1079.04,user 1756,Amazon,2025-01-13 15:02:04,2.42
4825,28,453.56,user 28,Uber,2025-01-13 17:45:24,1.02
4826,1655,186.96,user 1655,Amazon,2025-01-13 20:18:02,0.41
4827,1984,873.02,user 1984,Carrefour,2025-01-13 20:24:21,1.9
4828,1145,998.69,user 1145,Decathlon,2025-01-13 20:35:33,1.88
4829,638,364.4,user 638,Booking.com,2025-01-13 20:55:14,0.65
4830,282,1243.64,user 282,Lidl,2025-01-13 23:14:32,2.2
4831,401,1275.33,user 401,Carrefour,2025-01-13 23:35:23,2.37
4832,817,1039.34,user 817,Decathlon,2025-01-13 23:56:14,1.78
4833,362,423.77,user 362,Decathlon,2025-01-14 00:32:11,0.77
4834,817,774.73,user 817,Decathlon,2025-01-14 00:45:34,1.32
4835,792,256.32,user 792,Booking.com,2025-01-14 02:53:51,0.58
4836,1876,307.85,user 1876,Carrefour,2025-01-14 03:10:44,0.53
4837,1568,1234.96,user 1568,Zara,2025-01-14 03:59:07,2.78
4838,437,186.07,user 437,Spotify,2025-01-14 06:42:15,0.38
4839,626,1304.75,user 626,IKEA,2025-01-14 07:36:31,2.74
4840,1385,556.12,user 1385,Booking.com,2025-01-14 13:34:22,1.0
4841,1453,1265.61,user 1453,Amazon,2025-01-14 15:56:42,2.18
4842,792,1180.69,user 792,Zara,2025-01-14 19:38:45,2.44
4843,19,506.21,user 19,Uber,2025-01-14 21:15:39,0.99
4844,58,317.47,user 58,Amazon,2025-01-15 00:53:43,0.68
4845,210,1212.06,user 210,Amazon,2025-01-15 02:24:48,2.67
4846,229,377.3,user 229,Deutsche Bahn,2025-01-15 05:56:57,0.69
4847,1621,1119.33,user 1621,Deutsche Bahn,2025-01-15 06:07:29,2.42
4848,1822,1318.19,user 1822,Amazon,2025-01-15 08:25:26,2.72
4849,1096,1383.3,user 1096,Apple,2025-01-15 08:32:08,2.59
4850,439,992.46,user 439,Lidl,2025-01-15 10:39:19,1.88
4851,1546,189.09,user 1546,Booking.com,2025-01-15 14:45:46,0.35
4852,1495,904.4,user 1495,Booking.com,2025-01-15 16:37:36,1.61
4853,1543,397.52,user 1543,Apple,2025-01-15 17:07:33,0.81
4854,175,245.91,user 175,Decathlon,2025-01-15 19:03:49,0.49
4855,1333,1263.39,user 1333,Carrefour,2025-01-15 20:02:15,2.3
4856,708,830.55,user 708,Shell,2025-01-16 04:40:14,1.8
4857,1135,660.0,user 1135,Amazon,2025-01-16 05:05:46,1.18
4858,1881,798.29,user 1881,Shell,2025-01-16 09:06:29,1.77
4859,1510,1353.91,user 1510,Amazon,2025-01-16 13:43:07,2.52
4860,1547,1187.77,user 1547,Decathlon,2025-01-16 14:49:12,2.7
4861,246,1077.85,user 246,Deutsche Bahn,2025-01-16 15:19:35,2.26
4862,1274,389.35,user 1274,IKEA,2025-01-16 16:40:40,0.71
4863,589,596.06,user 589,Booking.com,2025-01-16 16:52:27,1.2
4864,136,290.74,user 136,Booking.com,2025-01-16 18:57:54,0.56
4865,403,236.2,user 403,Uber,2025-01-16 19:22:59,0.43
4866,1269,127.06,user 1269,Shell,2025-01-16 20:59:03,0.25
4867,384,839.47,user 384,Spotify,2025-01-16 21:10:44,1.8
4868,510,1006.79,user 510,Deutsche Bahn,2025-01-17 02:26:39,1.72
4869,1932,687.74,user 1932,Decathlon,2025-01-17 04:36:21,1.33
4870,527,192.64,user 527,Booking.com,2025-01-17 06:04:44,0.38
4871,1948,506.14,user 1948,Decathlon,2025-01-17 06:06:53,0.89
4872,207,174.99,user 207,Deutsche Bahn,2025-01-17 07:12:03,0.39
4873,480,156.16,user 480,Shell,2025-01-17 08:10:48,0.31
4874,31,387.45,user 31,Deutsche Bahn,2025-01-17 11:11:41,0.75
4875,85,1196.41,user 85,Apple,2025-01-17 12:57:38,2.14
4876,404,879.58,user 404,Shell,2025-01-17 13:54:39,1.79
4877,1235,1253.28,user 1235,Amazon,2025-01-17 19:23:20,2.85
4878,1703,1282.62,user 1703,Apple,2025-01-18 00:21:30,2.66
4879,1717,409.36,user 1717,Booking.com,2025-01-18 03:07:33,0.77
4880,1355,1087.99,user 1355,Zara,2025-01-18 04:35:14,1.92
4881,205,627.94,user 205,Booking.com,2025-01-18 05:48:14,1.24
4882,43,380.02,user 43,Zara,2025-01-18 06:42:01,0.75
4883,1167,1248.06,user 1167,Zara,2025-01-18 12:15:28,2.58
4884,1469,666.55,user 1469,Decathlon,2025-01-18 19:34:43,1.21
4885,1080,382.56,user 1080,Spotify,2025-01-18 19:52:07,0.71
4886,846,852.11,user 846,Shell,2025-01-18 23:34:46,1.49
4887,1073,286.1,user 1073,Zara,2025-01-19 01:23:28,0.62
4888,833,387.81,user 833,Zara,2025-01-19 01:46:12,0.74
4889,582,140.87,user 582,Shell,2025-01-19 03:28:06,0.29
4890,596,735.87,user 596,Deutsche Bahn,2025-01-19 05:09:45,1.4
4891,1753,1223.67,user 1753,Deutsche Bahn,2025-01-19 05:59:58,2.75
4892,1628,1349.43,user 1628,Amazon,2025-01-19 08:42:23,2.4
4893,1069,1120.28,user 1069,Apple,2025-01-19 08:42:41,2.34
4894,621,512.34,user 621,Spotify,2025-01-19 13:17:39,1.02
4895,765,553.57,user 765,Uber,2025-01-19 13:25:16,1.18
4896,1890,636.01,user 1890,Booking.com,2025-01-19 13:43:23,1.42
4897,1910,411.91,user 1910,Decathlon,2025-01-19 14:31:24,0.81
4898,697,1277.28,user 697,Deutsche Bahn,2025-01-19 14:59:34,2.39
4899,650,489.23,user 650,Decathlon,2025-01-19 17:54:44,1.12
4900,374,138.38,user 374,Lidl,2025-01-19 19:45:21,0.28
4901,51,853.22,user 51,Amazon,2025-01-19 20:14:32,1.56
4902,251,25.65,user 251,Booking.com,2025-01-19 21:44:53,0.04
4903,233,1313.17,user 233,Lidl,2025-01-19 22:39:58,2.41
4904,1745,1189.32,user 1745,Apple,2025-01-19 23:15:42,2.41
4905,412,932.37,user 412,Shell,2025-01-20 01:06:32,1.67
4906,1446,965.98,user 1446,Amazon,2025-01-20 02:58:13,2.21
4907,1259,315.01,user 1259,IKEA,2025-01-20 05:02:14,0.71
4908,968,30.78,user 968,Deutsche Bahn,2025-01-20 08:37:35,0.05
4909,804,513.14,user 804,Spotify,2025-01-20 08:54:02,1.09
4910,1228,448.48,user 1228,Deutsche Bahn,2025-01-20 12:08:34,0.93
4911,1833,239.84,user 1833,Amazon,2025-01-20 12:26:54,0.41
4912,1693,674.98,user 1693,Zara,2025-01-20 13:45:15,1.45
4913,374,258.31,user 374,Amazon,2025-01-20 14:41:30,0.46
4914,1226,721.4,user 1226,Spotify,2025-01-20 15:39:22,1.65
4915,1019,352.89,user 1019,Shell,2025-01-20 15:48:46,0.71
4916,1471,418.88,user 1471,Zara,2025-01-20 19:03:11,0.85
4917,482,449.45,user 482,Deutsche Bahn,2025-01-20 19:19:12,0.97
4918,1584,848.47,user 1584,Decathlon,2025-01-20 19:22:19,1.45
4919,302,529.14,user 302,Zara,2025-01-20 19:25:44,0.99
4920,246,1294.95,user 246,Deutsche Bahn,2025-01-20 20:54:54,2.58
4921,1134,430.33,user 1134,Zara,2025-01-20 23:11:00,0.74
4922,1282,62.55,user 1282,Booking.com,2025-01-20 23:11:34,0.14
4923,277,1179.48,user 277,Amazon,2025-01-20 23:33:52,2.29
4924,13,1269.91,user 13,Spotify,2025-01-21 00:10:05,2.16
4925,1164,675.02,user 1164,IKEA,2025-01-21 05:14:40,1.52
4926,989,688.85,user 989,Carrefour,2025-01-21 05:40:50,1.37
4927,251,514.78,user 251,Deutsche Bahn,2025-01-21 06:07:46,1.15
4928,1172,360.86,user 1172,Uber,2025-01-21 10:19:02,0.65
4929,121,1151.12,user 121,Spotify,2025-01-21 11:20:52,2.55
4930,53,602.92,user 53,Amazon,2025-01-21 11:22:11,1.19
4931,1372,383.4,user 1372,Lidl,2025-01-21 14:14:30,0.74
4932,688,635.5,user 688,Booking.com,2025-01-21 17:15:43,1.37
4933,1485,1319.4,user 1485,IKEA,2025-01-21 18:58:23,2.32
4934,1036,804.05,user 1036,Booking.com,2025-01-21 19:50:21,1.54
4935,1150,606.5,user 1150,Zara,2025-01-21 20:17:32,1.36
4936,184,1280.65,user 184,Spotify,2025-01-22 01:58:38,2.56
4937,1303,699.71,user 1303,Apple,2025-01-22 03:36:28,1.29
4938,519,1106.16,user 519,Deutsche Bahn,2025-01-22 04:33:39,2.2
4939,1032,1061.05,user 1032,IKEA,2025-01-22 08:22:18,1.94
4940,1419,39.55,user 1419,Amazon,2025-01-22 11:04:21,0.07
4941,62,72.43,user 62,IKEA,2025-01-22 12:26:19,0.16
4942,200,949.12,user 200,Carrefour,2025-01-22 16:33:15,2.0
4943,1111,910.96,user 1111,Deutsche Bahn,2025-01-22 16:52:53,1.85
4944,1839,972.71,user 1839,Decathlon,2025-01-22 17:02:47,1.85
4945,1237,1242.25,user 1237,Booking.com,2025-01-22 22:39:45,2.49
4946,1506,486.65,user 1506,Shell,2025-01-22 23:10:50,1.0
4947,1520,11.76,user 1520,Apple,2025-01-23 01:41:46,0.02
4948,280,446.45,user 280,Zara,2025-01-23 02:11:29,0.85
4949,1394,315.4,user 1394,Lidl,2025-01-23 04:11:01,0.63
4950,880,48.17,user 880,Booking.com,2025-01-23 07:37:16,0.11
4951,1255,265.73,user 1255,IKEA,2025-01-23 09:26:14,0.46
4952,934,1138.54,user 934,Apple,2025-01-23 10:59:41,2.3
4953,752,717.01,user 752,Deutsche Bahn,2025-01-23 13:52:43,1.24
4954,1643,193.65,user 1643,Apple,2025-01-23 16:49:41,0.42
4955,1229,1134.05,user 1229,Amazon,2025-01-23 19:40:49,2.27
4956,1391,877.91,user 1391,Uber,2025-01-23 20:57:05,1.66
4957,1589,187.68,user 1589,Carrefour,2025-01-23 22:50:33,0.35
4958,1357,28.44,user 1357,Amazon,2025-01-24 01:18:36,0.06
4959,1302,238.59,user 1302,Spotify,2025-01-24 01:50:02,0.42
4960,1042,1111.89,user 1042,Decathlon,2025-01-24 02:35:22,2.36
4961,862,925.54,user 862,Lidl,2025-01-24 03:17:54,1.72
4962,489,238.45,user 489,Booking.com,2025-01-24 04:24:12,0.43
4963,295,821.46,user 295,Shell,2025-01-24 06:21:44,1.88
4964,1472,714.34,user 1472,Spotify,2025-01-24 06:41:17,1.39
4965,450,991.36,user 450,IKEA,2025-01-24 07:01:36,1.93
4966,1409,1030.13,user 1409,Deutsche Bahn,2025-01-24 07:03:10,2.28
4967,1169,933.38,user 1169,Shell,2025-01-24 08:37:54,2.13
4968,1476,143.04,user 1476,Decathlon,2025-01-24 10:50:52,0.32
4969,700,436.8,user 700,Zara,2025-01-24 12:11:17,0.81
4970,1819,1095.47,user 1819,Apple,2025-01-24 12:33:27,2.4
4971,1507,224.15,user 1507,Deutsche Bahn,2025-01-24 15:07:33,0.49
4972,110,765.3,user 110,Deutsche Bahn,2025-01-24 15:56:30,1.41
4973,186,255.37,user 186,Shell,2025-01-24 16:39:36,0.46
4974,640,1103.05,user 640,Spotify,2025-01-24 17:37:32,1.97
4975,1762,526.58,user 1762,Decathlon,2025-01-24 19:23:53,1.07
4976,1070,837.64,user 1070,Deutsche Bahn,2025-01-24 21:07:39,1.5
4977,1433,1183.1,user 1433,Booking.com,2025-01-24 22:03:30,2.06
4978,259,578.71,user 259,IKEA,2025-01-24 22:23:14,1.17
4979,1938,284.29,user 1938,Shell,2025-01-25 00:27:54,0.62
4980,1250,39.19,user 1250,Deutsche Bahn,2025-01-25 05:24:56,0.08
4981,1272,185.76,user 1272,Lidl,2025-01-25 06:24:01,0.42
4982,1482,784.37,user 1482,Zara,2025-01-25 07:00:45,1.42
4983,1141,208.25,user 1141,Deutsche Bahn,2025-01-25 09:27:25,0.38
4984,1231,712.43,user 1231,Carrefour,2025-01-25 10:03:36,1.4
4985,1062,1083.11,user 1062,Deutsche Bahn,2025-01-25 11:05:37,2.26
4986,588,953.27,user 588,Booking.com,2025-01-25 11:36:51,2.16
4987,667,571.27,user 667,Booking.com,2025-01-25 13:57:47,1.09
4988,1994,568.87,user 1994,Decathlon,2025-01-25 14:05:35,1.19
4989,631,600.76,user 631,Booking.com,2025-01-25 16:18:22,1.31
4990,1994,1255.0,user 1994,IKEA,2025-01-25 18:14:35,2.33
4991,1933,1384.51,user 1933,Zara,2025-01-25 18:22:17,2.9
4992,1668,1131.3,user 1668,Zara,2025-01-25 18:47:21,1.93
4993,1407,524.41,user 1407,Apple,2025-01-25 19:43:02,1.03
4994,1959,150.02,user 1959,IKEA,2025-01-25 21:26:09,0.33
4995,179,1330.84,user 179,Apple,2025-01-26 00:06:53,2.28
4996,252,1243.8,user 252,Uber,2025-01-26 01:49:42,2.66
4997,1752,742.41,user 1752,Deutsche Bahn,2025-01-26 03:00:40,1.36
4998,1580,899.95,user 1580,Deutsche Bahn,2025-01-26 09:41:01,1.67
4999,1712,833.79,user 1712,Lidl,2025-01-26 14:24:03,1.91
5000,1367,228.05,user 1367,Booking.com,2025-01-26 15:16:18,0.44
5001,664,1324.13,user 664,Booking.com,2025-01-26 15:17:05,2.92
5002,1871,205.68,user 1871,Decathlon,2025-01-26 15:42:25,0.42
5003,1046,1237.57,user 1046,Spotify,2025-01-26 16:05:08,2.48
5004,1757,639.17,user 1757,Uber,2025-01-27 00:53:37,1.16
5005,877,1313.2,user 877,Amazon,2025-01-27 04:13:03,3.0
5006,623,761.1,user 623,Decathlon,2025-01-27 06:31:38,1.35
5007,235,192.05,user 235,Lidl,2025-01-27 08:57:32,0.43
5008,453,1231.04,user 453,Shell,2025-01-27 10:46:57,2.67
5009,43,1002.03,user 43,Lidl,2025-01-27 11:07:41,1.88
5010,1409,240.04,user 1409,IKEA,2025-01-27 11:19:42,0.43
5011,191,352.91,user 191,Deutsche Bahn,2025-01-27 12:07:57,0.73
5012,958,480.53,user 958,IKEA,2025-01-27 13:28:20,0.88
5013,1580,931.14,user 1580,Apple,2025-01-27 13:34:29,1.87
5014,156,1304.0,user 156,Booking.com,2025-01-27 14:39:16,2.83
5015,1867,759.85,user 1867,Decathlon,2025-01-27 15:56:53,1.47
5016,519,230.15,user 519,Uber,2025-01-27 18:45:50,0.5
5017,978,1250.32,user 978,Lidl,2025-01-27 20:24:17,2.36
5018,1932,946.81,user 1932,Amazon,2025-01-27 23:03:46,1.78
5019,678,213.27,user 678,Decathlon,2025-01-28 01:02:48,0.47
5020,157,632.7,user 157,Uber,2025-01-28 01:07:04,1.11
5021,222,366.0,user 222,Amazon,2025-01-28 03:30:20,0.81
5022,1239,743.26,user 1239,Deutsche Bahn,2025-01-28 10:45:19,1.51
5023,1384,699.61,user 1384,Shell,2025-01-28 17:51:34,1.46
5024,1124,351.56,user 1124,Deutsche Bahn,2025-01-28 18:20:51,0.63
5025,698,329.24,user 698,Shell,2025-01-28 20:02:19,0.6
5026,1960,875.52,user 1960,Apple,2025-01-29 02:48:02,1.9
5027,758,1296.84,user 758,Amazon,2025-01-29 02:48:31,2.9
5028,1075,290.63,user 1075,Carrefour,2025-01-29 04:23:29,0.61
5029,918,515.81,user 918,Carrefour,2025-01-29 06:25:09,1.02
5030,1831,842.31,user 1831,Amazon,2025-01-29 06:26:54,1.88
5031,527,285.07,user 527,IKEA,2025-01-29 08:37:06,0.63
5032,1800,170.41,user 1800,Zara,2025-01-29 12:44:41,0.3
5033,400,281.33,user 400,Shell,2025-01-29 13:09:01,0.54
5034,1087,775.34,user 1087,Uber,2025-01-29 15:57:17,1.68
5035,239,166.16,user 239,IKEA,2025-01-29 17:19:30,0.34
5036,1561,499.3,user 1561,Apple,2025-01-29 19:02:44,1.13
5037,201,632.68,user 201,Booking.com,2025-01-29 21:23:14,1.14
5038,892,1004.49,user 892,Lidl,2025-01-29 23:13:14,1.71
5039,1353,1104.33,user 1353,Zara,2025-01-29 23:56:23,2.29
5040,872,282.02,user 872,Apple,2025-01-30 00:34:26,0.57
5041,159,1037.89,user 159,Booking.com,2025-01-30 01:35:36,1.83
5042,993,1186.17,user 993,Booking.com,2025-01-30 01:45:54,2.04
5043,1005,1210.46,user 1005,Amazon,2025-01-30 03:10:11,2.58
5044,1217,1357.29,user 1217,Apple,2025-01-30 03:16:16,2.39
5045,1072,770.56,user 1072,Apple,2025-01-30 04:23:42,1.64
5046,116,1108.35,user 116,Zara,2025-01-30 05:22:08,2.46
5047,1212,1124.7,user 1212,IKEA,2025-01-30 06:33:42,2.53
5048,1295,365.35,user 1295,Spotify,2025-01-30 07:45:39,0.77
5049,896,412.45,user 896,Spotify,2025-01-30 08:55:56,0.76
5050,1966,1029.06,user 1966,Uber,2025-01-30 10:54:25,2.35
5051,1443,671.48,user 1443,Apple,2025-01-30 13:22:03,1.16
5052,207,449.21,user 207,Uber,2025-01-30 13:46:14,1.03
5053,700,846.61,user 700,Uber,2025-01-30 14:53:21,1.69
5054,1277,626.15,user 1277,Decathlon,2025-01-30 15:21:35,1.27
5055,1508,436.56,user 1508,Lidl,2025-01-30 17:26:13,0.95
5056,1447,1324.65,user 1447,Zara,2025-01-30 19:54:07,2.29
5057,1361,475.08,user 1361,Apple,2025-01-30 21:17:30,0.85
5058,173,1277.24,user 173,Amazon,2025-01-30 21:20:00,2.86
5059,1727,282.17,user 1727,Spotify,2025-01-30 22:15:09,0.49
5060,1642,284.92,user 1642,Zara,2025-01-31 00:46:21,0.65
5061,785,425.79,user 785,Lidl,2025-01-31 00:51:40,0.78
5062,1048,331.3,user 1048,IKEA,2025-01-31 00:57:21,0.7
5063,65,1022.02,user 65,Deutsche Bahn,2025-01-31 01:12:54,2.13
5064,706,319.82,user 706,Apple,2025-01-31 04:43:25,0.57
5065,1622,182.0,user 1622,Amazon,2025-01-31 05:12:29,0.39
5066,1074,551.04,user 1074,Shell,2025-01-31 06:58:12,1.05
5067,1283,591.81,user 1283,Lidl,2025-01-31 08:25:38,1.06
5068,1190,562.7,user 1190,Apple,2025-01-31 08:41:56,1.23
5069,1602,937.76,user 1602,Booking.com,2025-01-31 16:47:32,1.86
5070,556,85.0,user 556,Zara,2025-01-31 16:57:02,0.18
5071,917,1391.72,user 917,Deutsche Bahn,2025-01-31 17:21:55,2.4
5072,1110,663.79,user 1110,Amazon,2025-01-31 17:27:22,1.23
5073,1678,993.67,user 1678,Zara,2025-01-31 18:49:39,2.2
5074,212,200.47,user 212,Spotify,2025-02-01 00:41:41,0.36
5075,980,565.05,user 980,Decathlon,2025-02-01 01:05:24,1.02
5076,977,423.46,user 977,Decathlon,2025-02-01 01:21:16,0.72
5077,656,237.09,user 656,Carrefour,2025-02-01 02:58:58,0.46
5078,859,415.51,user 859,Deutsche Bahn,2025-02-01 07:25:48,0.75
5079,1869,640.21,user 1869,Carrefour,2025-02-01 07:33:17,1.28
5080,43,1363.2,user 43,Spotify,2025-02-01 10:17:10,2.75
5081,1462,718.98,user 1462,IKEA,2025-02-01 12:17:10,1.35
5082,1400,839.02,user 1400,Carrefour,2025-02-01 13:01:30,1.72
5083,809,252.54,user 809,Shell,2025-02-01 14:25:34,0.43
5084,1408,196.18,user 1408,Booking.com,2025-02-01 16:57:42,0.35
5085,1858,330.14,user 1858,Shell,2025-02-01 17:31:34,0.68
5086,574,112.03,user 574,Amazon,2025-02-01 18:36:48,0.25
5087,1923,105.76,user 1923,Amazon,2025-02-01 21:45:27,0.22
5088,473,676.09,user 473,Carrefour,2025-02-01 22:07:44,1.48
5089,1760,1058.16,user 1760,Lidl,2025-02-02 00:56:55,2.09
5090,619,1180.8,user 619,Uber,2025-02-02 01:07:25,2.45
5091,772,561.28,user 772,Spotify,2025-02-02 03:54:31,1.2
5092,486,961.18,user 486,Decathlon,2025-02-02 07:51:58,1.73
5093,1781,1025.53,user 1781,Lidl,2025-02-02 08:30:50,2.24
5094,1563,1344.72,user 1563,Apple,2025-02-02 09:25:36,2.47
5095,799,96.79,user 799,Apple,2025-02-02 09:34:13,0.2
5096,169,1158.28,user 169,Uber,2025-02-02 12:08:10,2.56
5097,334,87.99,user 334,Uber,2025-02-02 14:56:31,0.16
5098,1175,1208.22,user 1175,Zara,2025-02-02 15:22:44,2.15
5099,1481,188.39,user 1481,Booking.com,2025-02-02 16:43:07,0.41
5100,104,820.54,user 104,Lidl,2025-02-02 17:32:57,1.51
5101,1416,473.43,user 1416,Lidl,2025-02-02 17:44:49,0.81
5102,1029,858.48,user 1029,Deutsche Bahn,2025-02-02 18:09:03,1.47
5103,854,747.15,user 854,Shell,2025-02-02 20:12:33,1.34
5104,1891,1303.03,user 1891,Deutsche Bahn,2025-02-02 23:53:14,2.75
5105,490,1325.78,user 490,Shell,2025-02-03 00:53:56,2.97
5106,532,258.36,user 532,Zara,2025-02-03 06:19:08,0.56
5107,1434,1278.02,user 1434,Decathlon,2025-02-03 06:38:47,2.36
5108,1799,643.44,user 1799,IKEA,2025-02-03 06:48:05,1.38
5109,535,1239.26,user 535,Shell,2025-02-03 06:50:57,2.14
5110,660,590.7,user 660,Spotify,2025-02-03 11:47:47,1.2
5111,143,362.62,user 143,Carrefour,2025-02-03 13:43:14,0.79
5112,1907,1282.88,user 1907,Decathlon,2025-02-03 13:48:16,2.65
5113,511,776.47,user 511,Lidl,2025-02-03 14:39:30,1.67
5114,276,54.88,user 276,Spotify,2025-02-03 15:20:49,0.13
5115,1499,1355.39,user 1499,Spotify,2025-02-03 16:03:31,2.96
5116,1958,359.4,user 1958,Lidl,2025-02-03 20:47:34,0.71
5117,972,598.76,user 972,Spotify,2025-02-03 21:34:43,1.32
5118,70,243.4,user 70,Decathlon,2025-02-03 21:51:09,0.43
5119,1012,339.72,user 1012,Uber,2025-02-03 23:47:18,0.65
5120,677,1127.46,user 677,Zara,2025-02-04 00:48:03,2.45
5121,309,1345.93,user 309,Zara,2025-02-04 01:27:31,2.74
5122,1502,1163.24,user 1502,IKEA,2025-02-04 01:30:07,2.2
5123,506,1340.57,user 506,Deutsche Bahn,2025-02-04 02:31:45,2.71
5124,733,808.68,user 733,Spotify,2025-02-04 06:12:24,1.75
5125,1292,551.23,user 1292,Decathlon,2025-02-04 07:28:52,1.15
5126,1913,991.85,user 1913,Shell,2025-02-04 08:33:42,1.83
5127,24,421.48,user 24,Uber,2025-02-04 09:41:31,0.97
5128,817,1387.59,user 817,Deutsche Bahn,2025-02-04 11:45:07,2.58
5129,546,713.54,user 546,Lidl,2025-02-04 11:52:24,1.43
5130,1005,966.75,user 1005,Zara,2025-02-04 12:08:56,2.04
5131,4,611.2,user 4,Booking.com,2025-02-04 14:37:10,1.19
5132,320,446.4,user 320,Spotify,2025-02-04 14:46:50,0.99
5133,671,1204.0,user 671,IKEA,2025-02-04 15:00:28,2.06
5134,28,524.35,user 28,Apple,2025-02-04 15:34:28,1.1
5135,1969,1184.57,user 1969,Uber,2025-02-04 16:18:59,2.6
5136,593,901.91,user 593,Amazon,2025-02-04 16:32:19,2.0
5137,1450,178.36,user 1450,Uber,2025-02-04 17:16:38,0.35
5138,1477,861.69,user 1477,Decathlon,2025-02-04 17:54:42,1.66
5139,1957,170.88,user 1957,Amazon,2025-02-04 18:12:35,0.34
5140,1064,100.77,user 1064,Deutsche Bahn,2025-02-04 20:25:32,0.22
5141,399,1399.08,user 399,Spotify,2025-02-04 21:14:37,3.14
5142,580,207.33,user 580,Zara,2025-02-04 22:09:31,0.42
5143,740,1014.41,user 740,Spotify,2025-02-04 23:48:14,1.9
5144,314,68.6,user 314,Uber,2025-02-05 01:18:33,0.14
5145,1636,171.48,user 1636,Amazon,2025-02-05 01:50:22,0.33
5146,577,505.64,user 577,Carrefour,2025-02-05 02:52:13,1.06
5147,243,1306.79,user 243,Deutsche Bahn,2025-02-05 04:33:58,2.97
5148,1333,1143.73,user 1333,Lidl,2025-02-05 05:15:23,2.62
5149,172,1145.86,user 172,Booking.com,2025-02-05 10:39:15,2.43
5150,1501,402.07,user 1501,IKEA,2025-02-05 17:56:58,0.79
5151,1000,301.89,user 1000,Deutsche Bahn,2025-02-05 19:46:41,0.52
5152,1748,1327.03,user 1748,Deutsche Bahn,2025-02-05 20:10:01,3.02
5153,1803,702.74,user 1803,Zara,2025-02-05 21:09:20,1.24
5154,1024,40.32,user 1024,Apple,2025-02-05 21:44:10,0.09
5155,707,545.96,user 707,Deutsche Bahn,2025-02-06 00:10:32,1.02
5156,919,712.77,user 919,Zara,2025-02-06 00:20:27,1.57
5157,1063,433.36,user 1063,Apple,2025-02-06 02:53:12,0.95
5158,616,1229.07,user 616,Zara,2025-02-06 07:26:45,2.38
5159,1863,90.3,user 1863,Amazon,2025-02-06 09:52:05,0.18
5160,1610,1337.12,user 1610,Spotify,2025-02-06 10:45:07,2.65
5161,1321,1051.0,user 1321,Zara,2025-02-06 15:09:14,2.25
5162,811,435.42,user 811,Uber,2025-02-06 15:27:10,0.76
5163,37,316.53,user 37,Spotify,2025-02-06 17:09:44,0.61
5164,1537,936.25,user 1537,Decathlon,2025-02-06 18:35:26,1.93
5165,1832,927.7,user 1832,Shell,2025-02-06 18:43:35,1.91
5166,1218,10.22,user 1218,Lidl,2025-02-06 20:12:25,0.02
5167,1798,97.06,user 1798,Amazon,2025-02-06 20:58:17,0.19
5168,1834,279.12,user 1834,Carrefour,2025-02-06 23:51:06,0.63
5169,955,424.87,user 955,Decathlon,2025-02-07 00:59:42,0.94
5170,820,578.14,user 820,IKEA,2025-02-07 01:05:31,1.24
5171,194,1013.61,user 194,Spotify,2025-02-07 05:28:18,2.15
5172,1990,1288.15,user 1990,Spotify,2025-02-07 05:48:00,2.81
5173,587,260.58,user 587,Spotify,2025-02-07 06:47:19,0.56
5174,204,496.11,user 204,Uber,2025-02-07 08:46:42,1.01
5175,969,1082.55,user 969,Uber,2025-02-07 09:44:50,2.11
5176,26,190.96,user 26,Spotify,2025-02-07 10:25:53,0.36
5177,2,692.63,user 2,Decathlon,2025-02-07 10:40:49,1.43
5178,738,611.04,user 738,Carrefour,2025-02-07 11:41:52,1.18
5179,1626,1302.59,user 1626,Decathlon,2025-02-07 13:04:42,2.5
5180,627,731.8,user 627,Decathlon,2025-02-07 14:03:17,1.29
5181,1101,767.32,user 1101,Apple,2025-02-07 14:49:50,1.6
5182,486,819.8,user 486,Uber,2025-02-07 15:17:48,1.62
5183,1496,912.53,user 1496,Booking.com,2025-02-07 21:02:46,1.66
5184,492,600.53,user 492,Lidl,2025-02-08 03:32:16,1.1
5185,714,184.66,user 714,Deutsche Bahn,2025-02-08 08:34:04,0.32
5186,1305,344.83,user 1305,Lidl,2025-02-08 08:47:39,0.76
5187,1778,584.91,user 1778,Carrefour,2025-02-08 09:13:36,1.0
5188,134,273.67,user 134,Deutsche Bahn,2025-02-08 14:31:39,0.51
5189,1671,372.04,user 1671,Zara,2025-02-08 17:29:44,0.83
5190,660,239.5,user 660,IKEA,2025-02-08 17:35:31,0.43
5191,370,761.24,user 370,Shell,2025-02-08 18:10:28,1.48
5192,827,883.3,user 827,Deutsche Bahn,2025-02-08 21:57:22,1.67
5193,1515,431.08,user 1515,Shell,2025-02-08 21:59:03,0.82
5194,300,1228.05,user 300,Uber,2025-02-08 22:00:20,2.39
5195,1173,1024.61,user 1173,Lidl,2025-02-09 01:35:03,1.92
5196,6,1316.02,user 6,Amazon,2025-02-09 02:00:23,2.89
5197,1566,1212.28,user 1566,Shell,2025-02-09 02:11:32,2.44
5198,25,1374.04,user 25,Apple,2025-02-09 02:27:09,2.62
5199,1814,776.21,user 1814,Deutsche Bahn,2025-02-09 02:37:15,1.73
5200,1897,929.99,user 1897,Lidl,2025-02-09 03:24:41,2.0
5201,1602,909.87,user 1602,Zara,2025-02-09 04:06:01,1.82
5202,780,23.87,user 780,Carrefour,2025-02-09 04:41:06,0.05
5203,84,296.01,user 84,Zara,2025-02-09 04:52:18,0.65
5204,1028,349.45,user 1028,Zara,2025-02-09 06:35:04,0.6
5205,579,391.52,user 579,Spotify,2025-02-09 07:32:51,0.68
5206,1396,249.45,user 1396,Carrefour,2025-02-09 07:44:48,0.46
5207,141,764.87,user 141,Shell,2025-02-09 09:14:50,1.58
5208,748,111.19,user 748,Uber,2025-02-09 11:10:20,0.19
5209,1190,750.89,user 1190,Spotify,2025-02-09 11:42:55,1.6
5210,362,1143.44,user 362,Deutsche Bahn,2025-02-09 13:35:06,2.47
5211,482,780.02,user 482,Apple,2025-02-09 13:59:13,1.77
5212,1707,537.58,user 1707,Carrefour,2025-02-09 14:07:10,0.92
5213,954,129.94,user 954,Zara,2025-02-09 14:11:34,0.22
5214,1589,688.65,user 1589,IKEA,2025-02-09 14:55:34,1.48
5215,723,1181.5,user 723,Apple,2025-02-09 19:54:11,2.41
5216,156,470.81,user 156,Zara,2025-02-09 20:07:25,0.98
5217,410,1006.6,user 410,Carrefour,2025-02-09 20:31:34,1.73
5218,1758,1273.74,user 1758,Lidl,2025-02-09 21:43:27,2.32
5219,604,331.01,user 604,Zara,2025-02-09 22:13:07,0.59
5220,884,749.64,user 884,Uber,2025-02-09 23:06:48,1.55
5221,132,905.31,user 132,Shell,2025-02-10 05:09:10,1.8
5222,1496,103.05,user 1496,Uber,2025-02-10 06:49:13,0.23
5223,1406,1031.66,user 1406,IKEA,2025-02-10 08:24:11,1.78
5224,272,463.72,user 272,Carrefour,2025-02-10 09:03:39,1.07
5225,1824,1118.2,user 1824,Booking.com,2025-02-10 09:46:42,1.96
5226,1058,144.81,user 1058,Shell,2025-02-10 13:55:11,0.26
5227,1869,737.46,user 1869,Decathlon,2025-02-10 13:55:43,1.3
5228,974,364.89,user 974,Amazon,2025-02-10 16:41:43,0.76
5229,1812,1289.33,user 1812,Amazon,2025-02-10 16:56:03,2.25
5230,1851,1197.05,user 1851,Deutsche Bahn,2025-02-10 18:32:57,2.18
5231,552,1253.46,user 552,Decathlon,2025-02-10 21:51:38,2.6
5232,1270,943.7,user 1270,Carrefour,2025-02-10 23:55:37,1.78
5233,206,620.27,user 206,Spotify,2025-02-10 23:59:47,1.18
5234,1221,510.59,user 1221,Zara,2025-02-11 00:14:35,1.16
5235,493,1051.49,user 493,Booking.com,2025-02-11 00:38:41,2.29
5236,1138,1057.97,user 1138,IKEA,2025-02-11 02:20:34,2.4
5237,1789,1065.26,user 1789,Apple,2025-02-11 02:56:45,1.94
5238,1031,573.88,user 1031,Uber,2025-02-11 03:30:15,1.1
5239,100,959.05,user 100,Shell,2025-02-11 06:08:51,2.17
5240,1105,957.53,user 1105,Zara,2025-02-11 09:56:31,1.73
5241,1521,811.76,user 1521,Carrefour,2025-02-11 10:40:35,1.8
5242,1605,548.24,user 1605,Uber,2025-02-11 11:56:40,1.2
5243,1461,718.55,user 1461,Decathlon,2025-02-11 14:58:52,1.51
5244,1518,43.12,user 1518,IKEA,2025-02-11 15:01:36,0.08
5245,1868,412.53,user 1868,Decathlon,2025-02-11 15:06:24,0.84
5246,1610,1362.53,user 1610,Amazon,2025-02-11 15:35:08,2.99
5247,795,1298.85,user 795,Deutsche Bahn,2025-02-11 17:20:08,2.22
5248,548,556.31,user 548,Spotify,2025-02-11 17:39:16,1.13
5249,112,435.58,user 112,Decathlon,2025-02-11 21:27:51,0.93
5250,1837,551.47,user 1837,Carrefour,2025-02-11 22:01:45,1.15
5251,1560,953.47,user 1560,Spotify,2025-02-11 23:00:17,1.64
5252,404,453.07,user 404,Carrefour,2025-02-11 23:35:38,0.98
5253,1021,61.23,user 1021,Booking.com,2025-02-12 02:28:01,0.12
5254,762,381.22,user 762,Booking.com,2025-02-12 02:48:31,0.68
5255,1245,444.49,user 1245,Lidl,2025-02-12 03:11:01,0.84
5256,1347,924.21,user 1347,Spotify,2025-02-12 03:32:18,2.08
5257,682,406.33,user 682,Decathlon,2025-02-12 05:45:33,0.87
5258,708,109.77,user 708,IKEA,2025-02-12 06:59:33,0.24
5259,455,1168.87,user 455,Lidl,2025-02-12 07:37:37,2.08
5260,399,1145.22,user 399,Shell,2025-02-12 08:38:30,2.06
5261,824,1270.67,user 824,Shell,2025-02-12 10:20:16,2.45
5262,294,537.84,user 294,Carrefour,2025-02-12 13:42:50,0.99
5263,1043,924.91,user 1043,IKEA,2025-02-12 17:03:06,1.58
5264,158,789.46,user 158,Lidl,2025-02-12 17:12:38,1.76
5265,1793,145.53,user 1793,Spotify,2025-02-12 20:38:34,0.29
5266,899,1370.56,user 899,Uber,2025-02-12 23:49:00,3.06
5267,976,521.44,user 976,Uber,2025-02-13 00:03:20,1.02
5268,1501,1095.98,user 1501,Lidl,2025-02-13 03:46:27,2.19
5269,1231,1067.5,user 1231,Deutsche Bahn,2025-02-13 07:47:29,2.02
5270,1503,1284.99,user 1503,Lidl,2025-02-13 07:56:51,2.56
5271,435,1326.23,user 435,Decathlon,2025-02-13 11:03:06,2.29
5272,152,372.66,user 152,Uber,2025-02-13 12:18:48,0.8
5273,1812,1366.07,user 1812,Booking.com,2025-02-13 12:30:27,2.55
5274,522,499.06,user 522,Apple,2025-02-13 14:38:19,0.95
5275,231,681.52,user 231,Spotify,2025-02-13 22:23:53,1.42
5276,1187,367.66,user 1187,Shell,2025-02-14 03:37:32,0.81
5277,1374,326.66,user 1374,Amazon,2025-02-14 04:21:01,0.61
5278,1319,584.29,user 1319,Shell,2025-02-14 04:43:17,1.17
5279,375,1253.55,user 375,Booking.com,2025-02-14 05:05:44,2.47
5280,20,842.92,user 20,Carrefour,2025-02-14 10:15:33,1.59
5281,1209,198.41,user 1209,Uber,2025-02-14 11:34:55,0.45
5282,630,808.28,user 630,Lidl,2025-02-14 13:11:00,1.84
5283,1712,400.13,user 1712,Shell,2025-02-14 13:57:37,0.73
5284,226,799.98,user 226,Spotify,2025-02-14 19:59:07,1.52
5285,938,214.32,user 938,Amazon,2025-02-14 20:48:06,0.41
5286,1928,413.76,user 1928,Uber,2025-02-14 21:52:49,0.77
5287,271,951.38,user 271,Shell,2025-02-14 22:00:48,1.83
5288,1016,1334.91,user 1016,IKEA,2025-02-15 00:29:23,2.96
5289,766,496.34,user 766,Carrefour,2025-02-15 01:12:20,1.03
5290,916,310.59,user 916,Carrefour,2025-02-15 03:28:38,0.55
5291,1643,958.86,user 1643,Shell,2025-02-15 05:17:46,2.06
5292,1634,474.79,user 1634,Shell,2025-02-15 05:50:25,0.81
5293,318,417.97,user 318,Shell,2025-02-15 07:58:31,0.73
5294,981,1190.31,user 981,Carrefour,2025-02-15 10:41:51,2.6
5295,332,208.22,user 332,Lidl,2025-02-15 13:42:20,0.36
5296,12,51.32,user 12,Lidl,2025-02-15 14:35:52,0.12
5297,740,608.05,user 740,Uber,2025-02-15 18:03:59,1.24
5298,361,1303.19,user 361,Spotify,2025-02-15 22:05:47,2.98
5299,800,773.81,user 800,Decathlon,2025-02-15 22:44:00,1.55
5300,168,648.0,user 168,Decathlon,2025-02-15 23:13:42,1.3
5301,233,1002.39,user 233,Booking.com,2025-02-16 00:32:18,2.03
5302,756,1240.76,user 756,Decathlon,2025-02-16 03:20:31,2.6
5303,866,69.36,user 866,Carrefour,2025-02-16 06:21:23,0.12
5304,251,1089.38,user 251,Zara,2025-02-16 07:56:00,1.97
5305,603,242.83,user 603,Shell,2025-02-16 08:31:43,0.49
5306,1382,955.8,user 1382,Carrefour,2025-02-16 08:57:52,1.88
5307,882,400.16,user 882,Booking.com,2025-02-16 08:57:57,0.87
5308,831,1016.3,user 831,Shell,2025-02-16 10:34:49,1.89
5309,903,1360.43,user 903,Uber,2025-02-16 11:05:54,2.55
5310,1845,437.21,user 1845,Decathlon,2025-02-16 12:14:47,0.92
5311,758,1090.25,user 758,IKEA,2025-02-16 13:03:04,2.31
5312,1153,130.3,user 1153,Deutsche Bahn,2025-02-16 14:06:48,0.27
5313,1035,11.12,user 1035,IKEA,2025-02-16 14:45:21,0.02
5314,652,175.09,user 652,Zara,2025-02-16 21:51:14,0.34
5315,695,1016.25,user 695,Decathlon,2025-02-16 22:51:48,2.12
5316,1982,779.99,user 1982,Decathlon,2025-02-16 23:26:31,1.42
5317,1583,346.99,user 1583,Amazon,2025-02-17 06:06:21,0.6
5318,269,1305.62,user 269,Uber,2025-02-17 06:13:26,2.76
5319,804,56.79,user 804,Spotify,2025-02-17 06:26:23,0.12
5320,917,312.22,user 917,Lidl,2025-02-17 13:02:03,0.55
5321,1296,594.51,user 1296,Deutsche Bahn,2025-02-17 22:15:11,1.29
5322,2000,430.83,user 2000,Zara,2025-02-18 01:02:41,0.95
5323,1392,186.17,user 1392,IKEA,2025-02-18 04:51:55,0.42
5324,265,1081.75,user 265,Decathlon,2025-02-18 05:06:44,1.89
5325,1690,70.19,user 1690,Spotify,2025-02-18 05:10:32,0.15
5326,1282,919.59,user 1282,Carrefour,2025-02-18 06:48:11,1.75
5327,889,545.23,user 889,Apple,2025-02-18 11:41:58,0.97
5328,722,450.47,user 722,Spotify,2025-02-18 13:21:48,0.91
5329,562,718.61,user 562,Decathlon,2025-02-18 14:52:23,1.3
5330,1483,1134.59,user 1483,IKEA,2025-02-18 19:57:15,2.11
5331,736,258.51,user 736,Deutsche Bahn,2025-02-18 22:23:54,0.56
5332,1228,856.31,user 1228,Shell,2025-02-19 04:13:35,1.7
5333,1741,381.89,user 1741,Decathlon,2025-02-19 04:31:53,0.69
5334,1679,1328.0,user 1679,Amazon,2025-02-19 05:43:44,2.46
5335,1827,893.79,user 1827,Booking.com,2025-02-19 08:00:16,1.87
5336,978,454.14,user 978,IKEA,2025-02-19 08:53:13,0.96
5337,959,1144.08,user 959,Amazon,2025-02-19 11:20:15,2.56
5338,1401,1002.94,user 1401,Shell,2025-02-19 12:44:18,2.15
5339,1594,1237.17,user 1594,Spotify,2025-02-19 13:42:34,2.51
5340,46,529.17,user 46,Carrefour,2025-02-19 15:48:37,1.0
5341,1419,978.42,user 1419,IKEA,2025-02-19 16:08:30,2.0
5342,131,654.11,user 131,Spotify,2025-02-19 21:27:54,1.12
5343,1987,388.11,user 1987,Booking.com,2025-02-20 05:27:46,0.85
5344,1102,307.36,user 1102,Decathlon,2025-02-20 05:44:01,0.59
5345,1424,1220.14,user 1424,Apple,2025-02-20 06:47:52,2.2
5346,1184,877.0,user 1184,Zara,2025-02-20 08:26:23,1.97
5347,1030,1318.73,user 1030,Carrefour,2025-02-20 11:59:30,2.9
5348,1669,335.02,user 1669,Shell,2025-02-20 12:53:30,0.66
5349,1202,135.09,user 1202,Carrefour,2025-02-20 13:53:07,0.23
5350,590,425.92,user 590,IKEA,2025-02-20 14:11:13,0.92
5351,964,690.71,user 964,Uber,2025-02-20 17:06:48,1.35
5352,448,1386.69,user 448,IKEA,2025-02-20 18:04:40,2.42
5353,1816,917.87,user 1816,Apple,2025-02-20 19:57:16,1.65
5354,1480,1353.58,user 1480,Carrefour,2025-02-20 23:37:34,2.73
5355,1670,892.65,user 1670,Deutsche Bahn,2025-02-21 00:58:31,1.85
5356,1096,474.63,user 1096,Apple,2025-02-21 01:38:49,0.93
5357,1498,903.0,user 1498,Zara,2025-02-21 02:37:32,1.85
5358,1009,449.77,user 1009,Zara,2025-02-21 03:51:14,1.02
5359,575,664.79,user 575,Apple,2025-02-21 04:12:57,1.51
5360,1937,152.21,user 1937,Spotify,2025-02-21 05:04:26,0.32
5361,1020,130.2,user 1020,IKEA,2025-02-21 06:42:01,0.3
5362,1428,1201.0,user 1428,Shell,2025-02-21 09:49:52,2.37
5363,896,1207.8,user 896,Zara,2025-02-21 12:01:41,2.23
5364,1662,223.71,user 1662,IKEA,2025-02-21 13:36:05,0.43
5365,257,556.88,user 257,IKEA,2025-02-21 13:38:32,1.1
5366,188,594.72,user 188,Shell,2025-02-21 15:14:55,1.34
5367,922,949.99,user 922,Decathlon,2025-02-21 15:53:30,1.79
5368,1124,624.32,user 1124,Shell,2025-02-21 16:27:08,1.13
5369,313,579.45,user 313,Lidl,2025-02-21 17:16:49,1.23
5370,1487,130.57,user 1487,Zara,2025-02-21 17:59:13,0.26
5371,1994,160.53,user 1994,Spotify,2025-02-21 19:51:03,0.32
5372,1595,20.57,user 1595,Shell,2025-02-21 20:28:05,0.04
5373,1338,965.39,user 1338,Apple,2025-02-21 20:35:44,1.7
5374,1296,226.9,user 1296,Decathlon,2025-02-21 21:03:53,0.45
5375,984,372.93,user 984,IKEA,2025-02-21 21:24:36,0.64
5376,1183,197.95,user 1183,Apple,2025-02-22 02:24:42,0.42
5377,986,147.76,user 986,Lidl,2025-02-22 04:26:01,0.3
5378,677,339.6,user 677,Deutsche Bahn,2025-02-22 04:48:55,0.77
5379,986,348.54,user 986,Zara,2025-02-22 05:03:12,0.76
5380,1482,1242.79,user 1482,Zara,2025-02-22 05:23:44,2.79
5381,23,216.71,user 23,Amazon,2025-02-22 07:38:29,0.49
5382,814,1177.0,user 814,Deutsche Bahn,2025-02-22 07:57:49,2.14
5383,1399,39.12,user 1399,Shell,2025-02-22 08:17:17,0.09
5384,453,91.76,user 453,IKEA,2025-02-22 09:44:46,0.17
5385,1204,671.68,user 1204,Decathlon,2025-02-22 09:57:16,1.41
5386,730,700.85,user 730,Deutsche Bahn,2025-02-22 12:35:07,1.53
5387,1728,1263.73,user 1728,Spotify,2025-02-22 13:02:34,2.71
5388,1653,305.65,user 1653,Carrefour,2025-02-22 14:32:51,0.63
5389,1144,311.47,user 1144,Amazon,2025-02-22 19:10:27,0.67
5390,1788,645.24,user 1788,Spotify,2025-02-22 19:43:32,1.35
5391,881,1252.79,user 881,Carrefour,2025-02-23 04:46:37,2.29
5392,135,989.24,user 135,Lidl,2025-02-23 06:55:26,2.16
5393,912,1061.18,user 912,Uber,2025-02-23 07:40:17,2.09
5394,857,1370.5,user 857,Zara,2025-02-23 08:17:46,2.91
5395,928,565.44,user 928,IKEA,2025-02-23 08:20:07,1.29
5396,963,1109.56,user 963,Booking.com,2025-02-23 08:43:12,1.96
5397,1176,305.12,user 1176,Deutsche Bahn,2025-02-23 12:08:09,0.54
5398,42,1198.16,user 42,Carrefour,2025-02-23 12:24:39,2.74
5399,932,806.31,user 932,IKEA,2025-02-23 12:27:52,1.58
5400,1212,1111.72,user 1212,Deutsche Bahn,2025-02-23 12:43:33,2.31
5401,1591,843.71,user 1591,IKEA,2025-02-23 14:35:21,1.45
5402,76,957.74,user 76,Decathlon,2025-02-23 15:26:27,1.86
5403,1018,1151.0,user 1018,Amazon,2025-02-23 15:36:19,2.23
5404,268,840.35,user 268,Amazon,2025-02-23 20:22:55,1.46
5405,77,458.06,user 77,Carrefour,2025-02-23 21:18:14,0.99
5406,1653,376.0,user 1653,Apple,2025-02-23 21:53:03,0.73
5407,1450,357.36,user 1450,Amazon,2025-02-23 23:11:06,0.81
5408,1087,757.06,user 1087,Apple,2025-02-23 23:49:57,1.58
5409,1471,1368.7,user 1471,Uber,2025-02-24 02:02:55,3.14
5410,546,487.18,user 546,Zara,2025-02-24 03:02:24,0.9
5411,504,831.85,user 504,Booking.com,2025-02-24 05:35:33,1.56
5412,114,852.94,user 114,Lidl,2025-02-24 05:47:13,1.9
5413,1193,622.02,user 1193,Zara,2025-02-24 06:18:33,1.12
5414,1965,1013.99,user 1965,Amazon,2025-02-24 08:27:00,2.04
5415,229,1254.6,user 229,Zara,2025-02-24 10:25:02,2.36
5416,278,1140.67,user 278,IKEA,2025-02-24 14:55:23,2.33
5417,655,289.36,user 655,Carrefour,2025-02-24 15:11:07,0.58
5418,651,539.87,user 651,Amazon,2025-02-24 15:16:18,0.97
5419,1471,569.35,user 1471,Amazon,2025-02-24 15:56:59,1.09
5420,1678,20.04,user 1678,Booking.com,2025-02-24 16:16:52,0.03
5421,1945,1046.82,user 1945,Shell,2025-02-24 17:10:35,2.05
5422,1340,896.58,user 1340,Shell,2025-02-24 20:27:31,2.06
5423,630,1303.72,user 630,Shell,2025-02-24 21:06:41,2.27
5424,1811,228.06,user 1811,Spotify,2025-02-24 21:44:54,0.52
5425,1195,92.65,user 1195,Decathlon,2025-02-24 22:15:16,0.2
5426,173,1044.56,user 173,Lidl,2025-02-24 22:28:24,2.12
5427,578,1162.74,user 578,Apple,2025-02-25 00:03:03,2.47
5428,179,962.9,user 179,Booking.com,2025-02-25 04:34:22,2.19
5429,814,1371.27,user 814,Booking.com,2025-02-25 08:21:31,2.9
5430,447,225.87,user 447,Deutsche Bahn,2025-02-25 10:19:28,0.44
5431,679,964.17,user 679,Apple,2025-02-25 12:08:39,2.21
5432,454,560.76,user 454,Apple,2025-02-25 16:38:03,1.26
5433,515,1332.92,user 515,Shell,2025-02-25 19:03:41,3.04
5434,1453,1200.13,user 1453,Spotify,2025-02-25 19:32:09,2.16
5435,366,339.52,user 366,Apple,2025-02-25 19:57:32,0.68
5436,390,487.67,user 390,Uber,2025-02-25 21:00:48,0.97
5437,988,306.29,user 988,IKEA,2025-02-26 01:41:54,0.55
5438,970,861.74,user 970,Uber,2025-02-26 03:22:53,1.63
5439,349,1267.35,user 349,Apple,2025-02-26 08:26:06,2.65
5440,718,1125.58,user 718,Uber,2025-02-26 09:55:50,2.1
5441,136,348.6,user 136,IKEA,2025-02-26 10:39:06,0.64
5442,1612,590.87,user 1612,Amazon,2025-02-26 11:05:52,1.03
5443,1551,1154.81,user 1551,Zara,2025-02-26 12:12:56,2.39
5444,178,1074.4,user 178,Deutsche Bahn,2025-02-26 12:51:21,2.44
5445,813,541.4,user 813,Shell,2025-02-26 14:54:38,0.96
5446,1717,1160.0,user 1717,Decathlon,2025-02-26 15:58:19,2.58
5447,871,108.89,user 871,Zara,2025-02-26 15:58:30,0.22
5448,162,881.71,user 162,Carrefour,2025-02-26 16:30:00,1.92
5449,1426,781.38,user 1426,Decathlon,2025-02-26 20:08:12,1.71
5450,1923,1050.04,user 1923,Amazon,2025-02-26 22:12:04,1.9
5451,1725,819.06,user 1725,Uber,2025-02-26 23:02:24,1.45
5452,1041,32.85,user 1041,Decathlon,2025-02-27 00:22:08,0.07
5453,1702,1236.21,user 1702,IKEA,2025-02-27 01:47:09,2.72
5454,163,1152.77,user 163,Shell,2025-02-27 04:33:08,2.46
5455,362,1337.53,user 362,Amazon,2025-02-27 04:45:06,2.97
5456,1768,1058.19,user 1768,Decathlon,2025-02-27 07:16:57,1.88
5457,1693,1117.2,user 1693,IKEA,2025-02-27 09:18:00,2.49
5458,1427,996.46,user 1427,Uber,2025-02-27 09:21:42,2.2
5459,1625,675.69,user 1625,Shell,2025-02-27 10:44:23,1.28
5460,1236,253.2,user 1236,IKEA,2025-02-27 10:46:34,0.58
5461,935,1266.18,user 935,Carrefour,2025-02-27 12:52:20,2.54
5462,1884,796.06,user 1884,Deutsche Bahn,2025-02-27 13:59:53,1.68
5463,313,920.16,user 313,Deutsche Bahn,2025-02-27 14:51:43,1.59
5464,518,1253.86,user 518,Carrefour,2025-02-27 18:09:21,2.87
5465,690,1257.96,user 690,Carrefour,2025-02-27 23:50:01,2.75
5466,596,1042.58,user 596,Lidl,2025-02-28 01:01:09,1.92
5467,1224,610.31,user 1224,Decathlon,2025-02-28 04:22:08,1.22
5468,801,246.59,user 801,Deutsche Bahn,2025-02-28 05:37:27,0.56
5469,202,727.96,user 202,Decathlon,2025-02-28 05:56:35,1.4
5470,1688,634.81,user 1688,IKEA,2025-02-28 06:39:30,1.18
5471,954,1241.38,user 954,Zara,2025-02-28 08:29:31,2.36
5472,762,317.83,user 762,Spotify,2025-02-28 14:29:41,0.58
5473,1489,617.35,user 1489,Zara,2025-02-28 15:17:04,1.4
5474,1778,50.84,user 1778,Lidl,2025-02-28 15:35:56,0.11
5475,252,105.2,user 252,Lidl,2025-02-28 17:34:23,0.19
5476,1084,621.13,user 1084,Lidl,2025-02-28 18:12:30,1.31
5477,1297,747.72,user 1297,Spotify,2025-02-28 23:20:20,1.58
5478,1186,1016.05,user 1186,Lidl,2025-03-01 00:39:08,2.03
5479,1838,476.1,user 1838,Booking.com,2025-03-01 01:03:26,0.96
5480,742,249.15,user 742,Shell,2025-03-01 10:37:08,0.56
5481,329,1238.56,user 329,Booking.com,2025-03-01 11:21:11,2.68
5482,50,333.15,user 50,Zara,2025-03-01 13:28:54,0.61
5483,1044,1004.11,user 1044,Deutsche Bahn,2025-03-01 17:17:15,2.11
5484,1733,1331.08,user 1733,Uber,2025-03-01 18:59:27,2.53
5485,1155,1030.52,user 1155,Apple,2025-03-01 19:57:15,1.99
5486,34,245.56,user 34,Zara,2025-03-01 20:06:14,0.56
5487,243,1227.27,user 243,Apple,2025-03-02 00:30:53,2.25
5488,1176,984.35,user 1176,Amazon,2025-03-02 01:40:29,2.13
5489,688,1338.45,user 688,Spotify,2025-03-02 04:42:42,2.33
5490,897,362.35,user 897,Deutsche Bahn,2025-03-02 04:51:59,0.63
5491,796,1347.0,user 796,Amazon,2025-03-02 08:20:52,2.78
5492,79,646.66,user 79,Uber,2025-03-02 11:34:33,1.23
5493,645,691.37,user 645,Spotify,2025-03-02 12:45:15,1.35
5494,1418,1111.14,user 1418,Shell,2025-03-02 13:00:08,2.29
5495,1726,1372.98,user 1726,Apple,2025-03-02 15:15:17,3.01
5496,548,51.73,user 548,Lidl,2025-03-02 15:16:39,0.09
5497,1829,1342.22,user 1829,Decathlon,2025-03-02 15:42:57,2.92
5498,1329,485.46,user 1329,Lidl,2025-03-02 16:39:44,1.02
5499,1199,788.06,user 1199,Spotify,2025-03-02 19:57:15,1.64
5500,1834,1146.61,user 1834,Carrefour,2025-03-02 20:25:31,2.59
5501,1864,356.01,user 1864,Deutsche Bahn,2025-03-02 21:36:54,0.7
5502,1642,447.03,user 1642,IKEA,2025-03-03 04:24:56,0.8
5503,177,490.77,user 177,IKEA,2025-03-03 04:36:50,1.1
5504,1401,1328.57,user 1401,Booking.com,2025-03-03 04:41:03,2.74
5505,610,419.94,user 610,Amazon,2025-03-03 05:31:18,0.82
5506,1556,1065.3,user 1556,Amazon,2025-03-03 06:09:49,2.38
5507,788,367.15,user 788,IKEA,2025-03-03 08:04:59,0.65
5508,1903,1361.79,user 1903,Uber,2025-03-03 08:57:35,2.35
5509,1187,340.66,user 1187,IKEA,2025-03-03 09:25:42,0.65
5510,405,624.89,user 405,Uber,2025-03-03 09:50:49,1.27
5511,1559,1049.29,user 1559,IKEA,2025-03-03 17:03:53,1.92
5512,1916,720.17,user 1916,Deutsche Bahn,2025-03-03 18:08:39,1.32
5513,376,674.67,user 376,Uber,2025-03-03 19:37:30,1.39
5514,956,532.35,user 956,Spotify,2025-03-03 19:49:32,1.21
5515,1250,713.88,user 1250,Deutsche Bahn,2025-03-03 20:23:36,1.52
5516,1912,1189.4,user 1912,IKEA,2025-03-03 21:12:33,2.42
5517,1505,202.03,user 1505,Apple,2025-03-03 21:16:23,0.43
5518,1311,1160.44,user 1311,Decathlon,2025-03-03 22:20:09,2.17
5519,1087,1329.51,user 1087,Decathlon,2025-03-04 00:57:02,2.87
5520,1045,1231.12,user 1045,Uber,2025-03-04 01:39:13,2.38
5521,345,723.56,user 345,IKEA,2025-03-04 03:15:57,1.33
5522,137,203.59,user 137,Shell,2025-03-04 03:49:19,0.36
5523,1962,23.73,user 1962,Decathlon,2025-03-04 04:53:16,0.05
5524,554,481.95,user 554,Decathlon,2025-03-04 05:05:11,1.01
5525,392,1166.81,user 392,Zara,2025-03-04 05:30:05,2.17
5526,684,365.01,user 684,IKEA,2025-03-04 06:50:20,0.83
5527,344,938.13,user 344,Zara,2025-03-04 12:08:24,2.04
5528,1166,1327.6,user 1166,IKEA,2025-03-04 13:13:10,2.75
5529,314,290.46,user 314,Spotify,2025-03-04 13:32:28,0.61
5530,803,862.41,user 803,Amazon,2025-03-04 14:15:29,1.67
5531,1964,630.52,user 1964,Shell,2025-03-04 17:14:35,1.29
5532,972,260.64,user 972,IKEA,2025-03-04 17:56:28,0.59
5533,1562,719.88,user 1562,Zara,2025-03-04 20:10:49,1.57
5534,1455,439.96,user 1455,Zara,2025-03-04 22:44:14,0.89
5535,647,242.46,user 647,Shell,2025-03-05 00:07:26,0.46
5536,1856,1263.47,user 1856,Lidl,2025-03-05 05:47:12,2.84
5537,996,453.75,user 996,Lidl,2025-03-05 06:36:40,1.02
5538,924,137.07,user 924,Shell,2025-03-05 11:07:19,0.31
5539,71,1123.02,user 71,Zara,2025-03-05 11:28:58,2.21
5540,1358,462.34,user 1358,IKEA,2025-03-05 12:28:31,0.93
5541,356,1148.2,user 356,Uber,2025-03-05 12:40:54,2.32
5542,655,1088.71,user 655,Decathlon,2025-03-05 13:43:13,2.27
5543,936,960.83,user 936,Apple,2025-03-05 15:05:29,1.71
5544,1035,119.83,user 1035,Spotify,2025-03-05 16:11:03,0.23
5545,1823,601.32,user 1823,Shell,2025-03-05 16:36:10,1.15
5546,1840,1228.26,user 1840,Apple,2025-03-05 17:15:02,2.47
5547,1738,299.08,user 1738,Apple,2025-03-05 17:53:40,0.59
5548,479,1002.37,user 479,Deutsche Bahn,2025-03-06 03:55:21,1.94
5549,1614,26.73,user 1614,IKEA,2025-03-06 05:23:30,0.05
5550,517,598.82,user 517,Amazon,2025-03-06 06:22:51,1.29
5551,28,1261.02,user 28,Booking.com,2025-03-06 07:45:04,2.67
5552,1244,205.59,user 1244,Shell,2025-03-06 08:16:52,0.4
5553,1601,1336.01,user 1601,Booking.com,2025-03-06 10:43:38,2.33
5554,1030,372.73,user 1030,Deutsche Bahn,2025-03-06 12:32:03,0.64
5555,94,1174.9,user 94,Booking.com,2025-03-06 13:49:37,2.65
5556,57,808.96,user 57,Deutsche Bahn,2025-03-06 17:35:19,1.67
5557,1854,1298.69,user 1854,Apple,2025-03-06 18:24:11,2.63
5558,687,398.0,user 687,Apple,2025-03-06 18:34:40,0.85
5559,683,208.65,user 683,Zara,2025-03-06 19:38:01,0.48
5560,1617,510.12,user 1617,Amazon,2025-03-06 20:20:46,0.9
5561,1809,1220.84,user 1809,Booking.com,2025-03-06 20:32:16,2.28
5562,20,936.2,user 20,Lidl,2025-03-06 22:14:18,1.66
5563,18,1257.22,user 18,Deutsche Bahn,2025-03-06 22:23:22,2.45
5564,52,1153.55,user 52,IKEA,2025-03-06 23:59:24,2.21
5565,743,464.16,user 743,Carrefour,2025-03-07 00:51:55,1.07
5566,340,403.61,user 340,Amazon,2025-03-07 03:04:57,0.78
5567,1027,1139.59,user 1027,Uber,2025-03-07 04:04:05,2.04
5568,134,273.14,user 134,Amazon,2025-03-07 07:39:42,0.62
5569,759,477.91,user 759,Zara,2025-03-07 09:37:10,1.06
5570,798,794.25,user 798,Zara,2025-03-07 11:15:14,1.68
5571,1269,745.09,user 1269,Apple,2025-03-07 12:58:44,1.48
5572,896,680.85,user 896,Lidl,2025-03-07 16:27:09,1.44
5573,830,1101.09,user 830,Uber,2025-03-07 16:35:56,2.4
5574,1216,368.93,user 1216,Decathlon,2025-03-07 18:46:34,0.65
5575,1423,342.3,user 1423,Zara,2025-03-07 23:06:16,0.61
5576,1566,398.17,user 1566,Decathlon,2025-03-08 01:01:47,0.8
5577,1629,1174.75,user 1629,Decathlon,2025-03-08 01:31:25,2.01
5578,1583,394.14,user 1583,Zara,2025-03-08 01:32:19,0.7
5579,390,107.38,user 390,Lidl,2025-03-08 02:53:16,0.21
5580,941,755.16,user 941,Decathlon,2025-03-08 03:09:09,1.48
5581,779,278.35,user 779,Deutsche Bahn,2025-03-08 03:43:11,0.48
5582,1761,1296.79,user 1761,Booking.com,2025-03-08 04:56:51,2.64
5583,1821,1324.69,user 1821,Apple,2025-03-08 08:14:16,2.76
5584,721,249.42,user 721,Deutsche Bahn,2025-03-08 08:23:05,0.5
5585,916,1396.3,user 916,Booking.com,2025-03-08 08:58:18,3.17
5586,1716,89.34,user 1716,Uber,2025-03-08 10:54:12,0.15
5587,405,280.4,user 405,Deutsche Bahn,2025-03-08 16:20:20,0.59
5588,183,304.73,user 183,Apple,2025-03-08 18:51:48,0.64
5589,309,159.25,user 309,IKEA,2025-03-08 20:17:18,0.34
5590,747,592.25,user 747,Deutsche Bahn,2025-03-08 20:36:53,1.13
5591,544,647.57,user 544,Apple,2025-03-08 22:59:11,1.48
5592,805,1217.95,user 805,IKEA,2025-03-08 23:41:04,2.57
5593,1743,1030.79,user 1743,Apple,2025-03-09 03:10:50,2.23
5594,1227,1326.1,user 1227,Uber,2025-03-09 05:45:32,2.42
5595,1248,1065.05,user 1248,Uber,2025-03-09 07:20:40,2.11
5596,738,659.22,user 738,IKEA,2025-03-09 08:44:48,1.13
5597,1798,1064.34,user 1798,Lidl,2025-03-09 10:43:00,1.99
5598,1111,73.96,user 1111,Uber,2025-03-09 12:40:52,0.15
5599,1485,428.58,user 1485,Spotify,2025-03-09 13:23:51,0.93
5600,737,155.55,user 737,Zara,2025-03-09 16:32:27,0.33
5601,928,1221.35,user 928,Uber,2025-03-09 21:00:17,2.47
5602,425,438.97,user 425,Decathlon,2025-03-09 22:13:55,0.81
5603,1155,342.23,user 1155,Carrefour,2025-03-10 01:24:18,0.65
5604,400,1184.61,user 400,Spotify,2025-03-10 04:13:35,2.51
5605,1175,751.58,user 1175,Spotify,2025-03-10 04:22:15,1.38
5606,112,64.5,user 112,Zara,2025-03-10 05:20:22,0.13
5607,777,1093.34,user 777,Zara,2025-03-10 07:59:10,2.17
5608,1408,237.29,user 1408,Carrefour,2025-03-10 08:03:08,0.53
5609,13,1113.6,user 13,Apple,2025-03-10 08:47:51,2.34
5610,798,266.93,user 798,Amazon,2025-03-10 12:03:32,0.47
5611,1241,202.76,user 1241,Spotify,2025-03-10 12:17:06,0.37
5612,1325,824.05,user 1325,Amazon,2025-03-10 13:25:31,1.73
5613,1755,52.5,user 1755,Booking.com,2025-03-10 13:33:12,0.12
5614,1604,1028.16,user 1604,Amazon,2025-03-10 15:04:50,2.23
5615,1425,392.44,user 1425,Amazon,2025-03-10 16:50:30,0.78
5616,930,70.96,user 930,IKEA,2025-03-10 17:14:12,0.15
5617,1371,519.23,user 1371,Shell,2025-03-10 18:22:52,0.88
5618,990,258.7,user 990,Shell,2025-03-10 19:10:06,0.53
5619,1631,792.29,user 1631,Uber,2025-03-10 21:45:58,1.74
5620,108,1191.08,user 108,Carrefour,2025-03-10 22:06:26,2.11
5621,29,731.64,user 29,Amazon,2025-03-10 22:11:10,1.61
5622,455,75.39,user 455,Apple,2025-03-10 23:10:18,0.14
5623,1364,451.52,user 1364,Zara,2025-03-11 01:37:29,0.79
5624,1000,121.02,user 1000,Amazon,2025-03-11 01:39:37,0.22
5625,24,1207.16,user 24,Spotify,2025-03-11 03:08:05,2.26
5626,121,1037.92,user 121,Booking.com,2025-03-11 04:47:44,2.36
5627,1571,634.77,user 1571,Uber,2025-03-11 09:02:13,1.3
5628,1977,851.88,user 1977,Carrefour,2025-03-11 09:47:39,1.65
5629,785,929.18,user 785,Apple,2025-03-11 10:19:02,1.93
5630,190,983.01,user 190,Apple,2025-03-11 11:49:20,2.02
5631,1298,1239.38,user 1298,Lidl,2025-03-11 12:23:36,2.32
5632,1954,760.04,user 1954,Deutsche Bahn,2025-03-11 12:42:06,1.72
5633,597,1394.54,user 597,Apple,2025-03-11 13:53:33,3.14
5634,230,783.11,user 230,Booking.com,2025-03-12 02:39:06,1.8
5635,279,675.15,user 279,Carrefour,2025-03-12 03:19:05,1.32
5636,108,278.87,user 108,Deutsche Bahn,2025-03-12 06:33:29,0.51
5637,1347,1053.76,user 1347,Deutsche Bahn,2025-03-12 06:58:10,2.38
5638,1410,1242.25,user 1410,Zara,2025-03-12 07:08:38,2.38
5639,1079,752.21,user 1079,Shell,2025-03-12 11:24:59,1.43
5640,220,1050.15,user 220,Apple,2025-03-12 12:02:14,2.13
5641,1233,373.88,user 1233,Carrefour,2025-03-12 16:02:50,0.67
5642,1761,550.66,user 1761,Booking.com,2025-03-12 18:37:47,0.96
5643,280,888.91,user 280,Zara,2025-03-12 21:27:05,1.71
5644,930,983.37,user 930,Lidl,2025-03-12 23:39:04,1.8
5645,1484,1215.67,user 1484,Decathlon,2025-03-13 00:20:05,2.2
5646,982,1026.17,user 982,Decathlon,2025-03-13 00:48:36,2.33
5647,349,917.18,user 349,IKEA,2025-03-13 01:18:04,1.99
5648,1926,332.87,user 1926,Apple,2025-03-13 01:37:56,0.69
5649,583,73.26,user 583,Shell,2025-03-13 01:49:05,0.15
5650,436,545.07,user 436,Shell,2025-03-13 05:18:40,1.17
5651,1941,874.75,user 1941,Decathlon,2025-03-13 05:41:02,1.56
5652,1161,546.59,user 1161,Amazon,2025-03-13 05:47:06,1.05
5653,1816,69.58,user 1816,Carrefour,2025-03-13 06:23:51,0.12
5654,1223,741.84,user 1223,Deutsche Bahn,2025-03-13 08:02:23,1.61
5655,602,967.96,user 602,Decathlon,2025-03-13 08:59:15,1.66
5656,263,931.97,user 263,Decathlon,2025-03-13 09:04:14,1.7
5657,1366,749.55,user 1366,Spotify,2025-03-13 12:44:27,1.59
5658,343,11.6,user 343,Apple,2025-03-13 13:21:09,0.02
5659,538,67.12,user 538,Shell,2025-03-13 13:48:55,0.12
5660,1178,908.75,user 1178,Spotify,2025-03-13 14:17:06,1.56
5661,1857,1147.92,user 1857,Uber,2025-03-13 14:31:23,2.38
5662,124,314.13,user 124,Spotify,2025-03-13 15:10:11,0.7
5663,213,1046.89,user 213,Uber,2025-03-13 15:25:49,2.37
5664,58,89.43,user 58,Carrefour,2025-03-13 17:09:52,0.19
5665,468,1264.37,user 468,Apple,2025-03-13 18:45:02,2.75
5666,1656,391.62,user 1656,Lidl,2025-03-13 18:55:12,0.89
5667,1039,1131.69,user 1039,Uber,2025-03-13 23:29:05,1.93
5668,525,824.28,user 525,Spotify,2025-03-14 00:10:12,1.64
5669,234,607.94,user 234,Amazon,2025-03-14 01:12:21,1.33
5670,1887,1334.96,user 1887,Booking.com,2025-03-14 03:09:57,2.74
5671,1689,734.86,user 1689,Spotify,2025-03-14 03:44:58,1.31
5672,1507,178.87,user 1507,Lidl,2025-03-14 03:57:31,0.39
5673,877,794.68,user 877,Apple,2025-03-14 04:35:13,1.4
5674,1380,782.87,user 1380,Shell,2025-03-14 05:21:06,1.35
5675,1940,80.73,user 1940,Zara,2025-03-14 07:57:06,0.14
5676,533,577.33,user 533,Shell,2025-03-14 13:29:52,1.01
5677,329,540.3,user 329,Amazon,2025-03-14 13:38:28,1.18
5678,418,1167.95,user 418,Carrefour,2025-03-14 14:33:19,2.01
5679,1463,293.17,user 1463,Lidl,2025-03-14 14:40:07,0.58
5680,593,38.77,user 593,Spotify,2025-03-14 18:56:14,0.08
5681,279,1214.16,user 279,Booking.com,2025-03-14 20:26:52,2.56
5682,158,1231.25,user 158,Carrefour,2025-03-14 23:21:06,2.7
5683,803,893.95,user 803,Amazon,2025-03-14 23:31:30,1.58
5684,9,450.09,user 9,Zara,2025-03-14 23:43:37,0.9
5685,1556,582.17,user 1556,Amazon,2025-03-15 00:57:02,1.02
5686,457,1128.23,user 457,IKEA,2025-03-15 05:19:15,2.07
5687,1263,346.75,user 1263,Deutsche Bahn,2025-03-15 05:51:18,0.69
5688,1179,1248.54,user 1179,Booking.com,2025-03-15 06:33:33,2.62
5689,374,505.82,user 374,Uber,2025-03-15 07:26:33,1.02
5690,1662,1178.31,user 1662,Amazon,2025-03-15 10:46:32,2.12
5691,940,1291.28,user 940,Booking.com,2025-03-15 12:15:56,2.74
5692,703,723.15,user 703,Lidl,2025-03-15 12:29:27,1.48
5693,858,1039.78,user 858,Lidl,2025-03-15 13:06:49,2.06
5694,12,110.35,user 12,Deutsche Bahn,2025-03-15 14:34:24,0.24
5695,1333,662.32,user 1333,Shell,2025-03-15 14:54:45,1.19
5696,33,245.68,user 33,Apple,2025-03-15 16:03:39,0.43
5697,731,360.91,user 731,Shell,2025-03-15 16:34:33,0.78
5698,1089,53.6,user 1089,IKEA,2025-03-15 16:50:59,0.1
5699,676,907.42,user 676,Amazon,2025-03-15 18:41:06,1.83
5700,673,345.88,user 673,Uber,2025-03-15 20:49:33,0.63
5701,1796,768.5,user 1796,Carrefour,2025-03-15 21:15:14,1.6
5702,830,277.59,user 830,Amazon,2025-03-15 22:16:26,0.49
5703,891,122.47,user 891,Spotify,2025-03-15 22:21:04,0.23
5704,425,595.79,user 425,Carrefour,2025-03-16 00:55:23,1.23
5705,1158,213.8,user 1158,Spotify,2025-03-16 02:28:10,0.4
5706,1003,345.14,user 1003,Zara,2025-03-16 03:51:39,0.77
5707,1887,942.61,user 1887,Decathlon,2025-03-16 03:55:13,1.75
5708,1248,1338.1,user 1248,Shell,2025-03-16 10:11:55,2.79
5709,1365,412.64,user 1365,Zara,2025-03-16 10:23:39,0.71
5710,591,10.98,user 591,Deutsche Bahn,2025-03-16 14:01:19,0.02
5711,1927,1045.75,user 1927,Shell,2025-03-16 14:25:16,1.85
5712,1608,369.95,user 1608,Deutsche Bahn,2025-03-16 15:47:49,0.67
5713,1797,611.14,user 1797,Amazon,2025-03-16 15:55:35,1.23
5714,546,713.08,user 546,IKEA,2025-03-16 16:47:47,1.41
5715,1119,791.21,user 1119,Spotify,2025-03-16 17:02:31,1.48
5716,665,138.08,user 665,Decathlon,2025-03-16 17:47:17,0.26
5717,1450,866.46,user 1450,Spotify,2025-03-16 18:01:12,1.76
5718,984,1123.02,user 984,Zara,2025-03-16 20:42:15,2.43
5719,822,608.92,user 822,Deutsche Bahn,2025-03-16 21:14:32,1.08
5720,1468,569.63,user 1468,Zara,2025-03-16 23:19:31,1.23
5721,450,389.07,user 450,Carrefour,2025-03-16 23:30:34,0.78
5722,1313,59.86,user 1313,Carrefour,2025-03-16 23:43:03,0.12
5723,724,574.09,user 724,Amazon,2025-03-17 01:38:04,1.05
5724,1442,575.42,user 1442,Carrefour,2025-03-17 03:11:06,1.03
5725,1991,1071.37,user 1991,Carrefour,2025-03-17 06:09:07,2.32
5726,108,344.68,user 108,Uber,2025-03-17 07:48:34,0.71
5727,1135,795.63,user 1135,Zara,2025-03-17 08:24:33,1.38
5728,435,1061.03,user 435,Zara,2025-03-17 09:39:51,2.05
5729,199,1182.21,user 199,Spotify,2025-03-17 10:35:59,2.58
5730,1645,819.48,user 1645,Carrefour,2025-03-17 11:37:21,1.81
5731,1673,445.87,user 1673,Lidl,2025-03-17 15:54:37,0.88
5732,1968,625.72,user 1968,Carrefour,2025-03-17 16:21:27,1.33
5733,1750,46.51,user 1750,Spotify,2025-03-17 17:39:33,0.08
5734,1546,763.57,user 1546,Apple,2025-03-17 17:47:06,1.3
5735,103,1048.83,user 103,Deutsche Bahn,2025-03-17 17:48:17,2.12
5736,1749,1081.77,user 1749,Decathlon,2025-03-17 17:48:36,1.94
5737,892,692.27,user 892,Zara,2025-03-17 17:55:34,1.36
5738,1260,1313.63,user 1260,Shell,2025-03-17 21:40:23,2.66
5739,1805,1052.55,user 1805,Amazon,2025-03-18 00:12:04,2.04
5740,1675,932.25,user 1675,Booking.com,2025-03-18 02:54:04,2.11
5741,56,1007.46,user 56,Shell,2025-03-18 04:57:05,2.28
5742,610,205.77,user 610,Zara,2025-03-18 05:26:06,0.39
5743,1242,517.5,user 1242,Spotify,2025-03-18 05:51:09,1.0
5744,124,33.83,user 124,Shell,2025-03-18 08:21:02,0.07
5745,732,1170.93,user 732,Decathlon,2025-03-18 09:13:53,2.1
5746,1013,348.11,user 1013,Lidl,2025-03-18 17:37:14,0.6
5747,317,563.03,user 317,Zara,2025-03-18 20:17:26,1.24
5748,1093,1049.13,user 1093,Spotify,2025-03-18 23:22:14,2.22
5749,581,475.99,user 581,Uber,2025-03-19 02:07:16,1.07
5750,888,782.6,user 888,Lidl,2025-03-19 05:19:58,1.43
5751,1922,437.0,user 1922,Booking.com,2025-03-19 05:47:06,1.0
5752,1614,267.97,user 1614,Booking.com,2025-03-19 13:43:20,0.53
5753,910,1309.67,user 910,Decathlon,2025-03-19 15:13:13,2.58
5754,573,949.91,user 573,Spotify,2025-03-19 16:27:49,2.07
5755,1577,200.01,user 1577,Booking.com,2025-03-19 17:24:07,0.44
5756,1047,539.64,user 1047,Carrefour,2025-03-19 20:19:19,0.94
5757,737,451.93,user 737,Booking.com,2025-03-20 01:52:13,0.88
5758,1617,457.16,user 1617,Amazon,2025-03-20 03:03:10,1.01
5759,1199,304.43,user 1199,Amazon,2025-03-20 04:29:57,0.57
5760,816,1287.24,user 816,IKEA,2025-03-20 06:31:50,2.83
5761,1378,668.61,user 1378,Shell,2025-03-20 09:29:48,1.38
5762,576,1078.66,user 576,Zara,2025-03-20 13:07:32,2.14
5763,675,743.97,user 675,Uber,2025-03-20 13:32:32,1.63
5764,1953,973.68,user 1953,Carrefour,2025-03-20 18:58:43,2.07
5765,1513,1041.0,user 1513,Deutsche Bahn,2025-03-20 19:58:40,2.14
5766,388,796.8,user 388,Uber,2025-03-20 21:52:31,1.65
5767,1200,680.31,user 1200,Deutsche Bahn,2025-03-20 21:54:44,1.23
5768,125,1245.93,user 125,Shell,2025-03-20 22:01:53,2.35
5769,1193,819.74,user 1193,Lidl,2025-03-21 04:30:23,1.44
5770,1859,1382.04,user 1859,Amazon,2025-03-21 09:04:21,2.88
5771,1507,791.21,user 1507,Lidl,2025-03-21 10:06:01,1.44
5772,1064,237.54,user 1064,Carrefour,2025-03-21 11:27:11,0.43
5773,109,340.38,user 109,Uber,2025-03-21 11:56:02,0.76
5774,1208,918.59,user 1208,Spotify,2025-03-21 12:06:56,1.92
5775,33,132.39,user 33,Uber,2025-03-21 14:12:48,0.27
5776,1436,798.45,user 1436,Booking.com,2025-03-21 14:35:47,1.46
5777,590,1145.79,user 590,Apple,2025-03-21 15:02:42,2.46
5778,630,338.67,user 630,Uber,2025-03-21 15:29:29,0.76
5779,760,979.21,user 760,Amazon,2025-03-21 15:52:14,1.82
5780,371,1170.26,user 371,Booking.com,2025-03-21 16:30:57,2.21
5781,1758,799.11,user 1758,Amazon,2025-03-21 16:33:20,1.77
5782,1042,368.43,user 1042,Uber,2025-03-21 17:11:35,0.79
5783,1915,403.0,user 1915,Decathlon,2025-03-22 00:20:34,0.87
5784,1326,1352.79,user 1326,Shell,2025-03-22 00:57:36,3.03
5785,24,895.12,user 24,Amazon,2025-03-22 02:17:24,2.01
5786,1094,503.97,user 1094,Spotify,2025-03-22 02:57:09,1.14
5787,180,603.13,user 180,Carrefour,2025-03-22 05:26:53,1.21
5788,148,464.2,user 148,Lidl,2025-03-22 09:25:45,0.89
5789,1300,1203.04,user 1300,Shell,2025-03-22 11:22:04,2.74
5790,422,609.68,user 422,Decathlon,2025-03-22 13:34:33,1.11
5791,1879,100.61,user 1879,Amazon,2025-03-22 15:12:29,0.22
5792,916,1173.6,user 916,Booking.com,2025-03-22 20:17:34,2.62
5793,451,1083.04,user 451,IKEA,2025-03-23 00:09:15,1.93
5794,99,610.06,user 99,Spotify,2025-03-23 00:52:43,1.26
5795,992,211.4,user 992,Apple,2025-03-23 02:56:23,0.4
5796,1420,387.72,user 1420,Amazon,2025-03-23 02:57:38,0.89
5797,651,1135.63,user 651,Apple,2025-03-23 04:22:17,2.53
5798,591,32.42,user 591,Deutsche Bahn,2025-03-23 04:24:11,0.07
5799,1342,29.45,user 1342,Lidl,2025-03-23 05:38:34,0.07
5800,439,767.97,user 439,Shell,2025-03-23 05:46:26,1.38
5801,294,1222.93,user 294,Uber,2025-03-23 06:57:42,2.67
5802,1556,387.48,user 1556,Spotify,2025-03-23 07:45:23,0.81
5803,348,1164.69,user 348,Decathlon,2025-03-23 07:49:05,2.1
5804,408,856.72,user 408,Zara,2025-03-23 07:53:27,1.59
5805,1317,1177.02,user 1317,Carrefour,2025-03-23 10:19:59,2.46
5806,209,1264.36,user 209,Lidl,2025-03-23 10:27:18,2.19
5807,887,1147.33,user 887,IKEA,2025-03-23 10:40:55,2.56
5808,581,415.55,user 581,Booking.com,2025-03-23 10:46:05,0.9
5809,1825,1349.91,user 1825,Spotify,2025-03-23 12:35:02,2.9
5810,1310,478.85,user 1310,Booking.com,2025-03-23 13:26:44,1.04
5811,1138,851.62,user 1138,Carrefour,2025-03-23 13:48:58,1.67
5812,1389,1201.51,user 1389,Zara,2025-03-23 16:00:08,2.11
5813,128,101.2,user 128,Zara,2025-03-23 17:01:56,0.19
5814,1898,364.66,user 1898,Booking.com,2025-03-23 18:41:53,0.77
5815,1383,15.32,user 1383,Uber,2025-03-23 21:37:16,0.03
5816,1115,700.59,user 1115,Spotify,2025-03-23 22:50:16,1.44
5817,1848,983.09,user 1848,Spotify,2025-03-23 23:55:26,2.04
5818,1672,403.5,user 1672,Deutsche Bahn,2025-03-24 00:30:25,0.69
5819,367,471.31,user 367,Zara,2025-03-24 03:25:37,0.86
5820,1125,1174.21,user 1125,IKEA,2025-03-24 05:49:52,2.66
5821,451,857.17,user 451,Amazon,2025-03-24 06:35:01,1.52
5822,329,1018.57,user 329,Spotify,2025-03-24 07:44:34,2.22
5823,639,539.22,user 639,Decathlon,2025-03-24 08:43:28,1.09
5824,306,683.17,user 306,Zara,2025-03-24 09:06:11,1.43
5825,676,770.33,user 676,Decathlon,2025-03-24 10:22:39,1.68
5826,1027,1176.4,user 1027,Booking.com,2025-03-24 11:14:03,2.55
5827,514,617.87,user 514,Lidl,2025-03-24 12:26:34,1.25
5828,1653,619.73,user 1653,Shell,2025-03-24 12:49:35,1.17
5829,630,793.56,user 630,Uber,2025-03-24 15:03:01,1.81
5830,1180,1152.82,user 1180,Uber,2025-03-24 16:55:35,1.97
5831,31,720.66,user 31,Spotify,2025-03-24 20:36:49,1.35
5832,934,177.38,user 934,Deutsche Bahn,2025-03-24 22:46:37,0.3
5833,139,49.04,user 139,IKEA,2025-03-25 04:22:38,0.1
5834,1809,409.65,user 1809,Lidl,2025-03-25 04:56:15,0.92
5835,878,519.66,user 878,IKEA,2025-03-25 05:42:27,0.99
5836,353,380.77,user 353,Carrefour,2025-03-25 08:50:51,0.74
5837,1004,300.47,user 1004,Lidl,2025-03-25 08:55:42,0.61
5838,329,1161.7,user 329,Lidl,2025-03-25 09:28:26,2.64
5839,1028,294.87,user 1028,Amazon,2025-03-25 12:12:59,0.57
5840,1856,647.61,user 1856,Booking.com,2025-03-25 13:11:06,1.46
5841,1374,459.67,user 1374,Amazon,2025-03-25 15:27:28,0.83
5842,1512,824.04,user 1512,Shell,2025-03-25 16:40:44,1.73
5843,1081,949.75,user 1081,Deutsche Bahn,2025-03-25 19:34:26,1.81
5844,1884,950.8,user 1884,Zara,2025-03-25 21:27:54,2.12
5845,865,1141.75,user 865,Carrefour,2025-03-25 23:29:21,2.51
5846,43,662.47,user 43,IKEA,2025-03-25 23:36:54,1.5
5847,1678,233.18,user 1678,Deutsche Bahn,2025-03-26 01:24:37,0.41
5848,1271,1319.25,user 1271,Carrefour,2025-03-26 02:11:40,2.92
5849,1324,1095.99,user 1324,Uber,2025-03-26 06:38:36,1.91
5850,1701,91.65,user 1701,Booking.com,2025-03-26 07:06:13,0.18
5851,1738,454.88,user 1738,Decathlon,2025-03-26 08:15:35,0.84
5852,1874,459.28,user 1874,Carrefour,2025-03-26 08:42:55,0.87
5853,1296,1183.39,user 1296,Carrefour,2025-03-26 10:17:01,2.56
5854,1281,490.25,user 1281,Deutsche Bahn,2025-03-26 12:43:44,0.86
5855,520,621.53,user 520,Decathlon,2025-03-26 12:56:56,1.23
5856,156,1135.76,user 156,Uber,2025-03-26 14:25:54,2.46
5857,935,1133.63,user 935,Booking.com,2025-03-26 17:46:27,2.26
5858,64,11.15,user 64,IKEA,2025-03-26 17:56:39,0.02
5859,325,1131.42,user 325,Amazon,2025-03-26 19:53:01,2.6
5860,449,639.42,user 449,Apple,2025-03-26 23:13:55,1.37
5861,238,51.81,user 238,Amazon,2025-03-26 23:22:43,0.09
5862,1620,1151.63,user 1620,IKEA,2025-03-27 00:48:35,2.2
5863,232,1319.98,user 232,Zara,2025-03-27 02:24:07,2.69
5864,390,1297.24,user 390,Carrefour,2025-03-27 02:36:06,2.79
5865,531,403.88,user 531,Deutsche Bahn,2025-03-27 04:27:25,0.87
5866,1721,100.18,user 1721,Decathlon,2025-03-27 06:31:45,0.23
5867,377,828.88,user 377,Carrefour,2025-03-27 07:30:56,1.78
5868,192,1218.27,user 192,Lidl,2025-03-27 08:35:12,2.38
5869,1490,500.89,user 1490,Uber,2025-03-27 08:54:29,1.12
5870,1010,706.19,user 1010,Booking.com,2025-03-27 09:51:18,1.26
5871,1911,135.76,user 1911,Lidl,2025-03-27 11:04:57,0.28
5872,1110,71.84,user 1110,Spotify,2025-03-27 11:35:15,0.15
5873,514,1383.66,user 514,Zara,2025-03-27 12:40:31,2.56
5874,978,1096.73,user 978,Zara,2025-03-27 14:59:12,1.87
5875,644,896.5,user 644,IKEA,2025-03-27 15:47:38,1.89
5876,119,17.61,user 119,Spotify,2025-03-27 19:33:41,0.03
5877,1555,109.65,user 1555,Amazon,2025-03-27 20:40:39,0.25
5878,1650,1366.59,user 1650,Deutsche Bahn,2025-03-27 23:33:06,2.73
5879,1694,1345.2,user 1694,Amazon,2025-03-27 23:41:29,2.85
5880,724,1389.76,user 724,IKEA,2025-03-28 00:37:59,2.67
5881,266,878.16,user 266,Spotify,2025-03-28 05:17:55,1.61
5882,759,643.17,user 759,Uber,2025-03-28 07:05:48,1.43
5883,869,332.39,user 869,IKEA,2025-03-28 07:56:25,0.65
5884,711,423.07,user 711,Lidl,2025-03-28 09:25:36,0.74
5885,558,193.81,user 558,IKEA,2025-03-28 10:05:33,0.34
5886,1826,879.24,user 1826,Booking.com,2025-03-28 12:04:48,1.56
5887,229,920.59,user 229,Booking.com,2025-03-28 13:11:41,1.88
5888,1817,910.09,user 1817,IKEA,2025-03-28 16:17:03,1.97
5889,1252,557.39,user 1252,Lidl,2025-03-28 21:18:29,0.96
5890,1277,122.2,user 1277,Deutsche Bahn,2025-03-28 22:17:19,0.27
5891,1386,960.22,user 1386,Deutsche Bahn,2025-03-29 00:32:55,2.04
5892,1656,1031.88,user 1656,Spotify,2025-03-29 00:36:26,2.16
5893,848,1001.32,user 848,Decathlon,2025-03-29 00:56:28,1.71
5894,897,1092.98,user 897,Shell,2025-03-29 06:10:23,2.37
5895,334,667.67,user 334,Spotify,2025-03-29 06:51:30,1.47
5896,48,838.38,user 48,Deutsche Bahn,2025-03-29 07:16:02,1.63
5897,1251,1289.9,user 1251,Carrefour,2025-03-29 07:20:27,2.48
5898,960,213.41,user 960,Spotify,2025-03-29 10:47:14,0.49
5899,1558,454.02,user 1558,Decathlon,2025-03-29 12:39:17,0.89
5900,1810,812.64,user 1810,Apple,2025-03-29 15:39:42,1.66
5901,1634,1324.02,user 1634,Carrefour,2025-03-29 19:50:27,2.78
5902,1935,1070.79,user 1935,Zara,2025-03-29 22:11:59,2.16
5903,789,1161.87,user 789,Decathlon,2025-03-29 23:40:27,2.01
5904,1403,189.59,user 1403,Spotify,2025-03-30 00:42:15,0.35
5905,331,21.43,user 331,Lidl,2025-03-30 01:17:50,0.04
5906,1980,433.2,user 1980,Apple,2025-03-30 06:52:18,0.82
5907,1898,1173.39,user 1898,Spotify,2025-03-30 11:34:06,2.64
5908,1820,1111.16,user 1820,Spotify,2025-03-30 13:19:52,2.27
5909,468,64.67,user 468,Lidl,2025-03-30 15:56:03,0.12
5910,1054,157.87,user 1054,Carrefour,2025-03-30 17:11:32,0.35
5911,1642,1055.48,user 1642,IKEA,2025-03-30 17:18:24,2.03
5912,1661,1150.94,user 1661,Uber,2025-03-30 17:29:13,2.45
5913,1689,122.03,user 1689,Apple,2025-03-30 20:26:41,0.25
5914,657,1017.25,user 657,Spotify,2025-03-30 21:50:50,1.8
5915,1916,843.7,user 1916,Decathlon,2025-03-30 23:40:20,1.85
5916,1777,432.54,user 1777,Decathlon,2025-03-31 05:26:45,0.94
5917,1539,62.97,user 1539,Carrefour,2025-03-31 05:35:18,0.14
5918,308,1248.12,user 308,Uber,2025-03-31 09:42:44,2.74
5919,292,115.54,user 292,Zara,2025-03-31 11:41:04,0.22
5920,74,887.54,user 74,Amazon,2025-03-31 17:31:41,1.89
5921,1317,111.69,user 1317,Shell,2025-03-31 18:25:26,0.23
5922,1886,910.23,user 1886,Amazon,2025-03-31 19:26:06,1.76
5923,1122,562.31,user 1122,Amazon,2025-03-31 20:45:32,1.18
5924,171,388.31,user 171,Amazon,2025-03-31 22:15:05,0.7
5925,1407,81.94,user 1407,Amazon,2025-03-31 22:27:04,0.16
5926,1177,1054.73,user 1177,Deutsche Bahn,2025-04-01 00:28:31,2.15
5927,1792,1051.9,user 1792,Lidl,2025-04-01 02:20:01,1.79
5928,582,1309.35,user 582,Spotify,2025-04-01 02:31:13,2.58
5929,1663,1290.69,user 1663,Decathlon,2025-04-01 06:05:07,2.87
5930,313,222.8,user 313,Carrefour,2025-04-01 06:28:07,0.46
5931,36,949.73,user 36,Spotify,2025-04-01 06:36:25,1.77
5932,364,790.27,user 364,IKEA,2025-04-01 07:12:01,1.79
5933,1591,1157.43,user 1591,Spotify,2025-04-01 07:50:06,2.16
5934,1504,428.03,user 1504,IKEA,2025-04-01 07:58:12,0.96
5935,371,211.29,user 371,IKEA,2025-04-01 09:07:41,0.46
5936,1058,857.59,user 1058,Uber,2025-04-01 11:09:12,1.46
5937,274,199.51,user 274,Deutsche Bahn,2025-04-01 11:57:49,0.44
5938,1130,92.77,user 1130,Shell,2025-04-01 13:09:56,0.2
5939,1682,317.12,user 1682,Decathlon,2025-04-01 14:06:45,0.54
5940,1548,395.83,user 1548,Deutsche Bahn,2025-04-01 19:16:46,0.76
5941,937,875.93,user 937,Shell,2025-04-01 19:50:44,1.69
5942,1046,562.92,user 1046,Zara,2025-04-01 20:23:28,1.14
5943,704,84.06,user 704,IKEA,2025-04-01 21:06:38,0.16
5944,391,535.17,user 391,IKEA,2025-04-01 22:34:02,1.2
5945,868,362.28,user 868,Lidl,2025-04-02 01:19:44,0.72
5946,569,122.5,user 569,Apple,2025-04-02 01:22:18,0.23
5947,331,317.64,user 331,Spotify,2025-04-02 02:35:49,0.57
5948,1565,648.52,user 1565,Apple,2025-04-02 03:16:39,1.13
5949,1307,26.35,user 1307,IKEA,2025-04-02 04:02:04,0.06
5950,34,176.96,user 34,IKEA,2025-04-02 04:42:51,0.36
5951,69,1037.61,user 69,IKEA,2025-04-02 05:01:03,2.37
5952,1991,143.8,user 1991,Shell,2025-04-02 06:12:20,0.29
5953,1251,1301.0,user 1251,Uber,2025-04-02 06:58:50,2.9
5954,184,320.02,user 184,Booking.com,2025-04-02 14:03:57,0.63
5955,1217,184.46,user 1217,Apple,2025-04-02 14:21:38,0.39
5956,1629,1113.36,user 1629,Lidl,2025-04-02 14:41:40,1.99
5957,22,611.37,user 22,Lidl,2025-04-02 17:08:06,1.07
5958,1625,187.28,user 1625,Amazon,2025-04-02 17:13:23,0.38
5959,1089,397.96,user 1089,Amazon,2025-04-02 20:06:34,0.87
5960,369,287.03,user 369,Lidl,2025-04-03 01:53:47,0.65
5961,165,1277.71,user 165,Carrefour,2025-04-03 02:03:33,2.57
5962,1199,586.16,user 1199,Decathlon,2025-04-03 02:05:44,1.3
5963,94,698.84,user 94,Decathlon,2025-04-03 02:53:53,1.33
5964,1850,453.96,user 1850,Booking.com,2025-04-03 03:08:41,0.93
5965,1032,1028.07,user 1032,Uber,2025-04-03 04:01:56,2.32
5966,443,392.5,user 443,Lidl,2025-04-03 04:32:28,0.85
5967,512,98.1,user 512,Zara,2025-04-03 06:28:18,0.17
5968,653,1315.02,user 653,Zara,2025-04-03 16:51:05,2.26
5969,1305,591.16,user 1305,Zara,2025-04-03 19:29:46,1.18
5970,1844,366.15,user 1844,Zara,2025-04-03 19:41:59,0.63
5971,572,923.39,user 572,Uber,2025-04-03 19:57:45,1.85
5972,1810,713.22,user 1810,Decathlon,2025-04-03 20:20:25,1.54
5973,1696,1113.69,user 1696,Zara,2025-04-03 20:49:43,2.39
5974,380,432.12,user 380,IKEA,2025-04-04 00:39:50,0.97
5975,600,122.18,user 600,Carrefour,2025-04-04 09:10:14,0.24
5976,1265,334.54,user 1265,Booking.com,2025-04-04 11:21:32,0.62
5977,1033,74.84,user 1033,Spotify,2025-04-04 13:19:49,0.13
5978,1641,33.52,user 1641,Shell,2025-04-04 15:37:02,0.06
5979,1161,846.54,user 1161,Carrefour,2025-04-04 17:27:47,1.44
5980,1019,550.97,user 1019,Decathlon,2025-04-04 22:48:45,1.26
5981,1956,1144.28,user 1956,Carrefour,2025-04-05 01:58:17,2.44
5982,145,1231.64,user 145,Booking.com,2025-04-05 02:34:10,2.74
5983,1113,271.92,user 1113,Zara,2025-04-05 03:27:49,0.57
5984,1180,1159.69,user 1180,Deutsche Bahn,2025-04-05 04:07:48,2.15
5985,396,739.64,user 396,IKEA,2025-04-05 04:36:18,1.63
5986,441,1292.82,user 441,Decathlon,2025-04-05 06:55:42,2.41
5987,1611,343.99,user 1611,Decathlon,2025-04-05 07:11:00,0.77
5988,1214,1147.47,user 1214,Spotify,2025-04-05 07:23:26,2.5
5989,191,747.18,user 191,Deutsche Bahn,2025-04-05 08:12:36,1.62
5990,1972,724.49,user 1972,Apple,2025-04-05 11:36:06,1.32
5991,1880,526.66,user 1880,Carrefour,2025-04-05 14:06:52,1.06
5992,1730,441.73,user 1730,Lidl,2025-04-05 14:31:28,0.81
5993,1946,649.78,user 1946,Decathlon,2025-04-05 15:06:42,1.38
5994,937,1215.07,user 937,Deutsche Bahn,2025-04-05 16:09:53,2.59
5995,162,1277.47,user 162,Apple,2025-04-05 17:58:20,2.57
5996,171,360.38,user 171,IKEA,2025-04-05 23:25:48,0.75
5997,880,1077.38,user 880,Amazon,2025-04-06 00:45:05,1.94
5998,1273,1137.53,user 1273,IKEA,2025-04-06 01:33:24,2.08
5999,1714,1365.94,user 1714,Carrefour,2025-04-06 02:46:38,2.48
6000,1148,577.9,user 1148,Decathlon,2025-04-06 03:17:37,1.1
6001,1092,1002.56,user 1092,Deutsche Bahn,2025-04-06 03:57:14,2.22
6002,683,61.02,user 683,Deutsche Bahn,2025-04-06 05:37:48,0.13
6003,955,20.57,user 955,IKEA,2025-04-06 07:21:28,0.04
6004,1919,632.05,user 1919,Amazon,2025-04-06 07:58:39,1.39
6005,1675,994.95,user 1675,Shell,2025-04-06 12:17:52,1.77
6006,875,1286.47,user 875,Carrefour,2025-04-06 15:53:46,2.49
6007,619,1062.74,user 619,Spotify,2025-04-06 16:32:15,2.11
6008,1817,484.0,user 1817,Booking.com,2025-04-06 18:22:49,0.97
6009,124,80.57,user 124,IKEA,2025-04-06 18:50:01,0.16
6010,554,746.18,user 554,Booking.com,2025-04-06 20:33:51,1.67
6011,18,941.74,user 18,Apple,2025-04-06 21:36:42,2.13
6012,1521,354.61,user 1521,IKEA,2025-04-06 23:11:27,0.72
6013,1579,1108.27,user 1579,IKEA,2025-04-06 23:17:58,1.92
6014,1622,147.29,user 1622,Booking.com,2025-04-07 00:30:37,0.32
6015,312,1115.13,user 312,Spotify,2025-04-07 01:16:05,2.56
6016,1591,164.06,user 1591,Amazon,2025-04-07 01:16:39,0.29
6017,395,456.07,user 395,Amazon,2025-04-07 02:12:23,0.89
6018,1338,1297.05,user 1338,Spotify,2025-04-07 07:04:46,2.61
6019,501,215.42,user 501,Decathlon,2025-04-07 09:07:38,0.41
6020,663,1123.08,user 663,Zara,2025-04-07 09:17:00,2.05
6021,1310,1012.93,user 1310,Shell,2025-04-07 09:32:29,2.32
6022,1237,1340.01,user 1237,Lidl,2025-04-07 11:04:30,2.62
6023,1232,1328.92,user 1232,Uber,2025-04-07 12:03:36,2.76
6024,1068,642.45,user 1068,Uber,2025-04-07 14:13:34,1.09
6025,415,1148.42,user 415,Apple,2025-04-07 14:51:45,2.08
6026,988,751.42,user 988,Apple,2025-04-07 17:51:00,1.66
6027,1966,449.87,user 1966,Lidl,2025-04-07 20:38:04,0.77
6028,1425,355.22,user 1425,Apple,2025-04-07 20:42:46,0.61
6029,113,704.05,user 113,Deutsche Bahn,2025-04-07 22:13:08,1.51
6030,279,135.45,user 279,Deutsche Bahn,2025-04-08 01:37:12,0.3
6031,838,1372.98,user 838,Uber,2025-04-08 02:13:45,2.46
6032,1461,1214.6,user 1461,Apple,2025-04-08 03:35:07,2.75
6033,1402,597.77,user 1402,Uber,2025-04-08 03:44:34,1.35
6034,1567,134.66,user 1567,Deutsche Bahn,2025-04-08 04:47:57,0.29
6035,542,1278.23,user 542,Uber,2025-04-08 06:04:28,2.73
6036,591,599.32,user 591,Amazon,2025-04-08 07:35:30,1.32
6037,1871,942.76,user 1871,Lidl,2025-04-08 09:20:38,2.05
6038,118,838.16,user 118,Spotify,2025-04-08 12:31:56,1.81
6039,366,799.64,user 366,Zara,2025-04-08 13:12:08,1.62
6040,811,1382.53,user 811,Uber,2025-04-08 14:03:30,3.08
6041,1705,868.31,user 1705,Booking.com,2025-04-08 15:20:57,1.56
6042,705,440.27,user 705,IKEA,2025-04-08 16:08:13,0.8
6043,739,206.27,user 739,Spotify,2025-04-08 17:05:26,0.41
6044,868,10.12,user 868,Shell,2025-04-08 17:52:01,0.02
6045,1088,817.53,user 1088,Lidl,2025-04-08 20:35:04,1.64
6046,1860,1261.65,user 1860,Uber,2025-04-08 20:46:22,2.87
6047,327,524.96,user 327,Deutsche Bahn,2025-04-08 21:25:10,1.15
6048,1557,812.0,user 1557,Shell,2025-04-09 01:50:13,1.8
6049,1606,169.87,user 1606,Lidl,2025-04-09 03:47:35,0.36
6050,165,534.73,user 165,Apple,2025-04-09 08:15:46,1.07
6051,1155,634.52,user 1155,Zara,2025-04-09 10:22:22,1.11
6052,530,429.23,user 530,Zara,2025-04-09 12:43:56,0.79
6053,1491,11.43,user 1491,Amazon,2025-04-09 17:03:38,0.02
6054,930,791.07,user 930,Deutsche Bahn,2025-04-09 21:18:39,1.46
6055,450,1180.84,user 450,Apple,2025-04-09 21:26:00,2.66
6056,1889,1161.05,user 1889,Uber,2025-04-09 22:33:41,2.22
6057,1377,590.6,user 1377,Lidl,2025-04-09 23:51:46,1.19
6058,1838,939.64,user 1838,IKEA,2025-04-10 05:10:38,1.85
6059,560,1272.38,user 560,Spotify,2025-04-10 05:14:33,2.91
6060,1083,1391.28,user 1083,Carrefour,2025-04-10 07:39:23,2.77
6061,1018,233.39,user 1018,Uber,2025-04-10 08:37:19,0.51
6062,716,575.41,user 716,Lidl,2025-04-10 08:57:31,1.04
6063,238,212.64,user 238,Shell,2025-04-10 10:26:59,0.42
6064,1389,144.15,user 1389,Deutsche Bahn,2025-04-10 11:54:10,0.33
6065,786,893.76,user 786,IKEA,2025-04-10 18:47:49,1.98
6066,1753,1314.88,user 1753,Uber,2025-04-10 20:39:18,2.67
6067,846,133.09,user 846,Booking.com,2025-04-10 21:27:16,0.28
6068,470,553.5,user 470,IKEA,2025-04-11 01:47:29,1.02
6069,389,712.61,user 389,Amazon,2025-04-11 03:28:49,1.23
6070,1660,380.39,user 1660,Spotify,2025-04-11 03:36:44,0.76
6071,1815,677.75,user 1815,Uber,2025-04-11 05:24:48,1.43
6072,1776,1136.75,user 1776,Decathlon,2025-04-11 11:15:24,2.32
6073,1810,258.96,user 1810,Carrefour,2025-04-11 14:43:08,0.57
6074,670,1108.4,user 670,Amazon,2025-04-11 15:48:59,1.97
6075,1985,794.37,user 1985,Zara,2025-04-11 16:58:08,1.7
6076,1934,818.78,user 1934,Decathlon,2025-04-11 18:25:06,1.48
6077,34,102.08,user 34,Deutsche Bahn,2025-04-11 19:45:58,0.23
6078,768,422.21,user 768,Carrefour,2025-04-11 22:39:26,0.86
6079,1223,1301.5,user 1223,Booking.com,2025-04-12 00:51:48,2.51
6080,460,625.24,user 460,Carrefour,2025-04-12 02:34:58,1.21
6081,1593,1166.69,user 1593,Zara,2025-04-12 03:51:19,2.58
6082,1892,253.14,user 1892,Lidl,2025-04-12 04:16:31,0.55
6083,1044,1044.31,user 1044,Decathlon,2025-04-12 05:19:06,2.24
6084,226,588.82,user 226,Zara,2025-04-12 06:57:51,1.08
6085,1430,1311.5,user 1430,Booking.com,2025-04-12 07:12:29,2.29
6086,650,661.87,user 650,Booking.com,2025-04-12 10:07:07,1.46
6087,1196,939.11,user 1196,Amazon,2025-04-12 12:49:42,1.89
6088,553,833.72,user 553,Decathlon,2025-04-12 12:51:27,1.84
6089,1369,36.71,user 1369,Spotify,2025-04-12 13:40:29,0.07
6090,487,1296.03,user 487,Amazon,2025-04-12 14:17:25,2.72
6091,878,919.4,user 878,Apple,2025-04-12 15:33:48,1.71
6092,1022,1123.76,user 1022,Apple,2025-04-12 17:05:27,2.45
6093,915,358.48,user 915,IKEA,2025-04-12 17:10:38,0.66
6094,656,223.37,user 656,Amazon,2025-04-12 17:28:22,0.45
6095,1767,877.47,user 1767,IKEA,2025-04-12 17:46:30,1.92
6096,1659,977.85,user 1659,Decathlon,2025-04-12 22:00:25,2.25
6097,1848,106.08,user 1848,Shell,2025-04-12 22:31:11,0.19
6098,28,1065.07,user 28,Zara,2025-04-13 00:12:09,2.34
6099,1587,287.59,user 1587,Booking.com,2025-04-13 02:46:56,0.51
6100,282,63.24,user 282,Apple,2025-04-13 02:58:10,0.13
6101,1051,1160.51,user 1051,Spotify,2025-04-13 04:56:21,2.64
6102,772,1238.91,user 772,Amazon,2025-04-13 05:37:31,2.36
6103,808,21.37,user 808,Lidl,2025-04-13 05:44:10,0.04
6104,1079,993.57,user 1079,Decathlon,2025-04-13 05:44:45,1.97
6105,1166,886.51,user 1166,Booking.com,2025-04-13 07:12:42,1.93
6106,1367,1101.46,user 1367,Booking.com,2025-04-13 12:08:54,2.31
6107,517,529.62,user 517,Shell,2025-04-13 12:46:08,1.16
6108,138,1209.45,user 138,Zara,2025-04-13 14:32:41,2.67
6109,1230,678.7,user 1230,Shell,2025-04-14 00:49:09,1.31
6110,423,1184.2,user 423,Shell,2025-04-14 03:04:13,2.48
6111,256,890.74,user 256,Amazon,2025-04-14 12:00:12,1.58
6112,996,158.36,user 996,Shell,2025-04-14 13:29:46,0.3
6113,315,180.62,user 315,Apple,2025-04-14 13:47:40,0.32
6114,529,1163.51,user 529,Uber,2025-04-14 15:43:02,2.06
6115,1648,314.97,user 1648,Decathlon,2025-04-14 15:43:41,0.67
6116,851,307.15,user 851,Apple,2025-04-14 18:10:46,0.61
6117,508,10.12,user 508,Zara,2025-04-14 18:58:55,0.02
6118,240,655.1,user 240,Apple,2025-04-14 20:11:22,1.39
6119,1082,1385.95,user 1082,Apple,2025-04-14 20:45:00,2.72
6120,1418,676.97,user 1418,Deutsche Bahn,2025-04-14 22:05:46,1.3
6121,550,929.56,user 550,Booking.com,2025-04-14 23:20:21,1.84
6122,1859,886.49,user 1859,Carrefour,2025-04-15 01:11:58,1.76
6123,1504,265.04,user 1504,Deutsche Bahn,2025-04-15 01:28:48,0.46
6124,174,369.29,user 174,Booking.com,2025-04-15 01:35:35,0.7
6125,181,44.05,user 181,Amazon,2025-04-15 01:41:48,0.08
6126,769,1070.51,user 769,Zara,2025-04-15 02:16:54,2.28
6127,138,1018.73,user 138,Amazon,2025-04-15 03:14:47,1.76
6128,580,524.41,user 580,Deutsche Bahn,2025-04-15 03:33:39,1.0
6129,1752,1201.89,user 1752,Decathlon,2025-04-15 07:50:13,2.63
6130,1146,1012.94,user 1146,Apple,2025-04-15 11:41:14,2.3
6131,95,1341.81,user 95,Booking.com,2025-04-15 15:48:30,3.03
6132,641,712.92,user 641,Apple,2025-04-15 19:45:07,1.59
6133,1842,47.21,user 1842,Carrefour,2025-04-15 21:27:36,0.1
6134,426,588.94,user 426,Apple,2025-04-15 21:55:31,1.07
6135,1660,529.72,user 1660,Decathlon,2025-04-15 22:03:53,0.95
6136,1345,787.21,user 1345,Shell,2025-04-15 23:24:02,1.41
6137,1574,1252.63,user 1574,Deutsche Bahn,2025-04-16 00:47:09,2.55
6138,1136,965.02,user 1136,Lidl,2025-04-16 03:24:40,2.06
6139,1981,786.62,user 1981,IKEA,2025-04-16 04:07:32,1.52
6140,1415,863.83,user 1415,Booking.com,2025-04-16 04:08:37,1.49
6141,414,279.82,user 414,Carrefour,2025-04-16 04:42:48,0.56
6142,679,170.59,user 679,Carrefour,2025-04-16 05:59:26,0.31
6143,1971,57.79,user 1971,Lidl,2025-04-16 08:49:36,0.11
6144,160,733.09,user 160,Spotify,2025-04-16 10:22:11,1.39
6145,771,186.9,user 771,Carrefour,2025-04-16 11:09:08,0.32
6146,1580,490.77,user 1580,Uber,2025-04-16 17:07:31,1.01
6147,911,1245.67,user 911,Deutsche Bahn,2025-04-16 20:20:17,2.84
6148,1948,702.59,user 1948,Booking.com,2025-04-16 21:41:09,1.42
6149,881,799.24,user 881,Apple,2025-04-17 04:40:33,1.77
6150,922,936.79,user 922,Decathlon,2025-04-17 06:23:32,2.06
6151,1278,168.65,user 1278,Booking.com,2025-04-17 06:39:36,0.3
6152,458,1308.96,user 458,Uber,2025-04-17 10:12:44,2.79
6153,1998,558.36,user 1998,Booking.com,2025-04-17 11:26:51,1.07
6154,410,938.2,user 410,Booking.com,2025-04-17 15:09:03,1.8
6155,1935,1221.11,user 1935,Uber,2025-04-17 17:46:22,2.6
6156,1476,1153.3,user 1476,IKEA,2025-04-17 18:40:58,2.3
6157,961,360.72,user 961,Decathlon,2025-04-17 18:58:33,0.65
6158,1982,1363.86,user 1982,Uber,2025-04-17 19:41:22,2.34
6159,364,677.3,user 364,Lidl,2025-04-17 21:07:46,1.26
6160,1963,1350.03,user 1963,Zara,2025-04-17 22:01:27,2.94
6161,1372,464.3,user 1372,Shell,2025-04-18 03:06:38,0.99
6162,100,1265.4,user 100,Decathlon,2025-04-18 04:10:00,2.53
6163,1814,39.05,user 1814,Uber,2025-04-18 04:31:40,0.08
6164,1054,1037.84,user 1054,Spotify,2025-04-18 05:34:31,1.94
6165,1291,132.45,user 1291,Uber,2025-04-18 05:51:01,0.24
6166,1227,881.99,user 1227,Decathlon,2025-04-18 06:31:24,1.85
6167,1218,666.18,user 1218,IKEA,2025-04-18 12:50:27,1.42
6168,1019,601.46,user 1019,Shell,2025-04-18 12:58:21,1.06
6169,288,795.76,user 288,Lidl,2025-04-18 14:34:16,1.36
6170,766,778.37,user 766,IKEA,2025-04-18 14:45:06,1.55
6171,65,472.82,user 65,Decathlon,2025-04-18 16:30:53,0.96
6172,538,667.53,user 538,Booking.com,2025-04-18 22:51:11,1.41
6173,144,343.44,user 144,Shell,2025-04-18 23:20:02,0.78
6174,586,1214.28,user 586,Shell,2025-04-19 01:09:37,2.54
6175,1431,1092.03,user 1431,Zara,2025-04-19 02:10:05,2.49
6176,1819,620.47,user 1819,Deutsche Bahn,2025-04-19 02:12:44,1.36
6177,944,753.59,user 944,Uber,2025-04-19 05:08:04,1.73
6178,1612,176.18,user 1612,Shell,2025-04-19 05:11:29,0.35
6179,698,814.85,user 698,Apple,2025-04-19 06:56:40,1.71
6180,1825,369.72,user 1825,Carrefour,2025-04-19 07:55:58,0.67
6181,963,953.28,user 963,IKEA,2025-04-19 09:30:11,1.98
6182,1930,1002.02,user 1930,Uber,2025-04-19 10:54:55,1.77
6183,665,1014.75,user 665,Deutsche Bahn,2025-04-19 12:16:28,1.98
6184,1852,504.09,user 1852,Apple,2025-04-19 19:03:21,0.94
6185,1425,1383.06,user 1425,Deutsche Bahn,2025-04-19 20:02:27,2.98
6186,659,209.69,user 659,IKEA,2025-04-19 20:27:42,0.46
6187,386,764.6,user 386,Lidl,2025-04-20 02:09:52,1.65
6188,1703,686.06,user 1703,Zara,2025-04-20 03:39:32,1.35
6189,1057,886.69,user 1057,Booking.com,2025-04-20 03:48:59,1.9
6190,177,1010.58,user 177,Lidl,2025-04-20 05:00:55,1.92
6191,981,1094.64,user 981,Spotify,2025-04-20 06:06:25,1.98
6192,428,1333.65,user 428,Carrefour,2025-04-20 08:12:38,2.37
6193,525,147.23,user 525,Decathlon,2025-04-20 11:02:17,0.29
6194,522,1261.41,user 522,Zara,2025-04-20 12:27:09,2.31
6195,1841,834.78,user 1841,Booking.com,2025-04-20 15:57:03,1.66
6196,1730,1308.57,user 1730,Amazon,2025-04-20 17:42:28,2.41
6197,604,1127.56,user 604,Booking.com,2025-04-20 17:48:51,1.97
6198,454,672.45,user 454,Decathlon,2025-04-20 18:16:36,1.31
6199,1015,1041.69,user 1015,Apple,2025-04-20 21:18:00,1.9
6200,1213,556.35,user 1213,Amazon,2025-04-21 01:17:10,1.2
6201,1790,422.33,user 1790,Amazon,2025-04-21 02:53:28,0.8
6202,645,922.15,user 645,Decathlon,2025-04-21 04:42:34,1.89
6203,768,1007.67,user 768,Apple,2025-04-21 15:55:13,2.07
6204,1141,849.6,user 1141,Lidl,2025-04-21 16:50:53,1.69
6205,1033,305.78,user 1033,Shell,2025-04-21 17:22:13,0.69
6206,449,188.03,user 449,Spotify,2025-04-21 18:29:49,0.33
6207,869,775.5,user 869,Booking.com,2025-04-21 19:43:49,1.71
6208,1705,752.86,user 1705,Shell,2025-04-21 20:43:48,1.67
6209,1595,1000.95,user 1595,IKEA,2025-04-21 22:05:05,1.98
6210,775,272.94,user 775,IKEA,2025-04-22 00:08:28,0.61
6211,424,1371.35,user 424,Decathlon,2025-04-22 00:56:17,3.1
6212,1802,949.96,user 1802,Zara,2025-04-22 01:36:34,1.74
6213,90,260.98,user 90,Apple,2025-04-22 04:11:31,0.57
6214,429,734.31,user 429,Booking.com,2025-04-22 05:38:28,1.32
6215,1278,163.74,user 1278,Lidl,2025-04-22 10:20:03,0.3
6216,1816,837.59,user 1816,Carrefour,2025-04-22 12:20:50,1.77
6217,29,60.67,user 29,Lidl,2025-04-22 12:43:40,0.13
6218,334,140.02,user 334,Deutsche Bahn,2025-04-22 12:47:59,0.3
6219,652,1377.83,user 652,Carrefour,2025-04-22 13:43:49,3.11
6220,598,1137.19,user 598,Deutsche Bahn,2025-04-22 19:22:54,2.06
6221,858,991.38,user 858,Spotify,2025-04-22 19:28:58,1.86
6222,1203,404.01,user 1203,Amazon,2025-04-22 19:45:23,0.9
6223,374,817.53,user 374,Booking.com,2025-04-23 01:25:33,1.88
6224,1488,93.73,user 1488,Apple,2025-04-23 01:51:26,0.21
6225,1140,1251.13,user 1140,Deutsche Bahn,2025-04-23 02:16:37,2.68
6226,1220,384.07,user 1220,Deutsche Bahn,2025-04-23 04:54:30,0.78
6227,1579,1072.73,user 1579,Zara,2025-04-23 05:18:09,1.97
6228,989,285.18,user 989,Apple,2025-04-23 05:22:28,0.57
6229,542,1314.46,user 542,Spotify,2025-04-23 08:11:31,2.55
6230,293,346.03,user 293,Decathlon,2025-04-23 09:27:32,0.76
6231,1517,1269.76,user 1517,Decathlon,2025-04-23 09:43:54,2.82
6232,1580,275.82,user 1580,Carrefour,2025-04-23 11:01:12,0.48
6233,1354,868.44,user 1354,Decathlon,2025-04-23 11:55:48,1.58
6234,1912,912.61,user 1912,Lidl,2025-04-23 13:00:28,1.76
6235,32,158.93,user 32,Booking.com,2025-04-23 14:21:31,0.32
6236,1635,199.42,user 1635,Amazon,2025-04-23 15:07:50,0.35
6237,1633,1026.08,user 1633,Uber,2025-04-23 18:43:46,2.01
6238,957,1365.19,user 957,Zara,2025-04-23 20:36:22,2.86
6239,1843,752.16,user 1843,Amazon,2025-04-23 21:20:09,1.42
6240,1374,440.03,user 1374,Spotify,2025-04-23 23:17:32,0.89
6241,1469,923.44,user 1469,Apple,2025-04-24 01:08:47,1.96
6242,550,530.12,user 550,Uber,2025-04-24 02:20:48,1.07
6243,515,210.38,user 515,Carrefour,2025-04-24 03:12:15,0.47
6244,779,288.32,user 779,Shell,2025-04-24 03:31:34,0.64
6245,1207,532.72,user 1207,Apple,2025-04-24 04:44:46,0.94
6246,970,986.44,user 970,Lidl,2025-04-24 05:09:06,1.9
6247,715,1384.87,user 715,IKEA,2025-04-24 06:31:55,2.49
6248,453,1291.87,user 453,Zara,2025-04-24 10:19:07,2.57
6249,1616,406.84,user 1616,IKEA,2025-04-24 11:00:09,0.76
6250,1513,1025.36,user 1513,Lidl,2025-04-24 12:13:19,1.91
6251,1754,103.94,user 1754,Lidl,2025-04-24 13:48:07,0.18
6252,1084,304.06,user 1084,Zara,2025-04-24 13:52:11,0.56
6253,341,1291.8,user 341,Uber,2025-04-24 15:31:12,2.2
6254,1896,279.67,user 1896,Uber,2025-04-24 16:24:30,0.6
6255,1218,250.92,user 1218,Spotify,2025-04-24 23:51:41,0.55
6256,1936,1169.16,user 1936,Spotify,2025-04-25 02:17:45,2.13
6257,984,108.59,user 984,Carrefour,2025-04-25 02:18:59,0.23
6258,1539,155.28,user 1539,Apple,2025-04-25 03:01:18,0.31
6259,1651,1004.63,user 1651,Zara,2025-04-25 03:49:36,1.82
6260,294,788.03,user 294,Spotify,2025-04-25 07:46:25,1.57
6261,113,656.05,user 113,Lidl,2025-04-25 11:01:11,1.37
6262,983,539.56,user 983,Booking.com,2025-04-25 13:19:44,1.13
6263,1141,315.05,user 1141,Carrefour,2025-04-25 15:02:52,0.63
6264,1292,361.87,user 1292,Apple,2025-04-25 15:06:34,0.66
6265,1558,886.78,user 1558,Uber,2025-04-25 16:05:43,1.94
6266,1451,383.09,user 1451,Decathlon,2025-04-25 16:29:57,0.79
6267,1427,1236.49,user 1427,IKEA,2025-04-25 17:28:09,2.35
6268,1502,863.56,user 1502,IKEA,2025-04-25 17:48:05,1.66
6269,36,819.62,user 36,IKEA,2025-04-25 18:08:46,1.8
6270,966,181.54,user 966,Booking.com,2025-04-25 18:57:59,0.4
6271,1787,1242.21,user 1787,Uber,2025-04-25 19:41:47,2.29
6272,1361,1138.53,user 1361,Booking.com,2025-04-25 20:29:56,2.13
6273,1299,293.71,user 1299,Amazon,2025-04-25 22:22:28,0.53
6274,1771,605.83,user 1771,Zara,2025-04-26 00:45:49,1.25
6275,82,555.18,user 82,Carrefour,2025-04-26 01:36:23,1.22
6276,228,600.5,user 228,Carrefour,2025-04-26 02:43:33,1.33
6277,687,949.82,user 687,Booking.com,2025-04-26 04:08:10,1.85
6278,375,678.02,user 375,Deutsche Bahn,2025-04-26 07:42:02,1.52
6279,331,1374.75,user 331,Zara,2025-04-26 09:53:24,3.14
6280,432,663.73,user 432,Zara,2025-04-26 12:00:04,1.13
6281,259,1046.91,user 259,Amazon,2025-04-26 12:44:34,2.34
6282,1332,479.62,user 1332,Deutsche Bahn,2025-04-26 14:05:27,1.1
6283,1560,479.22,user 1560,Carrefour,2025-04-26 15:13:27,0.87
6284,310,668.56,user 310,Spotify,2025-04-26 18:02:19,1.17
6285,783,203.84,user 783,Decathlon,2025-04-26 18:54:02,0.36
6286,101,793.38,user 101,Apple,2025-04-27 00:04:36,1.68
6287,899,1373.14,user 899,Deutsche Bahn,2025-04-27 01:50:00,2.89
6288,1522,350.7,user 1522,Decathlon,2025-04-27 05:01:56,0.67
6289,593,1171.71,user 593,Spotify,2025-04-27 09:15:30,2.4
6290,614,913.75,user 614,Shell,2025-04-27 09:28:30,1.62
6291,955,528.41,user 955,Spotify,2025-04-27 10:11:44,0.9
6292,1724,1034.91,user 1724,Lidl,2025-04-27 13:36:22,1.99
6293,190,1019.88,user 190,Lidl,2025-04-27 14:32:15,1.82
6294,647,1245.01,user 647,Decathlon,2025-04-27 14:57:41,2.2
6295,180,38.08,user 180,Booking.com,2025-04-27 14:57:58,0.08
6296,453,620.22,user 453,Decathlon,2025-04-27 15:56:38,1.1
6297,795,134.24,user 795,Carrefour,2025-04-27 19:01:02,0.27
6298,249,1067.2,user 249,Deutsche Bahn,2025-04-27 22:49:27,2.23
6299,1330,641.92,user 1330,Deutsche Bahn,2025-04-27 22:51:07,1.12
6300,1223,946.9,user 1223,Carrefour,2025-04-28 00:08:28,1.71
6301,1122,1202.61,user 1122,Zara,2025-04-28 02:59:00,2.25
6302,732,408.7,user 732,Lidl,2025-04-28 03:37:47,0.72
6303,445,1063.02,user 445,Carrefour,2025-04-28 03:48:33,1.84
6304,163,800.57,user 163,Lidl,2025-04-28 04:47:39,1.56
6305,92,877.2,user 92,Decathlon,2025-04-28 06:56:40,1.93
6306,2000,1191.13,user 2000,Carrefour,2025-04-28 09:08:01,2.43
6307,1354,1146.46,user 1354,Spotify,2025-04-28 10:07:31,2.49
6308,1636,913.65,user 1636,Deutsche Bahn,2025-04-28 11:44:05,1.94
6309,1107,216.91,user 1107,Zara,2025-04-28 11:59:16,0.38
6310,669,25.85,user 669,Carrefour,2025-04-28 15:13:02,0.05
6311,1670,1183.46,user 1670,Lidl,2025-04-28 18:51:31,2.5
6312,1228,259.2,user 1228,Shell,2025-04-28 19:09:04,0.51
6313,658,940.85,user 658,Carrefour,2025-04-28 20:23:52,2.03
6314,1553,1076.84,user 1553,Carrefour,2025-04-28 21:11:14,1.98
6315,1119,906.73,user 1119,Uber,2025-04-29 00:41:48,1.75
6316,1784,1047.24,user 1784,Deutsche Bahn,2025-04-29 03:12:22,2.2
6317,1072,250.9,user 1072,Carrefour,2025-04-29 03:29:32,0.52
6318,1146,911.31,user 1146,Amazon,2025-04-29 05:14:08,2.04
6319,1188,770.58,user 1188,Lidl,2025-04-29 08:48:56,1.53
6320,7,1391.92,user 7,Spotify,2025-04-29 18:43:21,2.96
6321,775,451.42,user 775,Deutsche Bahn,2025-04-29 23:37:25,0.78
6322,1791,1176.63,user 1791,Apple,2025-04-30 02:50:10,2.16
6323,420,228.54,user 420,Spotify,2025-04-30 04:08:30,0.5
6324,247,1305.28,user 247,Booking.com,2025-04-30 04:13:38,2.81
6325,656,1308.75,user 656,Shell,2025-04-30 04:20:40,2.23
6326,289,1377.76,user 289,Spotify,2025-04-30 05:17:37,3.03
6327,697,346.42,user 697,Uber,2025-04-30 06:50:01,0.79
6328,1275,916.01,user 1275,Uber,2025-04-30 13:33:57,1.98
6329,1599,77.82,user 1599,Uber,2025-04-30 13:42:06,0.14
6330,132,1220.65,user 132,Apple,2025-04-30 15:07:34,2.27
6331,1806,1399.48,user 1806,Decathlon,2025-04-30 16:08:28,2.88
6332,1249,11.37,user 1249,Spotify,2025-04-30 18:03:32,0.02
6333,178,924.33,user 178,Uber,2025-04-30 18:11:54,1.89
6334,1159,317.67,user 1159,Uber,2025-04-30 18:13:57,0.56
6335,1862,1063.78,user 1862,Apple,2025-04-30 19:17:23,2.35
6336,545,436.29,user 545,Deutsche Bahn,2025-04-30 21:26:01,0.87
6337,965,622.79,user 965,Lidl,2025-05-01 00:33:15,1.38
6338,879,531.69,user 879,Zara,2025-05-01 01:22:41,1.02
6339,1315,1046.22,user 1315,Booking.com,2025-05-01 01:43:04,1.95
6340,1140,812.3,user 1140,Lidl,2025-05-01 02:27:18,1.4
6341,1713,422.6,user 1713,Amazon,2025-05-01 02:50:51,0.81
6342,254,74.61,user 254,Spotify,2025-05-01 03:07:08,0.14
6343,1334,1253.0,user 1334,Uber,2025-05-01 04:11:52,2.43
6344,396,880.2,user 396,Lidl,2025-05-01 05:18:27,1.94
6345,1740,1176.17,user 1740,Shell,2025-05-01 06:30:15,2.32
6346,925,1235.88,user 925,Shell,2025-05-01 06:43:05,2.6
6347,509,1327.83,user 509,Shell,2025-05-01 06:59:27,2.7
6348,1929,259.64,user 1929,Lidl,2025-05-01 10:19:39,0.5
6349,1515,1213.93,user 1515,Uber,2025-05-01 13:44:54,2.77
6350,1287,281.73,user 1287,Shell,2025-05-01 14:39:40,0.52
6351,1820,1357.46,user 1820,Apple,2025-05-01 16:03:31,2.6
6352,1065,1397.31,user 1065,Amazon,2025-05-01 17:07:16,2.88
6353,1910,391.06,user 1910,Zara,2025-05-01 18:19:57,0.85
6354,530,412.78,user 530,Decathlon,2025-05-01 19:23:01,0.72
6355,764,372.06,user 764,Carrefour,2025-05-01 19:28:53,0.73
6356,895,387.78,user 895,Decathlon,2025-05-01 22:06:59,0.82
6357,1412,1043.56,user 1412,Zara,2025-05-01 22:28:49,2.28
6358,99,632.84,user 99,Carrefour,2025-05-01 23:31:20,1.22
6359,940,1129.66,user 940,Lidl,2025-05-02 03:56:34,2.43
6360,1377,65.87,user 1377,Decathlon,2025-05-02 04:29:33,0.15
6361,1860,32.5,user 1860,Carrefour,2025-05-02 06:03:43,0.06
6362,1623,449.19,user 1623,Zara,2025-05-02 09:16:47,0.91
6363,1169,455.19,user 1169,IKEA,2025-05-02 09:23:40,0.86
6364,39,1215.52,user 39,Shell,2025-05-02 09:26:58,2.38
6365,363,772.99,user 363,Decathlon,2025-05-02 11:36:16,1.48
6366,249,1312.77,user 249,Zara,2025-05-02 12:08:15,2.36
6367,35,1080.25,user 35,Uber,2025-05-02 13:53:39,2.21
6368,607,944.09,user 607,Amazon,2025-05-02 16:22:55,1.71
6369,544,631.36,user 544,Deutsche Bahn,2025-05-02 16:28:51,1.38
6370,922,395.06,user 922,Zara,2025-05-02 21:22:45,0.86
6371,1328,1398.95,user 1328,Spotify,2025-05-02 23:21:33,3.11
6372,1117,69.2,user 1117,Spotify,2025-05-03 02:02:03,0.14
6373,548,496.35,user 548,IKEA,2025-05-03 04:24:27,0.86
6374,1087,672.65,user 1087,Uber,2025-05-03 04:29:03,1.39
6375,670,1187.17,user 670,Amazon,2025-05-03 05:19:21,2.07
6376,1681,459.86,user 1681,Amazon,2025-05-03 06:46:08,1.01
6377,578,1084.22,user 578,IKEA,2025-05-03 11:13:55,2.27
6378,222,1137.72,user 222,IKEA,2025-05-03 12:20:52,2.08
6379,369,357.21,user 369,Lidl,2025-05-03 13:03:13,0.75
6380,1829,1256.7,user 1829,Amazon,2025-05-03 15:46:20,2.34
6381,1086,502.55,user 1086,Decathlon,2025-05-03 17:19:27,0.96
6382,1684,505.55,user 1684,Lidl,2025-05-03 17:23:49,1.14
6383,1663,1140.72,user 1663,Lidl,2025-05-03 18:32:46,2.52
6384,1069,256.51,user 1069,IKEA,2025-05-03 20:10:56,0.51
6385,313,53.76,user 313,Lidl,2025-05-03 22:50:21,0.12
6386,471,342.24,user 471,Uber,2025-05-03 23:32:40,0.76
6387,636,233.06,user 636,Apple,2025-05-03 23:53:06,0.41
6388,1952,1230.08,user 1952,Uber,2025-05-04 00:25:27,2.36
6389,1348,910.8,user 1348,Uber,2025-05-04 00:28:03,1.78
6390,1188,66.55,user 1188,Lidl,2025-05-04 01:22:03,0.11
6391,1351,423.45,user 1351,Apple,2025-05-04 04:01:55,0.88
6392,118,396.78,user 118,Carrefour,2025-05-04 04:08:19,0.72
6393,981,934.53,user 981,Spotify,2025-05-04 05:16:22,1.83
6394,166,992.99,user 166,Zara,2025-05-04 05:30:17,2.05
6395,1544,153.87,user 1544,Uber,2025-05-04 06:06:23,0.35
6396,770,798.46,user 770,Decathlon,2025-05-04 06:07:59,1.37
6397,815,49.19,user 815,Lidl,2025-05-04 10:32:12,0.11
6398,262,1143.66,user 262,Spotify,2025-05-04 10:32:38,2.56
6399,1061,517.4,user 1061,Spotify,2025-05-04 10:58:05,0.9
6400,1414,1093.7,user 1414,Shell,2025-05-04 12:17:05,2.48
6401,1280,1157.12,user 1280,IKEA,2025-05-04 12:43:20,2.54
6402,710,311.31,user 710,IKEA,2025-05-04 12:46:10,0.66
6403,1348,1225.73,user 1348,Shell,2025-05-04 14:11:12,2.8
6404,1620,629.52,user 1620,Amazon,2025-05-04 15:43:05,1.28
6405,1933,1081.83,user 1933,Apple,2025-05-04 19:39:12,2.02
6406,628,573.25,user 628,Shell,2025-05-04 20:00:02,1.23
6407,319,512.11,user 319,Apple,2025-05-04 21:57:38,1.12
6408,1770,180.75,user 1770,IKEA,2025-05-04 22:41:19,0.38
6409,641,488.4,user 641,Uber,2025-05-04 23:46:05,0.83
6410,351,643.15,user 351,Uber,2025-05-05 00:48:45,1.46
6411,952,989.7,user 952,Shell,2025-05-05 02:05:00,2.19
6412,1214,229.18,user 1214,IKEA,2025-05-05 04:57:44,0.5
6413,1150,1004.44,user 1150,Zara,2025-05-05 11:03:44,2.2
6414,160,612.54,user 160,Uber,2025-05-05 11:18:09,1.31
6415,1434,1182.83,user 1434,Deutsche Bahn,2025-05-05 12:25:50,2.55
6416,1780,1238.42,user 1780,Uber,2025-05-05 16:31:17,2.67
6417,1306,689.24,user 1306,Uber,2025-05-05 19:37:04,1.39
6418,1944,1388.84,user 1944,Amazon,2025-05-05 20:06:28,2.82
6419,511,520.77,user 511,Carrefour,2025-05-05 21:16:57,1.14
6420,334,621.8,user 334,Decathlon,2025-05-06 03:36:24,1.31
6421,906,947.57,user 906,Lidl,2025-05-06 03:43:54,2.01
6422,892,1388.2,user 892,Apple,2025-05-06 05:00:32,2.7
6423,1442,347.41,user 1442,Booking.com,2025-05-06 05:04:47,0.73
6424,1494,126.22,user 1494,Uber,2025-05-06 05:29:25,0.24
6425,141,1055.41,user 141,IKEA,2025-05-06 05:43:16,2.41
6426,1639,766.48,user 1639,Decathlon,2025-05-06 08:36:03,1.32
6427,1317,1363.19,user 1317,Deutsche Bahn,2025-05-06 12:03:26,2.54
6428,577,1311.78,user 577,Zara,2025-05-06 13:26:28,2.5
6429,322,1256.02,user 322,Booking.com,2025-05-06 14:14:19,2.62
6430,1264,1116.11,user 1264,Amazon,2025-05-06 15:00:22,2.1
6431,1811,330.83,user 1811,Carrefour,2025-05-06 15:48:09,0.76
6432,1503,343.6,user 1503,Decathlon,2025-05-06 16:25:35,0.6
6433,1723,694.24,user 1723,Zara,2025-05-06 16:52:29,1.45
6434,482,873.78,user 482,Uber,2025-05-06 17:02:22,1.79
6435,748,1150.9,user 748,Carrefour,2025-05-06 19:06:52,2.12
6436,1159,715.85,user 1159,Deutsche Bahn,2025-05-06 19:39:40,1.44
6437,900,608.07,user 900,Carrefour,2025-05-06 20:15:21,1.22
6438,926,698.52,user 926,Apple,2025-05-06 21:31:47,1.59
6439,80,334.52,user 80,Decathlon,2025-05-07 00:05:46,0.66
6440,1531,853.03,user 1531,Uber,2025-05-07 00:07:22,1.76
6441,433,515.22,user 433,Decathlon,2025-05-07 02:48:46,1.07
6442,1935,90.46,user 1935,Decathlon,2025-05-07 04:30:54,0.16
6443,291,387.71,user 291,Apple,2025-05-07 06:45:19,0.68
6444,1763,463.33,user 1763,IKEA,2025-05-07 09:17:31,0.9
6445,552,772.78,user 552,Carrefour,2025-05-07 12:59:13,1.33
6446,1947,1362.85,user 1947,Decathlon,2025-05-07 15:19:04,2.76
6447,113,471.13,user 113,Zara,2025-05-07 15:34:03,0.86
6448,609,443.46,user 609,Uber,2025-05-07 19:09:55,0.95
6449,1775,77.12,user 1775,Apple,2025-05-07 22:24:34,0.17
6450,81,990.05,user 81,Amazon,2025-05-07 23:51:48,1.71
6451,1038,12.33,user 1038,Apple,2025-05-08 01:10:36,0.03
6452,1657,932.76,user 1657,Shell,2025-05-08 03:13:24,1.85
6453,1663,343.11,user 1663,Spotify,2025-05-08 04:09:51,0.76
6454,60,561.03,user 60,Amazon,2025-05-08 05:15:29,1.22
6455,1255,350.27,user 1255,Shell,2025-05-08 07:08:51,0.68
6456,1547,800.15,user 1547,Spotify,2025-05-08 10:27:23,1.78
6457,1486,1000.74,user 1486,Booking.com,2025-05-08 10:43:23,2.28
6458,534,300.7,user 534,Deutsche Bahn,2025-05-08 13:28:21,0.57
6459,628,1345.05,user 628,Booking.com,2025-05-08 16:39:02,2.74
6460,1123,421.54,user 1123,Carrefour,2025-05-08 17:40:02,0.93
6461,1677,252.14,user 1677,Decathlon,2025-05-08 18:13:34,0.52
6462,1026,224.87,user 1026,Spotify,2025-05-08 18:34:58,0.45
6463,1526,857.41,user 1526,Amazon,2025-05-08 19:27:28,1.51
6464,1111,1263.74,user 1111,Carrefour,2025-05-09 03:04:39,2.51
6465,645,697.5,user 645,Booking.com,2025-05-09 03:49:38,1.37
6466,1831,237.01,user 1831,Apple,2025-05-09 04:08:54,0.47
6467,351,1141.77,user 351,Lidl,2025-05-09 06:59:23,2.27
6468,494,1303.5,user 494,Spotify,2025-05-09 12:42:46,2.89
6469,569,1165.25,user 569,Shell,2025-05-09 13:08:30,2.09
6470,1885,863.6,user 1885,Spotify,2025-05-09 13:40:39,1.85
6471,806,1102.79,user 806,Amazon,2025-05-09 15:18:51,1.99
6472,1458,1063.86,user 1458,Apple,2025-05-09 18:34:46,2.41
6473,1775,740.62,user 1775,Deutsche Bahn,2025-05-09 19:41:26,1.45
6474,1669,303.61,user 1669,Carrefour,2025-05-09 20:27:14,0.52
6475,215,455.63,user 215,Deutsche Bahn,2025-05-09 21:25:33,0.82
6476,614,1364.4,user 614,Deutsche Bahn,2025-05-10 04:03:58,2.86
6477,1631,272.0,user 1631,Spotify,2025-05-10 06:21:57,0.56
6478,1517,219.67,user 1517,Carrefour,2025-05-10 12:39:20,0.46
6479,634,581.45,user 634,Lidl,2025-05-10 16:18:27,1.1
6480,1456,810.51,user 1456,Apple,2025-05-10 17:11:39,1.65
6481,1323,1014.67,user 1323,Deutsche Bahn,2025-05-10 17:29:05,1.79
6482,739,497.4,user 739,Shell,2025-05-10 19:26:37,0.99
6483,1630,699.47,user 1630,Booking.com,2025-05-10 19:48:01,1.47
6484,70,563.55,user 70,Spotify,2025-05-10 20:30:55,1.28
6485,1004,952.18,user 1004,Zara,2025-05-10 23:40:59,1.68
6486,1349,273.47,user 1349,IKEA,2025-05-11 01:10:22,0.53
6487,470,191.29,user 470,Zara,2025-05-11 01:26:00,0.38
6488,1156,83.92,user 1156,Uber,2025-05-11 03:26:30,0.16
6489,1650,140.61,user 1650,Lidl,2025-05-11 04:52:28,0.25
6490,838,232.59,user 838,IKEA,2025-05-11 05:26:30,0.43
6491,1416,765.64,user 1416,Uber,2025-05-11 05:59:59,1.47
6492,1139,648.81,user 1139,Decathlon,2025-05-11 06:53:18,1.45
6493,510,1036.01,user 510,Apple,2025-05-11 10:20:08,1.9
6494,189,1302.51,user 189,Amazon,2025-05-11 14:34:28,2.96
6495,458,1398.5,user 458,Spotify,2025-05-11 14:39:16,2.46
6496,755,161.91,user 755,Deutsche Bahn,2025-05-11 15:14:16,0.3
6497,1492,643.79,user 1492,Carrefour,2025-05-11 16:41:22,1.31
6498,1360,680.66,user 1360,Spotify,2025-05-11 17:43:35,1.36
6499,761,756.82,user 761,Apple,2025-05-11 20:04:21,1.62
6500,86,1148.75,user 86,Uber,2025-05-11 20:43:03,2.09
6501,1969,716.42,user 1969,Booking.com,2025-05-11 20:48:04,1.38
6502,1813,1325.94,user 1813,IKEA,2025-05-11 23:45:03,2.83
6503,152,1283.81,user 152,Booking.com,2025-05-12 04:07:11,2.53
6504,905,1012.93,user 905,Deutsche Bahn,2025-05-12 05:58:41,2.29
6505,933,229.22,user 933,Zara,2025-05-12 07:13:43,0.47
6506,1704,174.81,user 1704,Booking.com,2025-05-12 07:42:13,0.32
6507,1537,271.46,user 1537,Shell,2025-05-12 07:58:32,0.59
6508,287,295.99,user 287,IKEA,2025-05-12 08:29:49,0.62
6509,520,858.97,user 520,IKEA,2025-05-12 10:10:11,1.75
6510,1050,1253.5,user 1050,Apple,2025-05-12 10:40:52,2.6
6511,1291,732.93,user 1291,Amazon,2025-05-12 10:59:34,1.38
6512,1651,618.47,user 1651,Zara,2025-05-12 13:34:55,1.12
6513,23,295.48,user 23,Booking.com,2025-05-12 15:06:08,0.66
6514,165,115.75,user 165,Lidl,2025-05-12 18:13:41,0.24
6515,1726,1366.33,user 1726,Shell,2025-05-12 22:15:04,2.49
6516,248,1388.95,user 248,Spotify,2025-05-12 23:07:32,2.87
6517,1232,711.22,user 1232,Uber,2025-05-13 01:16:53,1.61
6518,1857,1244.03,user 1857,Carrefour,2025-05-13 01:45:22,2.2
6519,1032,812.81,user 1032,Apple,2025-05-13 01:57:37,1.54
6520,1877,693.34,user 1877,Lidl,2025-05-13 02:01:45,1.22
6521,891,298.24,user 891,Decathlon,2025-05-13 02:59:47,0.58
6522,1423,730.38,user 1423,Booking.com,2025-05-13 03:51:05,1.42
6523,518,366.08,user 518,Decathlon,2025-05-13 04:22:26,0.83
6524,795,1227.39,user 795,Lidl,2025-05-13 06:50:55,2.14
6525,1874,266.62,user 1874,Zara,2025-05-13 09:53:56,0.47
6526,111,1274.11,user 111,IKEA,2025-05-13 12:34:15,2.29
6527,555,1112.06,user 555,IKEA,2025-05-13 13:10:41,1.91
6528,288,1044.96,user 288,Lidl,2025-05-13 14:32:09,2.1
6529,1470,1238.07,user 1470,Deutsche Bahn,2025-05-13 15:32:48,2.24
6530,297,1151.99,user 297,Shell,2025-05-13 16:11:39,2.45
6531,1882,773.82,user 1882,Decathlon,2025-05-13 17:06:10,1.74
6532,605,1281.5,user 605,Zara,2025-05-13 18:25:36,2.58
6533,181,295.59,user 181,Decathlon,2025-05-13 22:27:41,0.58
6534,1851,114.66,user 1851,Spotify,2025-05-14 00:31:12,0.24
6535,1097,1072.27,user 1097,Lidl,2025-05-14 02:48:04,2.21
6536,1690,1197.94,user 1690,Carrefour,2025-05-14 03:55:28,2.7
6537,635,507.52,user 635,IKEA,2025-05-14 05:18:31,0.94
6538,1822,1301.1,user 1822,Booking.com,2025-05-14 07:59:14,2.52
6539,351,871.93,user 351,Apple,2025-05-14 08:34:59,1.89
6540,323,471.35,user 323,Lidl,2025-05-14 11:29:57,0.94
6541,1954,1388.23,user 1954,Shell,2025-05-14 13:20:15,3.16
6542,1406,188.06,user 1406,Decathlon,2025-05-14 15:49:50,0.41
6543,69,844.1,user 69,Shell,2025-05-14 15:55:58,1.55
6544,1368,585.6,user 1368,IKEA,2025-05-14 16:01:36,1.09
6545,579,721.34,user 579,Zara,2025-05-14 16:14:19,1.24
6546,1297,220.63,user 1297,Amazon,2025-05-14 18:35:32,0.39
6547,712,739.41,user 712,Apple,2025-05-14 19:44:04,1.39
6548,1808,174.36,user 1808,Carrefour,2025-05-14 21:15:32,0.37
6549,834,796.24,user 834,Shell,2025-05-15 00:19:10,1.42
6550,1195,237.88,user 1195,Lidl,2025-05-15 02:06:08,0.54
6551,1502,1364.82,user 1502,Carrefour,2025-05-15 04:23:35,2.39
6552,1980,479.9,user 1980,Shell,2025-05-15 07:26:43,1.09
6553,347,1026.98,user 347,Spotify,2025-05-15 08:08:26,1.98
6554,896,118.56,user 896,Deutsche Bahn,2025-05-15 09:53:35,0.26
6555,755,668.89,user 755,Zara,2025-05-15 10:52:04,1.15
6556,426,505.19,user 426,Amazon,2025-05-15 22:05:04,1.04
6557,1426,25.93,user 1426,Zara,2025-05-16 02:20:12,0.05
6558,425,206.87,user 425,Deutsche Bahn,2025-05-16 06:01:01,0.4
6559,1331,198.15,user 1331,Lidl,2025-05-16 07:08:34,0.42
6560,235,871.16,user 235,Zara,2025-05-16 07:12:36,1.8
6561,1128,434.51,user 1128,Decathlon,2025-05-16 08:44:53,0.9
6562,312,1377.54,user 312,Decathlon,2025-05-16 09:43:38,2.69
6563,1493,190.34,user 1493,Spotify,2025-05-16 10:13:30,0.34
6564,920,68.44,user 920,Shell,2025-05-16 10:32:44,0.15
6565,1351,126.9,user 1351,Amazon,2025-05-16 10:58:59,0.28
6566,677,363.01,user 677,Carrefour,2025-05-16 11:28:39,0.79
6567,1844,1346.01,user 1844,IKEA,2025-05-16 13:10:12,2.88
6568,1200,409.75,user 1200,Amazon,2025-05-16 14:34:13,0.84
6569,942,68.6,user 942,Uber,2025-05-16 15:02:54,0.13
6570,1789,40.85,user 1789,Deutsche Bahn,2025-05-16 17:03:47,0.07
6571,1835,918.77,user 1835,Amazon,2025-05-16 17:28:55,1.9
6572,437,1102.14,user 437,Apple,2025-05-16 17:37:22,2.2
6573,512,1059.86,user 512,Booking.com,2025-05-16 18:07:40,2.35
6574,473,1341.22,user 473,Carrefour,2025-05-16 19:19:08,3.01
6575,1021,1172.33,user 1021,IKEA,2025-05-16 22:49:16,2.11
6576,319,565.95,user 319,Deutsche Bahn,2025-05-16 23:05:01,1.01
6577,1227,1169.98,user 1227,IKEA,2025-05-16 23:22:07,2.27
6578,1271,761.22,user 1271,Zara,2025-05-17 02:04:01,1.32
6579,1179,963.03,user 1179,Deutsche Bahn,2025-05-17 03:07:56,1.83
6580,563,653.9,user 563,Amazon,2025-05-17 06:43:10,1.2
6581,832,1011.4,user 832,Uber,2025-05-17 06:55:56,1.87
6582,808,29.51,user 808,IKEA,2025-05-17 09:18:58,0.06
6583,1554,424.69,user 1554,Apple,2025-05-17 12:05:08,0.94
6584,265,54.6,user 265,IKEA,2025-05-17 12:43:42,0.09
6585,1692,1398.93,user 1692,Uber,2025-05-17 13:14:34,2.9
6586,89,1060.3,user 89,Decathlon,2025-05-17 18:33:16,1.97
6587,35,500.11,user 35,Apple,2025-05-17 19:22:27,1.11
6588,1363,514.86,user 1363,Carrefour,2025-05-17 19:26:45,1.09
6589,1388,210.24,user 1388,Amazon,2025-05-17 21:15:10,0.37
6590,492,234.1,user 492,Decathlon,2025-05-17 22:39:07,0.42
6591,63,752.75,user 63,Booking.com,2025-05-18 01:06:04,1.68
6592,1373,581.11,user 1373,Apple,2025-05-18 01:21:03,1.09
6593,991,462.57,user 991,Apple,2025-05-18 01:58:14,0.82
6594,28,113.19,user 28,IKEA,2025-05-18 03:19:56,0.26
6595,1835,883.8,user 1835,Uber,2025-05-18 05:49:19,1.59
6596,1967,1001.33,user 1967,Zara,2025-05-18 06:46:43,1.79
6597,599,289.0,user 599,Decathlon,2025-05-18 08:26:18,0.56
6598,1184,510.64,user 1184,Decathlon,2025-05-18 14:38:14,0.89
6599,133,1172.23,user 133,Carrefour,2025-05-18 17:11:16,2.13
6600,718,61.94,user 718,Shell,2025-05-18 18:23:22,0.13
6601,728,1189.75,user 728,Shell,2025-05-18 19:45:27,2.26
6602,1777,576.69,user 1777,Amazon,2025-05-18 21:05:58,1.0
6603,967,1092.97,user 967,Shell,2025-05-18 21:11:36,2.0
6604,247,59.78,user 247,Deutsche Bahn,2025-05-18 23:13:02,0.1
6605,81,348.39,user 81,Carrefour,2025-05-19 04:05:57,0.74
6606,1897,1064.79,user 1897,Apple,2025-05-19 05:42:09,1.87
6607,1664,898.89,user 1664,Uber,2025-05-19 07:49:09,1.74
6608,1474,1249.67,user 1474,Zara,2025-05-19 09:41:07,2.53
6609,721,590.54,user 721,Lidl,2025-05-19 09:59:12,1.13
6610,1007,292.68,user 1007,Lidl,2025-05-19 13:05:36,0.61
6611,1638,1114.34,user 1638,IKEA,2025-05-19 13:54:44,2.11
6612,1171,1298.94,user 1171,Amazon,2025-05-19 15:37:21,2.63
6613,1870,499.7,user 1870,Uber,2025-05-19 17:04:46,1.01
6614,1194,238.59,user 1194,Deutsche Bahn,2025-05-19 19:16:13,0.42
6615,694,1001.0,user 694,Uber,2025-05-19 21:22:23,1.99
6616,698,863.09,user 698,Carrefour,2025-05-20 01:16:29,1.76
6617,1439,43.58,user 1439,Lidl,2025-05-20 01:41:26,0.09
6618,493,1231.99,user 493,Amazon,2025-05-20 02:09:08,2.26
6619,186,538.34,user 186,Zara,2025-05-20 02:56:45,1.18
6620,551,1340.75,user 551,Shell,2025-05-20 05:49:48,3.08
6621,1106,455.12,user 1106,Shell,2025-05-20 06:02:37,0.92
6622,279,343.9,user 279,Decathlon,2025-05-20 06:26:30,0.77
6623,888,386.03,user 888,Zara,2025-05-20 13:10:44,0.77
6624,1006,386.75,user 1006,IKEA,2025-05-20 18:40:41,0.72
6625,1289,1202.45,user 1289,Apple,2025-05-20 19:31:46,2.1
6626,496,1186.76,user 496,Lidl,2025-05-20 23:28:41,2.73
6627,123,392.6,user 123,Uber,2025-05-21 01:25:53,0.76
6628,258,687.88,user 258,Spotify,2025-05-21 01:28:36,1.5
6629,909,1012.48,user 909,Deutsche Bahn,2025-05-21 02:29:42,1.99
6630,1674,177.29,user 1674,IKEA,2025-05-21 04:12:30,0.35
6631,271,145.26,user 271,Shell,2025-05-21 04:23:43,0.26
6632,749,1321.32,user 749,Shell,2025-05-21 07:25:46,2.55
6633,1804,73.25,user 1804,Booking.com,2025-05-21 08:41:33,0.13
6634,1975,1055.01,user 1975,Amazon,2025-05-21 08:54:51,2.4
6635,1865,605.05,user 1865,Apple,2025-05-21 13:14:47,1.24
6636,1470,1286.19,user 1470,Booking.com,2025-05-21 16:36:14,2.58
6637,692,487.62,user 692,Amazon,2025-05-21 17:16:54,1.1
6638,331,995.59,user 331,Shell,2025-05-21 17:52:36,2.16
6639,1720,1156.28,user 1720,Zara,2025-05-21 18:20:28,2.37
6640,142,911.89,user 142,Booking.com,2025-05-21 18:45:16,1.92
6641,720,173.38,user 720,IKEA,2025-05-21 19:03:24,0.38
6642,1465,815.95,user 1465,Apple,2025-05-21 19:16:44,1.63
6643,8,1311.08,user 8,Apple,2025-05-21 22:43:54,2.43
6644,1181,1273.74,user 1181,Uber,2025-05-22 00:27:01,2.81
6645,1851,288.79,user 1851,Apple,2025-05-22 01:02:59,0.66
6646,1940,34.19,user 1940,Shell,2025-05-22 07:01:13,0.06
6647,1529,68.78,user 1529,IKEA,2025-05-22 08:05:00,0.12
6648,1763,284.48,user 1763,Deutsche Bahn,2025-05-22 09:11:30,0.51
6649,1615,765.95,user 1615,Apple,2025-05-22 09:30:13,1.37
6650,1475,368.98,user 1475,Amazon,2025-05-22 11:01:41,0.65
6651,119,566.59,user 119,Booking.com,2025-05-22 11:59:56,1.07
6652,450,686.89,user 450,Carrefour,2025-05-22 20:09:48,1.25
6653,1006,46.36,user 1006,Shell,2025-05-22 20:35:23,0.09
6654,1273,591.21,user 1273,Booking.com,2025-05-22 20:38:16,1.14
6655,1105,1244.57,user 1105,Lidl,2025-05-22 20:57:10,2.32
6656,561,1300.01,user 561,IKEA,2025-05-22 22:19:45,2.69
6657,1619,278.8,user 1619,Apple,2025-05-23 00:45:09,0.57
6658,469,524.68,user 469,Decathlon,2025-05-23 02:34:32,1.13
6659,1835,381.75,user 1835,Decathlon,2025-05-23 03:24:11,0.7
6660,440,1338.84,user 440,Deutsche Bahn,2025-05-23 05:27:38,2.98
6661,1980,582.45,user 1980,IKEA,2025-05-23 05:36:51,1.04
6662,1902,570.79,user 1902,Amazon,2025-05-23 11:03:39,1.14
6663,241,1285.04,user 241,Zara,2025-05-23 11:46:07,2.53
6664,1481,747.24,user 1481,Shell,2025-05-23 12:15:56,1.5
6665,497,1224.7,user 497,Zara,2025-05-23 13:07:29,2.42
6666,1762,733.39,user 1762,Carrefour,2025-05-23 13:32:08,1.49
6667,1705,295.77,user 1705,Amazon,2025-05-23 13:47:57,0.68
6668,1001,1046.44,user 1001,Spotify,2025-05-23 14:30:24,2.07
6669,1947,120.55,user 1947,Shell,2025-05-23 15:19:46,0.26
6670,1287,1172.72,user 1287,Amazon,2025-05-23 15:37:08,2.53
6671,1961,237.82,user 1961,Shell,2025-05-23 17:14:26,0.51
6672,1361,626.68,user 1361,Decathlon,2025-05-23 20:24:03,1.37
6673,727,911.6,user 727,Zara,2025-05-23 22:35:37,2.08
6674,631,396.27,user 631,Zara,2025-05-24 01:26:43,0.73
6675,1862,735.69,user 1862,Uber,2025-05-24 02:21:06,1.41
6676,1695,470.69,user 1695,Decathlon,2025-05-24 06:00:35,0.83
6677,325,982.89,user 325,Decathlon,2025-05-24 07:01:24,1.67
6678,1924,861.1,user 1924,Spotify,2025-05-24 07:50:08,1.84
6679,165,1229.03,user 165,Shell,2025-05-24 08:44:36,2.46
6680,1709,1068.97,user 1709,Uber,2025-05-24 10:24:45,2.14
6681,1899,764.56,user 1899,Shell,2025-05-24 12:08:59,1.52
6682,1999,703.97,user 1999,Lidl,2025-05-24 12:21:17,1.24
6683,105,1224.13,user 105,Lidl,2025-05-24 14:27:04,2.64
6684,1569,1063.74,user 1569,Lidl,2025-05-24 14:54:26,2.39
6685,1065,126.99,user 1065,Uber,2025-05-24 17:17:27,0.24
6686,1001,604.91,user 1001,Amazon,2025-05-24 17:46:36,1.3
6687,616,709.95,user 616,Amazon,2025-05-24 18:11:07,1.35
6688,818,770.36,user 818,Shell,2025-05-24 18:34:19,1.7
6689,630,743.83,user 630,IKEA,2025-05-24 21:21:34,1.41
6690,1347,439.51,user 1347,Deutsche Bahn,2025-05-25 01:40:41,0.76
6691,611,1288.75,user 611,Deutsche Bahn,2025-05-25 02:27:59,2.29
6692,748,1028.09,user 748,Apple,2025-05-25 04:08:26,1.95
6693,15,978.3,user 15,Shell,2025-05-25 08:03:02,1.71
6694,1428,1073.67,user 1428,Spotify,2025-05-25 09:57:31,2.4
6695,1552,1224.38,user 1552,Deutsche Bahn,2025-05-25 10:22:15,2.1
6696,1782,232.29,user 1782,Uber,2025-05-25 17:27:20,0.44
6697,221,956.78,user 221,Zara,2025-05-25 18:50:40,1.64
6698,4,197.39,user 4,Apple,2025-05-25 19:24:53,0.41
6699,854,1099.59,user 854,Zara,2025-05-25 20:48:33,2.16
6700,377,1116.5,user 377,Deutsche Bahn,2025-05-25 21:54:55,2.04
6701,417,853.76,user 417,Uber,2025-05-26 03:19:34,1.7
6702,253,1303.03,user 253,Deutsche Bahn,2025-05-26 05:26:17,2.25
6703,1210,1047.63,user 1210,Shell,2025-05-26 05:44:35,2.1
6704,1699,578.53,user 1699,Carrefour,2025-05-26 06:22:08,1.16
6705,942,45.49,user 942,Zara,2025-05-26 12:42:47,0.09
6706,1050,1136.3,user 1050,Shell,2025-05-26 13:31:26,2.07
6707,1866,1206.3,user 1866,Amazon,2025-05-26 16:15:53,2.59
6708,1206,710.23,user 1206,Carrefour,2025-05-26 16:50:29,1.47
6709,56,532.7,user 56,Lidl,2025-05-26 20:48:08,1.18
6710,789,646.04,user 789,Uber,2025-05-26 21:59:02,1.43
6711,1989,842.66,user 1989,Zara,2025-05-26 22:20:59,1.62
6712,1578,234.45,user 1578,Lidl,2025-05-26 23:37:17,0.5
6713,25,1311.92,user 25,Shell,2025-05-27 00:14:14,2.97
6714,573,558.4,user 573,Zara,2025-05-27 00:39:34,1.2
6715,556,1147.92,user 556,IKEA,2025-05-27 02:45:41,2.41
6716,1088,420.28,user 1088,IKEA,2025-05-27 07:17:25,0.75
6717,201,262.52,user 201,Shell,2025-05-27 10:23:38,0.58
6718,1953,1202.04,user 1953,Zara,2025-05-27 12:01:54,2.72
6719,999,873.91,user 999,Lidl,2025-05-27 13:31:36,1.88
6720,803,998.7,user 803,Lidl,2025-05-27 13:40:06,1.73
6721,407,252.45,user 407,Booking.com,2025-05-27 14:45:35,0.52
6722,679,1088.41,user 679,Carrefour,2025-05-27 15:05:07,2.33
6723,41,966.75,user 41,Apple,2025-05-27 15:06:34,2.02
6724,1831,491.39,user 1831,Uber,2025-05-27 17:43:00,1.1
6725,1429,240.91,user 1429,IKEA,2025-05-27 22:32:10,0.45
6726,1392,1274.98,user 1392,Carrefour,2025-05-28 00:37:41,2.29
6727,920,879.08,user 920,Apple,2025-05-28 00:44:24,2.02
6728,1761,973.53,user 1761,Carrefour,2025-05-28 03:44:45,1.8
6729,1283,1009.75,user 1283,Zara,2025-05-28 04:39:10,2.31
6730,1889,12.96,user 1889,Amazon,2025-05-28 05:37:32,0.03
6731,946,28.61,user 946,Carrefour,2025-05-28 05:58:51,0.06
6732,730,472.02,user 730,Shell,2025-05-28 07:29:50,0.87
6733,1811,906.42,user 1811,Deutsche Bahn,2025-05-28 10:08:34,1.9
6734,1622,969.5,user 1622,Amazon,2025-05-28 13:37:19,1.94
6735,185,625.74,user 185,Carrefour,2025-05-28 14:23:20,1.34
6736,411,892.22,user 411,Apple,2025-05-28 14:34:09,1.74
6737,1418,113.79,user 1418,Decathlon,2025-05-28 14:45:03,0.25
6738,1336,111.17,user 1336,Spotify,2025-05-28 15:15:46,0.23
6739,1976,1361.32,user 1976,Spotify,2025-05-28 15:36:36,3.11
6740,194,713.53,user 194,Lidl,2025-05-28 16:15:50,1.33
6741,11,124.67,user 11,Lidl,2025-05-28 19:19:45,0.28
6742,1863,469.59,user 1863,Shell,2025-05-28 21:07:33,0.81
6743,488,248.93,user 488,IKEA,2025-05-28 21:31:39,0.49
6744,1832,987.98,user 1832,Deutsche Bahn,2025-05-28 23:16:18,2.01
6745,1959,1068.56,user 1959,Lidl,2025-05-29 02:54:16,1.89
6746,1867,1068.45,user 1867,Zara,2025-05-29 03:03:39,2.32
6747,1849,612.0,user 1849,Uber,2025-05-29 03:04:34,1.14
6748,1279,174.87,user 1279,Spotify,2025-05-29 03:37:17,0.37
6749,652,568.26,user 652,IKEA,2025-05-29 07:16:57,1.06
6750,1925,95.6,user 1925,Uber,2025-05-29 08:30:09,0.16
6751,1142,1086.29,user 1142,Decathlon,2025-05-29 11:44:56,2.35
6752,990,672.1,user 990,Uber,2025-05-29 16:23:43,1.33
6753,944,1015.84,user 944,Spotify,2025-05-29 17:06:49,2.07
6754,1473,1053.67,user 1473,Amazon,2025-05-29 18:38:38,2.3
6755,906,835.59,user 906,Deutsche Bahn,2025-05-29 19:44:05,1.5
6756,489,880.96,user 489,Uber,2025-05-29 21:19:58,1.94
6757,842,432.64,user 842,Booking.com,2025-05-30 01:21:46,0.74
6758,878,263.56,user 878,Lidl,2025-05-30 01:39:15,0.57
6759,1254,727.62,user 1254,Lidl,2025-05-30 02:08:12,1.27
6760,1314,1340.6,user 1314,Amazon,2025-05-30 02:12:51,3.03
6761,762,1233.4,user 762,Uber,2025-05-30 03:49:22,2.7
6762,1290,738.65,user 1290,Shell,2025-05-30 05:21:58,1.5
6763,721,458.06,user 721,Spotify,2025-05-30 06:10:07,1.03
6764,97,993.39,user 97,Decathlon,2025-05-30 16:44:44,2.09
6765,1285,944.17,user 1285,Deutsche Bahn,2025-05-30 16:50:57,1.77
6766,1085,1261.84,user 1085,Carrefour,2025-05-30 18:39:02,2.16
6767,1263,121.89,user 1263,Apple,2025-05-30 21:29:11,0.24
6768,461,379.73,user 461,Deutsche Bahn,2025-05-30 22:09:12,0.74
6769,1915,1253.44,user 1915,Apple,2025-05-31 00:07:27,2.14
6770,212,530.07,user 212,Shell,2025-05-31 01:18:36,1.03
6771,1403,628.72,user 1403,Uber,2025-05-31 02:10:21,1.38
6772,1925,152.32,user 1925,Zara,2025-05-31 02:56:37,0.27
6773,488,832.62,user 488,Deutsche Bahn,2025-05-31 09:45:42,1.45
6774,890,774.51,user 890,Zara,2025-05-31 10:26:45,1.72
6775,1158,767.58,user 1158,IKEA,2025-05-31 10:57:40,1.69
6776,402,590.81,user 402,Decathlon,2025-05-31 15:15:09,1.04
6777,1714,235.73,user 1714,Decathlon,2025-05-31 15:38:23,0.49
6778,1158,654.77,user 1158,Shell,2025-05-31 17:25:55,1.13
6779,993,57.18,user 993,Decathlon,2025-05-31 19:19:00,0.12
6780,1672,402.26,user 1672,Amazon,2025-06-01 01:21:05,0.69
6781,491,1113.06,user 491,Lidl,2025-06-01 01:59:07,1.98
6782,1281,556.66,user 1281,Lidl,2025-06-01 03:20:00,1.25
6783,675,822.36,user 675,Spotify,2025-06-01 03:30:45,1.51
6784,850,868.31,user 850,Amazon,2025-06-01 07:46:50,1.98
6785,146,199.45,user 146,Carrefour,2025-06-01 10:03:40,0.4
6786,1181,709.6,user 1181,Uber,2025-06-01 17:48:17,1.31
6787,526,902.45,user 526,Deutsche Bahn,2025-06-01 18:22:00,2.0
6788,154,193.59,user 154,Uber,2025-06-01 20:22:20,0.33
6789,4,658.69,user 4,Amazon,2025-06-02 01:18:24,1.2
6790,187,463.07,user 187,Zara,2025-06-02 04:35:51,0.9
6791,1674,939.24,user 1674,Decathlon,2025-06-02 05:51:59,1.87
6792,1147,920.64,user 1147,Spotify,2025-06-02 06:36:33,1.83
6793,84,1235.2,user 84,Shell,2025-06-02 07:57:42,2.7
6794,1236,60.6,user 1236,Shell,2025-06-02 08:33:54,0.13
6795,843,277.29,user 843,Decathlon,2025-06-02 08:57:11,0.6
6796,574,976.82,user 574,Lidl,2025-06-02 08:59:57,1.89
6797,1181,255.61,user 1181,Spotify,2025-06-02 09:05:26,0.49
6798,847,828.78,user 847,Decathlon,2025-06-02 10:42:33,1.6
6799,1546,967.79,user 1546,Carrefour,2025-06-02 10:44:08,1.86
6800,198,46.1,user 198,Lidl,2025-06-02 11:47:49,0.09
6801,629,1175.93,user 629,Lidl,2025-06-02 13:39:35,2.41
6802,457,952.13,user 457,Apple,2025-06-02 13:59:50,2.18
6803,1519,617.41,user 1519,Zara,2025-06-02 15:09:50,1.25
6804,1351,414.5,user 1351,Spotify,2025-06-02 15:13:28,0.91
6805,707,224.46,user 707,Uber,2025-06-02 17:34:56,0.52
6806,270,470.35,user 270,Deutsche Bahn,2025-06-02 18:01:35,0.96
6807,369,1348.56,user 369,Uber,2025-06-02 18:49:17,2.78
6808,317,928.76,user 317,Uber,2025-06-02 19:12:12,1.97
6809,624,862.73,user 624,Shell,2025-06-03 00:50:51,1.69
6810,1133,1338.22,user 1133,IKEA,2025-06-03 01:41:48,2.63
6811,280,1208.16,user 280,Booking.com,2025-06-03 07:29:57,2.17
6812,887,473.84,user 887,Lidl,2025-06-03 07:40:17,1.06
6813,675,471.34,user 675,Uber,2025-06-03 14:29:27,0.83
6814,805,585.67,user 805,Spotify,2025-06-03 15:26:02,1.33
6815,1666,684.83,user 1666,Apple,2025-06-03 15:38:51,1.53
6816,1931,745.2,user 1931,Booking.com,2025-06-03 16:36:26,1.38
6817,1855,350.46,user 1855,Decathlon,2025-06-03 16:55:00,0.69
6818,1911,433.24,user 1911,Lidl,2025-06-03 17:48:48,0.86
6819,482,487.47,user 482,Booking.com,2025-06-03 18:09:27,0.89
6820,27,1212.39,user 27,Lidl,2025-06-03 21:36:37,2.21
6821,510,191.74,user 510,Decathlon,2025-06-03 22:34:17,0.43
6822,242,1118.64,user 242,Decathlon,2025-06-03 22:49:48,2.36
6823,358,1262.53,user 358,Zara,2025-06-04 02:13:33,2.76
6824,448,672.35,user 448,Amazon,2025-06-04 02:15:18,1.18
6825,685,236.92,user 685,Booking.com,2025-06-04 02:55:37,0.54
6826,1526,500.57,user 1526,Deutsche Bahn,2025-06-04 04:36:53,1.08
6827,1241,1205.61,user 1241,Amazon,2025-06-04 06:17:43,2.57
6828,960,73.18,user 960,Deutsche Bahn,2025-06-04 06:22:05,0.13
6829,498,446.27,user 498,Decathlon,2025-06-04 13:11:14,0.84
6830,59,717.33,user 59,Lidl,2025-06-04 13:49:25,1.62
6831,1232,1305.91,user 1232,Lidl,2025-06-04 14:10:44,2.9
6832,249,714.54,user 249,Lidl,2025-06-04 14:33:29,1.43
6833,447,877.2,user 447,IKEA,2025-06-04 15:40:15,1.91
6834,1020,112.32,user 1020,Uber,2025-06-04 16:20:10,0.24
6835,1759,1015.4,user 1759,IKEA,2025-06-04 17:09:38,1.94
6836,1464,576.69,user 1464,Lidl,2025-06-04 17:30:56,1.19
6837,83,968.99,user 83,Spotify,2025-06-04 18:41:13,1.81
6838,1939,192.14,user 1939,Lidl,2025-06-04 21:21:30,0.33
6839,981,970.88,user 981,IKEA,2025-06-04 22:51:22,2.07
6840,1595,148.72,user 1595,Apple,2025-06-04 23:53:58,0.33
6841,1314,979.4,user 1314,Zara,2025-06-05 01:24:45,1.98
6842,1798,909.15,user 1798,Decathlon,2025-06-05 05:51:22,1.59
6843,1207,901.81,user 1207,Amazon,2025-06-05 05:59:35,1.74
6844,1997,612.36,user 1997,Zara,2025-06-05 10:06:26,1.27
6845,261,136.38,user 261,Booking.com,2025-06-05 11:34:20,0.29
6846,765,1350.42,user 765,Spotify,2025-06-05 11:39:58,2.4
6847,274,1239.33,user 274,Decathlon,2025-06-05 13:40:55,2.42
6848,1457,140.0,user 1457,Carrefour,2025-06-05 13:46:44,0.28
6849,329,389.04,user 329,Lidl,2025-06-05 14:13:56,0.83
6850,395,278.72,user 395,Apple,2025-06-05 14:49:51,0.52
6851,1049,1366.11,user 1049,Zara,2025-06-05 15:17:32,2.78
6852,1366,346.64,user 1366,Deutsche Bahn,2025-06-05 17:09:52,0.59
6853,1737,684.93,user 1737,Shell,2025-06-05 18:05:09,1.53
6854,1006,1178.69,user 1006,IKEA,2025-06-05 22:48:04,2.71
6855,577,1363.74,user 577,Carrefour,2025-06-06 01:56:27,2.95
6856,397,963.54,user 397,Lidl,2025-06-06 02:54:38,1.91
6857,1885,188.29,user 1885,Deutsche Bahn,2025-06-06 04:36:01,0.34
6858,800,319.11,user 800,Zara,2025-06-06 04:46:47,0.69
6859,129,379.3,user 129,IKEA,2025-06-06 04:59:05,0.68
6860,154,518.74,user 154,Amazon,2025-06-06 06:11:21,1.09
6861,1076,436.28,user 1076,Zara,2025-06-06 08:13:14,0.79
6862,620,182.3,user 620,Shell,2025-06-06 09:34:52,0.41
6863,1467,1159.54,user 1467,Lidl,2025-06-06 10:15:14,2.47
6864,1621,558.23,user 1621,Deutsche Bahn,2025-06-06 10:57:48,1.21
6865,1120,1207.29,user 1120,Carrefour,2025-06-06 12:25:14,2.42
6866,1499,447.39,user 1499,Uber,2025-06-06 12:48:17,1.03
6867,222,28.06,user 222,Lidl,2025-06-06 14:36:58,0.06
6868,1952,183.96,user 1952,IKEA,2025-06-06 16:58:08,0.37
6869,1846,903.9,user 1846,Uber,2025-06-06 20:54:17,1.8
6870,667,436.2,user 667,Spotify,2025-06-06 21:31:33,0.95
6871,102,617.88,user 102,IKEA,2025-06-06 21:38:31,1.15
6872,1462,869.73,user 1462,Shell,2025-06-06 21:47:51,1.92
6873,1481,1151.09,user 1481,Lidl,2025-06-07 00:07:34,2.05
6874,1314,1334.27,user 1314,Shell,2025-06-07 01:40:01,2.77
6875,1907,125.2,user 1907,Spotify,2025-06-07 04:19:08,0.22
6876,1845,1014.33,user 1845,Shell,2025-06-07 08:10:22,2.15
6877,1586,732.32,user 1586,Uber,2025-06-07 08:33:59,1.44
6878,1241,56.74,user 1241,Deutsche Bahn,2025-06-07 08:58:53,0.1
6879,1631,543.58,user 1631,Decathlon,2025-06-07 09:50:16,1.17
6880,1008,521.59,user 1008,Decathlon,2025-06-07 10:36:46,1.2
6881,1084,233.42,user 1084,IKEA,2025-06-07 11:22:38,0.48
6882,311,680.99,user 311,Booking.com,2025-06-07 12:02:39,1.21
6883,1466,1093.73,user 1466,Amazon,2025-06-07 13:45:39,2.2
6884,503,986.89,user 503,Lidl,2025-06-07 14:23:54,1.83
6885,1167,785.95,user 1167,Decathlon,2025-06-07 17:32:33,1.38
6886,798,1261.23,user 798,Shell,2025-06-07 17:52:51,2.86
6887,1606,885.62,user 1606,Shell,2025-06-07 18:33:24,1.96
6888,461,1031.55,user 461,Apple,2025-06-07 20:43:47,1.77
6889,294,603.07,user 294,Lidl,2025-06-08 00:19:29,1.13
6890,448,685.09,user 448,Deutsche Bahn,2025-06-08 01:52:59,1.19
6891,1023,1047.91,user 1023,Zara,2025-06-08 01:59:54,2.37
6892,1466,1265.7,user 1466,Lidl,2025-06-08 02:29:57,2.8
6893,1480,30.39,user 1480,Carrefour,2025-06-08 02:56:23,0.06
6894,50,295.84,user 50,Shell,2025-06-08 03:05:47,0.63
6895,476,122.24,user 476,Deutsche Bahn,2025-06-08 11:54:00,0.23
6896,1263,104.27,user 1263,Carrefour,2025-06-08 12:31:49,0.24
6897,1755,1238.69,user 1755,IKEA,2025-06-08 13:39:16,2.49
6898,994,99.41,user 994,Shell,2025-06-08 13:56:32,0.2
6899,1300,1130.95,user 1300,Amazon,2025-06-08 17:22:37,2.55
6900,844,224.59,user 844,Shell,2025-06-08 18:08:36,0.43
6901,965,146.73,user 965,Deutsche Bahn,2025-06-08 20:49:16,0.3
6902,869,646.53,user 869,Zara,2025-06-08 20:51:48,1.26
6903,1459,163.43,user 1459,Decathlon,2025-06-08 21:44:16,0.3
6904,176,489.45,user 176,Uber,2025-06-08 23:50:49,0.86
6905,1783,169.72,user 1783,Amazon,2025-06-09 02:16:09,0.34
6906,1089,622.61,user 1089,Spotify,2025-06-09 02:53:07,1.4
6907,1292,1028.07,user 1292,Amazon,2025-06-09 04:41:43,2.24
6908,464,155.99,user 464,Deutsche Bahn,2025-06-09 05:28:54,0.3
6909,280,766.51,user 280,Booking.com,2025-06-09 07:25:58,1.65
6910,438,939.64,user 438,Amazon,2025-06-09 09:17:20,1.63
6911,1784,408.31,user 1784,Uber,2025-06-09 13:36:48,0.86
6912,40,1241.5,user 40,Deutsche Bahn,2025-06-09 15:46:10,2.74
6913,416,1173.16,user 416,Carrefour,2025-06-09 15:55:12,2.03
6914,1443,1341.46,user 1443,IKEA,2025-06-09 15:59:06,2.56
6915,605,594.75,user 605,Shell,2025-06-09 21:08:36,1.34
6916,1509,34.77,user 1509,Booking.com,2025-06-10 03:06:17,0.06
6917,1246,380.85,user 1246,Booking.com,2025-06-10 03:21:08,0.84
6918,262,812.92,user 262,Spotify,2025-06-10 05:41:23,1.65
6919,1570,49.21,user 1570,Booking.com,2025-06-10 06:10:16,0.09
6920,838,1383.46,user 838,Shell,2025-06-10 07:07:27,2.83
6921,978,176.85,user 978,Uber,2025-06-10 14:49:40,0.38
6922,1340,49.47,user 1340,Uber,2025-06-10 18:50:08,0.11
6923,1694,664.11,user 1694,Lidl,2025-06-10 23:35:09,1.35
6924,459,191.6,user 459,Uber,2025-06-11 03:42:01,0.38
6925,1208,1011.72,user 1208,Spotify,2025-06-11 04:36:32,2.24
6926,1988,812.32,user 1988,Booking.com,2025-06-11 06:53:54,1.83
6927,904,949.32,user 904,Apple,2025-06-11 08:53:34,1.62
6928,485,583.33,user 485,Shell,2025-06-11 09:48:34,1.16
6929,1649,56.77,user 1649,Shell,2025-06-11 10:43:16,0.13
6930,1676,1309.46,user 1676,Deutsche Bahn,2025-06-11 12:13:55,2.62
6931,1829,791.19,user 1829,Spotify,2025-06-11 12:51:52,1.6
6932,399,313.92,user 399,Spotify,2025-06-11 13:24:55,0.56
6933,971,637.13,user 971,Spotify,2025-06-11 14:31:03,1.15
6934,1781,311.98,user 1781,Carrefour,2025-06-11 15:21:45,0.71
6935,1048,832.32,user 1048,Zara,2025-06-12 04:09:49,1.59
6936,1259,1151.16,user 1259,Lidl,2025-06-12 07:40:51,2.0
6937,1192,641.51,user 1192,Zara,2025-06-12 07:59:37,1.17
6938,1608,963.57,user 1608,Amazon,2025-06-12 08:00:26,2.04
6939,731,732.28,user 731,Uber,2025-06-12 11:23:58,1.61
6940,549,582.0,user 549,Zara,2025-06-12 11:41:07,1.32
6941,1779,525.95,user 1779,Lidl,2025-06-12 13:35:37,1.18
6942,1984,279.55,user 1984,Deutsche Bahn,2025-06-12 13:57:12,0.64
6943,998,653.63,user 998,IKEA,2025-06-12 16:33:10,1.42
6944,1306,1028.47,user 1306,Uber,2025-06-12 17:56:53,2.25
6945,1976,207.46,user 1976,Shell,2025-06-12 20:18:24,0.47
6946,1748,1393.27,user 1748,Spotify,2025-06-12 21:06:52,2.49
6947,282,527.57,user 282,Spotify,2025-06-12 21:30:48,0.99
6948,1563,575.23,user 1563,Amazon,2025-06-12 22:12:36,1.16
6949,1459,1238.5,user 1459,Spotify,2025-06-12 22:31:13,2.56
6950,833,1149.16,user 833,Uber,2025-06-13 00:24:14,2.14
6951,1656,748.28,user 1656,IKEA,2025-06-13 03:35:39,1.32
6952,290,260.21,user 290,Decathlon,2025-06-13 03:44:53,0.46
6953,1636,482.44,user 1636,Amazon,2025-06-13 07:14:49,0.96
6954,1627,761.24,user 1627,Decathlon,2025-06-13 07:49:18,1.7
6955,1322,1139.7,user 1322,Amazon,2025-06-13 08:02:38,2.11
6956,1009,188.21,user 1009,Carrefour,2025-06-13 09:56:48,0.41
6957,999,1035.01,user 999,IKEA,2025-06-13 11:48:47,2.2
6958,1670,579.77,user 1670,IKEA,2025-06-13 12:03:12,1.19
6959,1691,418.23,user 1691,Deutsche Bahn,2025-06-13 13:29:27,0.94
6960,1191,627.27,user 1191,Apple,2025-06-13 15:08:08,1.43
6961,1807,559.98,user 1807,Decathlon,2025-06-13 15:28:19,0.96
6962,816,777.63,user 816,Zara,2025-06-13 15:45:13,1.61
6963,1928,444.97,user 1928,Spotify,2025-06-13 16:49:30,0.82
6964,1047,349.96,user 1047,Lidl,2025-06-13 17:37:19,0.78
6965,1511,171.37,user 1511,Booking.com,2025-06-13 19:25:48,0.3
6966,106,531.44,user 106,Shell,2025-06-13 19:28:29,1.05
6967,1613,60.12,user 1613,Uber,2025-06-13 21:46:49,0.14
6968,1799,909.5,user 1799,Spotify,2025-06-14 01:30:04,1.88
6969,759,600.29,user 759,Carrefour,2025-06-14 01:59:33,1.09
6970,281,344.75,user 281,Shell,2025-06-14 03:45:27,0.72
6971,1789,49.94,user 1789,Zara,2025-06-14 04:35:49,0.09
6972,1852,311.68,user 1852,Apple,2025-06-14 07:10:46,0.59
6973,413,1235.69,user 413,Booking.com,2025-06-14 07:51:10,2.37
6974,648,575.06,user 648,Amazon,2025-06-14 13:43:00,1.18
6975,1964,176.56,user 1964,Zara,2025-06-14 14:13:44,0.37
6976,328,1317.36,user 328,Spotify,2025-06-14 15:38:24,2.87
6977,1260,620.83,user 1260,Apple,2025-06-14 16:08:40,1.1
6978,496,170.01,user 496,Zara,2025-06-14 17:05:11,0.32
6979,1500,181.05,user 1500,Carrefour,2025-06-14 17:42:03,0.4
6980,1178,178.09,user 1178,Deutsche Bahn,2025-06-14 19:14:41,0.34
6981,207,10.46,user 207,IKEA,2025-06-14 19:46:58,0.02
6982,1467,153.23,user 1467,Booking.com,2025-06-14 20:20:45,0.28
6983,40,1270.99,user 40,Booking.com,2025-06-14 20:24:37,2.8
6984,665,737.52,user 665,Uber,2025-06-14 21:06:46,1.33
6985,1706,156.87,user 1706,Uber,2025-06-15 00:09:52,0.35
6986,703,784.81,user 703,Booking.com,2025-06-15 12:06:59,1.7
6987,1491,542.17,user 1491,Shell,2025-06-15 12:15:30,1.16
6988,557,88.49,user 557,Booking.com,2025-06-15 18:00:34,0.16
6989,1205,361.11,user 1205,IKEA,2025-06-15 19:18:42,0.71
6990,1360,285.36,user 1360,Amazon,2025-06-15 20:56:23,0.56
6991,93,991.33,user 93,Booking.com,2025-06-15 21:52:27,2.09
6992,157,439.74,user 157,IKEA,2025-06-15 23:55:21,0.92
6993,207,1001.11,user 207,Decathlon,2025-06-16 00:11:11,1.82
6994,237,1342.91,user 237,IKEA,2025-06-16 00:11:47,2.37
6995,429,732.1,user 429,Booking.com,2025-06-16 01:28:26,1.64
6996,1731,1277.32,user 1731,Amazon,2025-06-16 02:44:26,2.64
6997,1743,552.41,user 1743,Amazon,2025-06-16 04:16:24,1.04
6998,621,1356.04,user 621,Carrefour,2025-06-16 08:56:51,2.42
6999,1861,620.96,user 1861,Uber,2025-06-16 16:12:37,1.41
7000,86,321.78,user 86,Carrefour,2025-06-16 18:02:30,0.63
7001,727,949.41,user 727,Uber,2025-06-16 18:30:16,1.86
7002,440,513.03,user 440,Apple,2025-06-16 19:21:27,0.99
7003,90,122.9,user 90,Deutsche Bahn,2025-06-16 20:14:51,0.24
7004,874,1124.97,user 874,Decathlon,2025-06-16 23:55:33,2.13
7005,1570,1311.12,user 1570,Booking.com,2025-06-17 02:39:48,2.61
7006,24,764.12,user 24,IKEA,2025-06-17 04:06:54,1.67
7007,1305,1233.24,user 1305,IKEA,2025-06-17 07:35:51,2.78
7008,772,1266.96,user 772,Shell,2025-06-17 09:16:20,2.72
7009,1452,463.5,user 1452,Apple,2025-06-17 14:13:10,0.96
7010,576,558.55,user 576,Spotify,2025-06-17 15:38:02,1.11
7011,290,670.57,user 290,Apple,2025-06-17 19:31:57,1.48
7012,1838,1109.78,user 1838,Uber,2025-06-17 20:29:08,2.39
7013,303,622.04,user 303,Shell,2025-06-17 21:12:24,1.2
7014,502,74.71,user 502,Apple,2025-06-17 21:49:36,0.17
7015,848,546.97,user 848,Lidl,2025-06-18 00:29:15,0.99
7016,1411,628.08,user 1411,Deutsche Bahn,2025-06-18 00:34:45,1.23
7017,1626,297.0,user 1626,Deutsche Bahn,2025-06-18 04:40:33,0.6
7018,1774,16.65,user 1774,Zara,2025-06-18 05:17:35,0.03
7019,569,368.33,user 569,Amazon,2025-06-18 07:44:45,0.78
7020,265,224.07,user 265,Deutsche Bahn,2025-06-18 12:41:27,0.49
7021,827,1124.62,user 827,Deutsche Bahn,2025-06-18 16:14:05,2.04
7022,1197,104.31,user 1197,Shell,2025-06-18 17:37:29,0.22
7023,1983,1232.47,user 1983,Decathlon,2025-06-18 20:44:37,2.34
7024,793,67.87,user 793,Deutsche Bahn,2025-06-18 21:51:41,0.12
7025,643,355.62,user 643,Shell,2025-06-18 23:50:01,0.61
7026,1408,1065.7,user 1408,Carrefour,2025-06-19 07:59:20,2.2
7027,886,941.5,user 886,Amazon,2025-06-19 13:12:30,1.73
7028,417,947.55,user 417,Shell,2025-06-19 13:35:49,1.69
7029,651,25.21,user 651,Lidl,2025-06-19 15:57:43,0.05
7030,1394,1128.56,user 1394,Apple,2025-06-19 17:05:04,2.27
7031,1997,540.38,user 1997,Shell,2025-06-19 18:02:00,0.94
7032,651,1062.27,user 651,Carrefour,2025-06-19 19:28:11,2.16
7033,1098,1001.59,user 1098,Decathlon,2025-06-19 19:53:12,2.02
7034,1596,335.26,user 1596,Spotify,2025-06-19 20:15:38,0.63
7035,1406,533.61,user 1406,Shell,2025-06-19 21:14:28,1.11
7036,213,64.01,user 213,Apple,2025-06-19 21:21:58,0.14
7037,1757,547.13,user 1757,Lidl,2025-06-19 21:45:27,0.96
7038,606,724.19,user 606,Lidl,2025-06-19 23:43:55,1.45
7039,882,1353.52,user 882,Deutsche Bahn,2025-06-20 00:55:15,2.66
7040,1036,784.68,user 1036,Shell,2025-06-20 01:20:42,1.46
7041,1555,39.18,user 1555,Uber,2025-06-20 03:22:27,0.07
7042,1126,1173.57,user 1126,Carrefour,2025-06-20 04:22:19,2.53
7043,1696,331.75,user 1696,Spotify,2025-06-20 04:30:12,0.71
7044,1336,471.12,user 1336,Decathlon,2025-06-20 04:52:03,1.01
7045,1358,619.45,user 1358,Booking.com,2025-06-20 08:23:16,1.36
7046,460,212.21,user 460,Deutsche Bahn,2025-06-20 08:47:21,0.44
7047,323,582.29,user 323,Amazon,2025-06-20 09:47:53,1.02
7048,1787,1299.67,user 1787,Shell,2025-06-20 15:52:36,2.54
7049,1031,224.0,user 1031,Decathlon,2025-06-20 16:14:35,0.41
7050,1318,82.72,user 1318,Amazon,2025-06-20 16:35:02,0.15
7051,11,201.05,user 11,Shell,2025-06-20 16:54:39,0.37
7052,1891,817.08,user 1891,Apple,2025-06-20 19:26:57,1.87
7053,262,1105.79,user 262,Booking.com,2025-06-20 19:37:08,2.28
7054,1723,688.99,user 1723,Decathlon,2025-06-20 22:02:44,1.37
7055,1733,1091.39,user 1733,Booking.com,2025-06-20 22:22:00,1.96
7056,222,1076.31,user 222,Spotify,2025-06-20 22:59:47,2.22
7057,168,92.87,user 168,Uber,2025-06-21 02:53:14,0.18
7058,1541,222.86,user 1541,Booking.com,2025-06-21 03:37:09,0.51
7059,103,556.87,user 103,Uber,2025-06-21 05:17:53,1.13
7060,1658,1396.39,user 1658,Uber,2025-06-21 06:16:31,2.65
7061,1794,750.58,user 1794,Shell,2025-06-21 09:34:47,1.59
7062,14,753.67,user 14,Carrefour,2025-06-21 09:48:48,1.43
7063,1258,960.66,user 1258,Amazon,2025-06-21 11:52:47,2.19
7064,1466,510.87,user 1466,Decathlon,2025-06-21 11:54:33,1.03
7065,834,582.35,user 834,Amazon,2025-06-21 13:13:36,1.18
7066,1095,509.4,user 1095,Booking.com,2025-06-21 14:17:42,1.14
7067,90,1259.68,user 90,Shell,2025-06-21 16:33:04,2.55
7068,100,489.69,user 100,Zara,2025-06-21 16:45:35,0.95
7069,702,299.02,user 702,IKEA,2025-06-21 17:10:49,0.64
7070,1577,1040.79,user 1577,Zara,2025-06-21 18:08:42,2.19
7071,1555,513.5,user 1555,Amazon,2025-06-22 02:56:16,0.93
7072,1936,236.68,user 1936,Shell,2025-06-22 04:05:10,0.49
7073,1114,42.18,user 1114,Deutsche Bahn,2025-06-22 05:29:40,0.08
7074,428,1151.19,user 428,Amazon,2025-06-22 07:13:58,2.03
7075,1058,165.48,user 1058,Deutsche Bahn,2025-06-22 07:56:43,0.33
7076,258,607.6,user 258,Booking.com,2025-06-22 09:01:48,1.36
7077,1131,783.2,user 1131,Spotify,2025-06-22 13:26:59,1.76
7078,1709,650.45,user 1709,Uber,2025-06-22 17:17:29,1.13
7079,621,901.08,user 621,Carrefour,2025-06-22 23:16:37,2.05
7080,190,44.25,user 190,Spotify,2025-06-23 00:48:36,0.09
7081,973,841.94,user 973,Lidl,2025-06-23 01:04:06,1.88
7082,241,733.39,user 241,Decathlon,2025-06-23 02:45:28,1.46
7083,971,116.67,user 971,Amazon,2025-06-23 03:49:37,0.21
7084,334,790.95,user 334,IKEA,2025-06-23 08:02:46,1.35
7085,61,784.02,user 61,Apple,2025-06-23 08:03:50,1.66
7086,1293,47.15,user 1293,Spotify,2025-06-23 08:21:23,0.08
7087,1077,331.72,user 1077,Carrefour,2025-06-23 08:48:26,0.7
7088,1701,614.91,user 1701,IKEA,2025-06-23 09:09:26,1.21
7089,1353,806.81,user 1353,Shell,2025-06-23 12:19:16,1.73
7090,846,518.58,user 846,Uber,2025-06-23 13:31:25,1.04
7091,647,368.61,user 647,Decathlon,2025-06-23 16:43:05,0.68
7092,1899,985.64,user 1899,Deutsche Bahn,2025-06-23 17:40:57,2.21
7093,21,1063.45,user 21,Lidl,2025-06-23 18:11:30,2.39
7094,472,1058.39,user 472,IKEA,2025-06-23 18:23:19,1.97
7095,196,58.99,user 196,Spotify,2025-06-23 20:07:57,0.12
7096,887,63.09,user 887,Carrefour,2025-06-23 21:16:32,0.12
7097,1219,1051.05,user 1219,Apple,2025-06-23 22:52:00,1.93
7098,575,563.33,user 575,Amazon,2025-06-23 23:28:48,1.02
7099,1101,1361.58,user 1101,Booking.com,2025-06-23 23:35:22,2.63
7100,210,341.25,user 210,IKEA,2025-06-24 01:46:21,0.75
7101,237,225.26,user 237,Uber,2025-06-24 03:48:36,0.41
7102,606,643.05,user 606,Spotify,2025-06-24 05:37:06,1.47
7103,614,775.74,user 614,Amazon,2025-06-24 07:10:38,1.45
7104,518,1293.64,user 518,Amazon,2025-06-24 07:28:05,2.65
7105,917,741.27,user 917,Uber,2025-06-24 09:17:15,1.68
7106,789,1255.72,user 789,Uber,2025-06-24 10:02:02,2.72
7107,383,23.75,user 383,Spotify,2025-06-24 12:22:52,0.05
7108,1887,295.84,user 1887,Deutsche Bahn,2025-06-24 14:02:31,0.61
7109,128,1158.6,user 128,Booking.com,2025-06-24 16:13:34,2.07
7110,242,777.15,user 242,Zara,2025-06-24 17:23:47,1.78
7111,170,1039.1,user 170,Uber,2025-06-24 18:57:47,2.13
7112,1031,1307.82,user 1031,Deutsche Bahn,2025-06-24 19:13:50,2.47
7113,1339,663.01,user 1339,Shell,2025-06-24 19:27:40,1.35
7114,782,144.96,user 782,IKEA,2025-06-24 23:00:24,0.31
7115,916,1382.27,user 916,Carrefour,2025-06-24 23:18:23,2.98
7116,1426,1220.38,user 1426,Uber,2025-06-25 01:36:24,2.11
7117,630,747.57,user 630,Spotify,2025-06-25 02:14:39,1.37
7118,1519,454.24,user 1519,Shell,2025-06-25 02:52:46,0.82
7119,48,586.77,user 48,Uber,2025-06-25 06:30:39,1.04
7120,1454,98.89,user 1454,Lidl,2025-06-25 08:21:18,0.2
7121,1792,331.31,user 1792,Uber,2025-06-25 08:29:38,0.72
7122,1359,1344.36,user 1359,Booking.com,2025-06-25 09:25:57,2.47
7123,1858,316.6,user 1858,Decathlon,2025-06-25 09:27:13,0.67
7124,828,237.52,user 828,Apple,2025-06-25 09:46:25,0.47
7125,1683,816.32,user 1683,IKEA,2025-06-25 10:37:17,1.41
7126,859,577.75,user 859,Uber,2025-06-25 14:32:16,0.98
7127,1543,230.65,user 1543,IKEA,2025-06-25 16:38:42,0.41
7128,81,292.03,user 81,IKEA,2025-06-25 16:49:51,0.63
7129,1150,967.59,user 1150,Spotify,2025-06-25 20:30:28,1.75
7130,676,883.42,user 676,Decathlon,2025-06-25 20:55:43,2.02
7131,1508,163.17,user 1508,IKEA,2025-06-25 22:54:53,0.37
7132,1232,34.63,user 1232,Deutsche Bahn,2025-06-26 01:06:35,0.07
7133,1879,490.92,user 1879,Zara,2025-06-26 02:54:33,1.13
7134,7,1310.1,user 7,Booking.com,2025-06-26 03:44:10,2.86
7135,131,889.74,user 131,Amazon,2025-06-26 09:12:07,1.67
7136,697,430.97,user 697,Uber,2025-06-26 11:00:58,0.98
7137,1658,1235.82,user 1658,Lidl,2025-06-26 13:01:29,2.52
7138,1822,174.17,user 1822,Uber,2025-06-26 13:08:48,0.38
7139,405,242.89,user 405,Uber,2025-06-26 17:02:26,0.49
7140,922,629.25,user 922,Uber,2025-06-26 18:48:24,1.14
7141,1464,861.93,user 1464,Spotify,2025-06-26 23:10:36,1.48
7142,941,954.65,user 941,Lidl,2025-06-26 23:58:58,2.06
7143,636,1035.39,user 636,Deutsche Bahn,2025-06-27 01:58:53,1.9
7144,417,798.98,user 417,Carrefour,2025-06-27 03:21:14,1.65
7145,1739,742.18,user 1739,IKEA,2025-06-27 03:21:31,1.56
7146,558,1239.01,user 558,Shell,2025-06-27 04:37:15,2.17
7147,1604,421.31,user 1604,Booking.com,2025-06-27 04:37:57,0.9
7148,1833,272.77,user 1833,Apple,2025-06-27 04:44:46,0.63
7149,228,1047.74,user 228,Booking.com,2025-06-27 05:51:50,2.06
7150,466,110.51,user 466,Spotify,2025-06-27 06:18:04,0.25
7151,1609,699.9,user 1609,Amazon,2025-06-27 07:48:21,1.4
7152,1226,1304.83,user 1226,IKEA,2025-06-27 10:07:01,2.3
7153,1735,135.16,user 1735,Deutsche Bahn,2025-06-27 10:18:34,0.28
7154,849,1271.88,user 849,Deutsche Bahn,2025-06-27 11:22:20,2.41
7155,1462,1124.34,user 1462,Shell,2025-06-27 13:59:21,2.4
7156,1345,74.58,user 1345,Zara,2025-06-27 15:15:16,0.16
7157,1903,113.9,user 1903,Zara,2025-06-27 15:28:23,0.22
7158,1396,866.63,user 1396,Amazon,2025-06-27 15:35:20,1.85
7159,1359,711.69,user 1359,Carrefour,2025-06-27 16:50:12,1.25
7160,1087,1168.42,user 1087,Decathlon,2025-06-27 17:45:09,2.23
7161,867,296.79,user 867,Spotify,2025-06-27 18:14:05,0.54
7162,1016,48.28,user 1016,Zara,2025-06-27 18:54:59,0.09
7163,760,1389.04,user 760,Carrefour,2025-06-27 19:04:42,2.59
7164,831,548.51,user 831,Zara,2025-06-27 20:42:18,0.96
7165,117,1225.63,user 117,Amazon,2025-06-27 22:44:36,2.24
7166,246,148.19,user 246,Zara,2025-06-28 00:31:08,0.29
7167,783,635.33,user 783,Shell,2025-06-28 00:40:40,1.26
7168,679,1136.09,user 679,Lidl,2025-06-28 04:55:22,2.32
7169,1144,1203.56,user 1144,Booking.com,2025-06-28 04:58:27,2.07
7170,1020,427.25,user 1020,Spotify,2025-06-28 05:54:31,0.91
7171,831,1303.36,user 831,Lidl,2025-06-28 11:59:27,2.78
7172,716,1332.52,user 716,Lidl,2025-06-28 12:22:26,2.7
7173,1639,1391.47,user 1639,Carrefour,2025-06-28 12:44:23,2.8
7174,1485,324.75,user 1485,Uber,2025-06-28 16:28:53,0.61
7175,1331,1082.79,user 1331,Zara,2025-06-28 17:50:06,2.06
7176,803,482.56,user 803,Booking.com,2025-06-28 17:57:30,0.91
7177,1652,464.48,user 1652,Spotify,2025-06-28 20:32:27,0.91
7178,992,1083.91,user 992,Decathlon,2025-06-28 21:09:24,2.16
7179,1390,96.34,user 1390,Decathlon,2025-06-28 22:58:26,0.2
7180,1535,1050.1,user 1535,Lidl,2025-06-29 00:04:11,1.85
7181,785,372.09,user 785,Apple,2025-06-29 04:04:46,0.81
7182,1189,1213.04,user 1189,Apple,2025-06-29 04:59:27,2.29
7183,1950,1093.98,user 1950,Shell,2025-06-29 09:18:23,2.1
7184,418,55.88,user 418,Shell,2025-06-29 09:50:57,0.11
7185,276,358.67,user 276,Deutsche Bahn,2025-06-29 12:12:18,0.8
7186,1993,517.72,user 1993,Amazon,2025-06-29 12:58:14,1.1
7187,1323,767.96,user 1323,Booking.com,2025-06-29 13:19:07,1.65
7188,1575,230.28,user 1575,Deutsche Bahn,2025-06-29 15:15:57,0.51
7189,397,391.18,user 397,IKEA,2025-06-29 18:29:35,0.84
7190,1567,895.67,user 1567,Lidl,2025-06-29 18:41:08,1.72
7191,1201,922.13,user 1201,Apple,2025-06-29 20:05:55,1.58
7192,1237,858.09,user 1237,Zara,2025-06-29 21:51:01,1.95
7193,1904,108.18,user 1904,Zara,2025-06-29 22:27:13,0.19
7194,880,211.98,user 880,Amazon,2025-06-29 23:56:06,0.39
7195,1516,715.22,user 1516,IKEA,2025-06-30 00:15:45,1.57
7196,1111,1094.83,user 1111,Zara,2025-06-30 00:42:20,2.39
7197,1992,459.9,user 1992,IKEA,2025-06-30 02:35:34,1.05
7198,725,226.42,user 725,Decathlon,2025-06-30 06:00:11,0.44
7199,638,301.77,user 638,Decathlon,2025-06-30 06:50:23,0.54
7200,755,487.24,user 755,Zara,2025-06-30 07:47:43,1.02
7201,1262,23.94,user 1262,Carrefour,2025-06-30 08:48:42,0.04
7202,1257,818.9,user 1257,Lidl,2025-06-30 11:17:39,1.45
7203,596,1037.45,user 596,Zara,2025-06-30 12:08:01,2.21
7204,572,500.38,user 572,Amazon,2025-06-30 13:19:26,1.05
7205,1974,680.38,user 1974,Deutsche Bahn,2025-06-30 13:26:08,1.55
7206,1,728.09,user 1,Shell,2025-06-30 15:17:46,1.61
7207,369,298.24,user 369,Lidl,2025-06-30 16:12:45,0.68
7208,89,696.32,user 89,IKEA,2025-06-30 16:37:42,1.19
