user_id,name,email,birth_year,created_at
1,Emma Sorensen,emma.sorensen1@example.com,1966,2023-01-09 11:34:51
2,Nora Ivanov,nora.ivanov2@example.com,1960,2023-01-05 15:15:43
3,Omar Novak,omar.novak3@example.com,1971,2023-01-08 18:38:42
4,Lena Nakamura,lena.nakamura4@example.com,1970,2023-01-18 07:41:55
5,Aya Novak,aya.novak5@example.com,1971,2023-01-09 14:16:32
6,Tomas Costa,tomas.costa6@example.com,1961,2023-01-13 11:19:34
7,Freya Rossi,freya.rossi7@example.com,1972,2023-01-18 07:53:56
8,Lea Silva,lea.silva8@example.com,1960,2023-01-21 20:03:24
9,Emma Costa,emma.costa9@example.com,1960,2023-01-22 06:24:47
10,Nina Ricci,nina.ricci10@example.com,1967,2023-01-12 12:00:59
11,Milan Zhang,milan.zhang11@example.com,1966,2023-01-09 16:46:43
12,Aya Johnson,aya.johnson12@example.com,1982,2023-01-28 10:00:49
13,Noah Sorensen,noah.sorensen13@example.com,1961,2023-01-19 09:18:48
14,Lena Okafor,lena.okafor14@example.com,1992,2023-01-25 13:15:38
15,Ines Toth,ines.toth15@example.com,1969,2023-01-24 20:06:21
16,Aris Berg,aris.berg16@example.com,1982,2023-01-21 14:30:24
17,Tomas Dubois,tomas.dubois17@example.com,1974,2023-01-16 09:17:14
18,Tomas Petrov,tomas.petrov18@example.com,1984,2023-01-14 20:48:01
19,Freya Rossi,freya.rossi19@example.com,1983,2023-01-14 04:53:43
20,Omar Okafor,omar.okafor20@example.com,2002,2023-01-24 05:35:46
21,Ravi Dubois,ravi.dubois21@example.com,1987,2023-01-23 10:56:20
22,Omar Weber,omar.weber22@example.com,1984,2023-01-27 00:44:33
23,Kai Weber,kai.weber23@example.com,1967,2023-01-07 08:20:39
24,Mila Petrov,mila.petrov24@example.com,1994,2023-01-28 13:01:46
25,Hugo Weber,hugo.weber25@example.com,2000,2023-01-15 17:27:20
26,Elijah Zhang,elijah.zhang26@example.com,1968,2023-01-25 20:11:31
27,Ravi Weber,ravi.weber27@example.com,1999,2023-01-13 02:24:33
28,Yuki Nakamura,yuki.nakamura28@example.com,1986,2023-01-19 23:44:04
29,Mila Costa,mila.costa29@example.com,1977,2023-01-10 21:10:37
30,Hugo Silva,hugo.silva30@example.com,2001,2023-01-06 02:10:26
31,Aris Andersen,aris.andersen31@example.com,1970,2023-01-14 14:16:16
32,Zara Zhang,zara.zhang32@example.com,1974,2023-01-23 15:26:22
33,Mila Rossi,mila.rossi33@example.com,1964,2023-01-03 14:31:13
34,Milan Sorensen,milan.sorensen34@example.com,1960,2023-01-02 18:34:10
35,Ravi Rossi,ravi.rossi35@example.com,1995,2023-01-06 23:32:57
36,Yuki Rossi,yuki.rossi36@example.com,1967,2023-01-03 04:08:00
37,Zara Haddad,zara.haddad37@example.com,1982,2023-01-05 00:47:53
38,Noah Larsen,noah.larsen38@example.com,1966,2023-01-21 08:00:13
39,Kai Toth,kai.toth39@example.com,1988,2023-01-16 03:36:42
40,Hugo Yilmaz,hugo.yilmaz40@example.com,1995,2023-01-04 10:12:20
41,Liam Muller,liam.muller41@example.com,1977,2023-01-03 09:46:01
42,Ines Varga,ines.varga42@example.com,2002,2023-01-08 18:42:03
43,Freya Toth,freya.toth43@example.com,1955,2023-01-11 11:24:46
44,Lea Costa,lea.costa44@example.com,1958,2023-01-02 06:31:04
45,Sofia Varga,sofia.varga45@example.com,1982,2023-01-16 18:06:36
46,Lea Ivanov,lea.ivanov46@example.com,1956,2023-01-20 01:54:33
47,Lena Ricci,lena.ricci47@example.com,2000,2023-01-03 05:41:25
48,Freya Johnson,freya.johnson48@example.com,1976,2023-01-17 13:55:10
49,Zara Petrov,zara.petrov49@example.com,1966,2023-01-27 22:10:52
50,Kai Larsen,kai.larsen50@example.com,1990,2023-01-18 08:10:35
51,Tomas Okafor,tomas.okafor51@example.com,1988,2023-01-26 08:34:34
52,Omar Rossi,omar.rossi52@example.com,1967,2023-01-05 02:12:26
53,Noah Novak,noah.novak53@example.com,1973,2023-01-07 07:09:44
54,Yuki Okafor,yuki.okafor54@example.com,1975,2023-02-21 17:07:03
55,Aya Kowalski,aya.kowalski55@example.com,1986,2023-02-25 21:16:07
56,Nina Toth,nina.toth56@example.com,1974,2023-02-13 06:03:21
57,Zara Varga,zara.varga57@example.com,1965,2023-02-02 10:40:20
58,Liam Novak,liam.novak58@example.com,1960,2023-02-18 09:55:07
59,Tomas Kowalski,tomas.kowalski59@example.com,1971,2023-02-02 08:11:15
60,Sofia Ricci,sofia.ricci60@example.com,1976,2023-02-06 00:17:51
61,Kai Zhang,kai.zhang61@example.com,1972,2023-02-20 03:37:07
62,Elijah Larsen,elijah.larsen62@example.com,1990,2023-02-21 11:57:31
63,Zara Larsen,zara.larsen63@example.com,1986,2023-02-17 08:56:39
64,Liam Muller,liam.muller64@example.com,1977,2023-02-25 10:28:11
65,Noah Petrov,noah.petrov65@example.com,1970,2023-02-22 15:17:43
66,Kai Johnson,kai.johnson66@example.com,1993,2023-02-05 22:13:51
67,Luca Kowalski,luca.kowalski67@example.com,1985,2023-02-24 08:40:00
68,Luca Silva,luca.silva68@example.com,1964,2023-02-13 08:37:30
69,Milan Petrov,milan.petrov69@example.com,1963,2023-02-16 15:04:42
70,Hugo Yilmaz,hugo.yilmaz70@example.com,1972,2023-02-04 18:33:16
71,Emma Ricci,emma.ricci71@example.com,1979,2023-02-16 00:46:07
72,Aya Silva,aya.silva72@example.com,1984,2023-02-26 11:19:46
73,Ines Sorensen,ines.sorensen73@example.com,1964,2023-02-21 00:18:10
74,Tomas Moreau,tomas.moreau74@example.com,2000,2023-02-23 22:17:14
75,Tomas Johnson,tomas.johnson75@example.com,1978,2023-02-18 18:54:32
76,Freya Rossi,freya.rossi76@example.com,1967,2023-02-02 12:53:01
77,Omar Okafor,omar.okafor77@example.com,1980,2023-02-20 04:04:47
78,Sana Varga,sana.varga78@example.com,1979,2023-02-20 22:37:05
79,Hugo Okafor,hugo.okafor79@example.com,1973,2023-02-18 22:25:41
80,Sana Haddad,sana.haddad80@example.com,1965,2023-02-28 14:02:21
81,Luca Kowalski,luca.kowalski81@example.com,1984,2023-02-12 00:44:45
82,Emma Larsen,emma.larsen82@example.com,1955,2023-02-13 05:34:33
83,Ines Yilmaz,ines.yilmaz83@example.com,1981,2023-02-01 18:47:16
84,Tomas Nakamura,tomas.nakamura84@example.com,1991,2023-02-19 01:23:48
85,Tomas Yilmaz,tomas.yilmaz85@example.com,1971,2023-02-07 19:49:13
86,Kai Sorensen,kai.sorensen86@example.com,1978,2023-02-06 09:24:19
87,Kai Sorensen,kai.sorensen87@example.com,1977,2023-02-27 03:24:11
88,Noah Varga,noah.varga88@example.com,1985,2023-02-24 22:42:43
89,Nora Zhang,nora.zhang89@example.com,1956,2023-02-18 04:50:38
90,Lena Berg,lena.berg90@example.com,1971,2023-02-16 07:59:38
91,Emma Varga,emma.varga91@example.com,1982,2023-02-19 05:29:41
92,Noah Muller,noah.muller92@example.com,1978,2023-02-09 11:17:24
93,Aya Andersen,aya.andersen93@example.com,1956,2023-02-20 05:18:13
94,Ines Novak,ines.novak94@example.com,1976,2023-02-01 21:47:54
95,Ravi Sorensen,ravi.sorensen95@example.com,1993,2023-02-21 03:47:43
96,Sofia Berg,sofia.berg96@example.com,1993,2023-02-22 13:13:43
97,Sana Varga,sana.varga97@example.com,1960,2023-02-17 01:04:40
98,Hugo Andersen,hugo.andersen98@example.com,1998,2023-02-05 06:53:54
99,Yuki Sorensen,yuki.sorensen99@example.com,1998,2023-02-24 13:44:03
100,Sana Sorensen,sana.sorensen100@example.com,1994,2023-02-07 12:51:53
101,Nina Moreau,nina.moreau101@example.com,1984,2023-02-22 13:24:36
102,Milan Ivanov,milan.ivanov102@example.com,1960,2023-02-28 05:55:17
103,Freya Costa,freya.costa103@example.com,1960,2023-02-21 02:45:29
104,Noah Petrov,noah.petrov104@example.com,1986,2023-02-11 01:54:32
105,Emma Kowalski,emma.kowalski105@example.com,1991,2023-02-01 20:38:02
106,Tomas Okafor,tomas.okafor106@example.com,1996,2023-02-19 20:55:56
107,Luca Dubois,luca.dubois107@example.com,1957,2023-02-06 06:05:00
108,Aris Kowalski,aris.kowalski108@example.com,1979,2023-02-24 08:46:30
109,Emma Rossi,emma.rossi109@example.com,1959,2023-02-09 10:58:42
110,Aris Berg,aris.berg110@example.com,1968,2023-03-20 23:25:52
111,Mila Berg,mila.berg111@example.com,1988,2023-03-10 02:40:30
112,Nina Ivanov,nina.ivanov112@example.com,1987,2023-03-10 14:10:35
113,Noah Muller,noah.muller113@example.com,1971,2023-03-11 06:42:17
114,Mila Berg,mila.berg114@example.com,1964,2023-03-17 05:09:19
115,Ravi Yilmaz,ravi.yilmaz115@example.com,1960,2023-03-16 07:49:45
116,Ines Andersen,ines.andersen116@example.com,1980,2023-03-14 15:36:05
117,Noah Varga,noah.varga117@example.com,1972,2023-03-15 15:01:55
118,Ines Costa,ines.costa118@example.com,1974,2023-03-08 08:02:47
119,Elijah Sorensen,elijah.sorensen119@example.com,1958,2023-03-04 17:15:45
120,Yuki Kowalski,yuki.kowalski120@example.com,1975,2023-03-19 04:21:45
121,Freya Haddad,freya.haddad121@example.com,1980,2023-03-01 15:37:13
122,Zara Dubois,zara.dubois122@example.com,2001,2023-03-18 15:36:10
123,Ines Petrov,ines.petrov123@example.com,1967,2023-03-19 15:10:41
124,Aris Novak,aris.novak124@example.com,1957,2023-03-05 04:00:39
125,Aya Kowalski,aya.kowalski125@example.com,2001,2023-03-05 08:56:51
126,Yuki Zhang,yuki.zhang126@example.com,1955,2023-03-02 16:04:05
127,Milan Zhang,milan.zhang127@example.com,1965,2023-03-04 03:43:20
128,Noah Ivanov,noah.ivanov128@example.com,1974,2023-03-12 02:59:12
129,Freya Varga,freya.varga129@example.com,1993,2023-03-21 22:34:29
130,Nora Dubois,nora.dubois130@example.com,1959,2023-03-05 10:05:21
131,Omar Kowalski,omar.kowalski131@example.com,1979,2023-03-23 16:19:33
132,Sana Yilmaz,sana.yilmaz132@example.com,1993,2023-03-25 08:10:14
133,Emma Weber,emma.weber133@example.com,2002,2023-03-22 22:41:52
134,Aya Moreau,aya.moreau134@example.com,1991,2023-03-27 17:37:26
135,Zara Toth,zara.toth135@example.com,1979,2023-03-12 07:10:05
136,Tomas Costa,tomas.costa136@example.com,1979,2023-03-18 00:52:58
137,Kai Johnson,kai.johnson137@example.com,1979,2023-03-10 10:59:03
138,Sana Petrov,sana.petrov138@example.com,1986,2023-03-24 17:46:16
139,Omar Ricci,omar.ricci139@example.com,1994,2023-03-06 11:21:53
140,Freya Berg,freya.berg140@example.com,1960,2023-03-02 23:20:09
141,Lena Muller,lena.muller141@example.com,1958,2023-03-20 09:25:30
142,Milan Okafor,milan.okafor142@example.com,1987,2023-03-16 18:11:56
143,Milan Ivanov,milan.ivanov143@example.com,1966,2023-03-12 15:16:01
144,Sofia Johnson,sofia.johnson144@example.com,1990,2023-03-07 00:05:04
145,Sofia Kowalski,sofia.kowalski145@example.com,1982,2023-03-21 03:17:19
146,Noah Nakamura,noah.nakamura146@example.com,1982,2023-03-18 16:18:06
147,Freya Sorensen,freya.sorensen147@example.com,1972,2023-03-26 15:02:12
148,Kai Novak,kai.novak148@example.com,1956,2023-03-02 05:24:33
149,Luca Costa,luca.costa149@example.com,1988,2023-03-10 03:31:18
150,Freya Kowalski,freya.kowalski150@example.com,1968,2023-03-24 10:38:43
151,Freya Haddad,freya.haddad151@example.com,1981,2023-03-25 10:09:09
152,Omar Weber,omar.weber152@example.com,1966,2023-03-02 15:11:52
153,Sana Dubois,sana.dubois153@example.com,1985,2023-03-09 15:08:20
154,Tomas Weber,tomas.weber154@example.com,1971,2023-03-04 23:49:52
155,Lena Toth,lena.toth155@example.com,1958,2023-03-27 20:46:32
156,Nina Yilmaz,nina.yilmaz156@example.com,1988,2023-03-20 11:59:05
157,Ines Yilmaz,ines.yilmaz157@example.com,1975,2023-03-11 09:04:10
158,Hugo Rossi,hugo.rossi158@example.com,1999,2023-03-23 01:12:48
159,Luca Haddad,luca.haddad159@example.com,1984,2023-03-16 11:09:58
160,Freya Moreau,freya.moreau160@example.com,1981,2023-03-28 22:04:22
161,Sana Nakamura,sana.nakamura161@example.com,1965,2023-03-27 03:06:28
162,Sofia Petrov,sofia.petrov162@example.com,1986,2023-03-22 23:49:31
163,Sofia Silva,sofia.silva163@example.com,1986,2023-03-03 08:06:25
164,Mila Dubois,mila.dubois164@example.com,1993,2023-03-28 00:49:10
165,Liam Muller,liam.muller165@example.com,1987,2023-03-01 17:56:59
166,Liam Rossi,liam.rossi166@example.com,1966,2023-03-10 18:44:26
167,Milan Petrov,milan.petrov167@example.com,1965,2023-03-25 19:04:03
168,Kai Okafor,kai.okafor168@example.com,2001,2023-04-22 06:25:22
169,Lena Dubois,lena.dubois169@example.com,1989,2023-04-13 21:29:02
170,Ravi Larsen,ravi.larsen170@example.com,1989,2023-04-12 04:46:53
171,Lea Ivanov,lea.ivanov171@example.com,1975,2023-04-22 07:51:31
172,Luca Weber,luca.weber172@example.com,1997,2023-04-18 21:33:15
173,Milan Petrov,milan.petrov173@example.com,2000,2023-04-23 13:32:55
174,Aris Larsen,aris.larsen174@example.com,1996,2023-04-05 17:43:59
175,Sofia Moreau,sofia.moreau175@example.com,1975,2023-04-08 00:51:41
176,Sofia Petrov,sofia.petrov176@example.com,1997,2023-04-21 22:17:46
177,Lea Kowalski,lea.kowalski177@example.com,1992,2023-04-25 13:08:21
178,Lea Novak,lea.novak178@example.com,1969,2023-04-04 21:44:13
179,Hugo Andersen,hugo.andersen179@example.com,1983,2023-04-03 10:23:41
180,Ravi Nakamura,ravi.nakamura180@example.com,1984,2023-04-24 13:10:58
181,Lena Yilmaz,lena.yilmaz181@example.com,1994,2023-04-28 11:22:35
182,Ines Toth,ines.toth182@example.com,1981,2023-04-20 05:37:12
183,Noah Yilmaz,noah.yilmaz183@example.com,1989,2023-04-18 08:24:48
184,Lena Larsen,lena.larsen184@example.com,1985,2023-04-06 21:29:26
185,Aris Petrov,aris.petrov185@example.com,1955,2023-04-07 01:24:43
186,Lea Novak,lea.novak186@example.com,1991,2023-04-16 15:09:47
187,Mila Costa,mila.costa187@example.com,1990,2023-04-17 12:08:05
188,Yuki Berg,yuki.berg188@example.com,1977,2023-04-10 10:43:31
189,Yuki Nakamura,yuki.nakamura189@example.com,1998,2023-04-06 20:32:41
190,Milan Andersen,milan.andersen190@example.com,1990,2023-04-05 01:31:13
191,Aris Dubois,aris.dubois191@example.com,1982,2023-04-21 21:42:52
192,Elijah Moreau,elijah.moreau192@example.com,1988,2023-04-20 20:05:38
193,Aya Weber,aya.weber193@example.com,1971,2023-04-02 12:16:58
194,Zara Zhang,zara.zhang194@example.com,1986,2023-04-23 12:32:33
195,Liam Varga,liam.varga195@example.com,1974,2023-04-07 14:45:46
196,Freya Novak,freya.novak196@example.com,1988,2023-04-19 11:02:53
197,Elijah Yilmaz,elijah.yilmaz197@example.com,1979,2023-04-02 23:26:29
198,Milan Rossi,milan.rossi198@example.com,1991,2023-04-07 17:36:46
199,Milan Sorensen,milan.sorensen199@example.com,1995,2023-04-02 11:28:36
200,Mila Sorensen,mila.sorensen200@example.com,1968,2023-04-24 04:53:05
201,Zara Zhang,zara.zhang201@example.com,1996,2023-04-08 02:42:02
202,Ravi Zhang,ravi.zhang202@example.com,1974,2023-04-11 01:13:20
203,Hugo Moreau,hugo.moreau203@example.com,1979,2023-04-22 03:12:06
204,Luca Nakamura,luca.nakamura204@example.com,2000,2023-04-28 04:37:40
205,Zara Silva,zara.silva205@example.com,1958,2023-04-14 20:20:44
206,Luca Costa,luca.costa206@example.com,1964,2023-04-21 23:52:28
207,Freya Rossi,freya.rossi207@example.com,1999,2023-04-11 02:38:44
208,Luca Ricci,luca.ricci208@example.com,2001,2023-04-28 17:42:49
209,Aya Ricci,aya.ricci209@example.com,1967,2023-04-04 12:44:47
210,Ravi Nakamura,ravi.nakamura210@example.com,1967,2023-04-16 07:44:06
211,Lena Petrov,lena.petrov211@example.com,1987,2023-04-22 17:52:54
212,Omar Haddad,omar.haddad212@example.com,1984,2023-04-21 06:25:55
213,Freya Weber,freya.weber213@example.com,2002,2023-04-19 00:54:36
214,Milan Okafor,milan.okafor214@example.com,1981,2023-04-04 13:12:25
215,Ravi Berg,ravi.berg215@example.com,1974,2023-04-09 11:41:07
216,Omar Dubois,omar.dubois216@example.com,1986,2023-04-06 12:56:00
217,Milan Muller,milan.muller217@example.com,1980,2023-04-24 13:16:33
218,Aya Muller,aya.muller218@example.com,1961,2023-04-12 07:59:13
219,Emma Haddad,emma.haddad219@example.com,1955,2023-04-18 18:52:28
220,Emma Johnson,emma.johnson220@example.com,1997,2023-04-06 20:52:09
221,Kai Berg,kai.berg221@example.com,1987,2023-04-08 09:11:14
222,Tomas Dubois,tomas.dubois222@example.com,1987,2023-04-28 00:47:20
223,Mila Okafor,mila.okafor223@example.com,1974,2023-04-26 10:33:39
224,Sofia Yilmaz,sofia.yilmaz224@example.com,1974,2023-04-01 21:23:27
225,Kai Costa,kai.costa225@example.com,1993,2023-04-16 09:11:07
226,Yuki Yilmaz,yuki.yilmaz226@example.com,1978,2023-04-12 07:35:17
227,Liam Costa,liam.costa227@example.com,1987,2023-04-07 09:49:45
228,Noah Haddad,noah.haddad228@example.com,1981,2023-04-25 07:48:56
229,Elijah Andersen,elijah.andersen229@example.com,1992,2023-05-01 00:26:39
230,Sofia Yilmaz,sofia.yilmaz230@example.com,1967,2023-05-09 13:21:25
231,Liam Yilmaz,liam.yilmaz231@example.com,1990,2023-05-20 18:59:49
232,Sofia Dubois,sofia.dubois232@example.com,1989,2023-05-01 16:39:32
233,Noah Costa,noah.costa233@example.com,1987,2023-05-23 23:39:02
234,Mila Nakamura,mila.nakamura234@example.com,1999,2023-05-05 13:42:41
235,Sana Kowalski,sana.kowalski235@example.com,1996,2023-05-25 07:41:30
236,Zara Silva,zara.silva236@example.com,1976,2023-05-08 14:59:05
237,Ravi Moreau,ravi.moreau237@example.com,1995,2023-05-04 04:07:01
238,Sana Johnson,sana.johnson238@example.com,1993,2023-05-16 17:20:43
239,Liam Larsen,liam.larsen239@example.com,1976,2023-05-16 03:20:24
240,Mila Zhang,mila.zhang240@example.com,1984,2023-05-27 22:24:38
241,Ravi Muller,ravi.muller241@example.com,1985,2023-05-13 03:39:59
242,Luca Weber,luca.weber242@example.com,1964,2023-05-23 13:58:57
243,Kai Petrov,kai.petrov243@example.com,1964,2023-05-03 05:50:29
244,Liam Johnson,liam.johnson244@example.com,1989,2023-05-01 17:01:23
245,Lea Nakamura,lea.nakamura245@example.com,1986,2023-05-18 07:43:22
246,Aya Sorensen,aya.sorensen246@example.com,1998,2023-05-03 01:35:05
247,Lea Rossi,lea.rossi247@example.com,1959,2023-05-09 15:40:58
248,Ravi Andersen,ravi.andersen248@example.com,1975,2023-05-26 14:31:00
249,Liam Muller,liam.muller249@example.com,1955,2023-05-23 18:50:53
250,Hugo Berg,hugo.berg250@example.com,1962,2023-05-01 23:46:03
251,Lea Novak,lea.novak251@example.com,1956,2023-05-14 05:27:15
252,Noah Petrov,noah.petrov252@example.com,1966,2023-05-15 02:14:56
253,Milan Weber,milan.weber253@example.com,1978,2023-05-10 20:31:02
254,Ravi Larsen,ravi.larsen254@example.com,1998,2023-05-04 13:16:21
255,Kai Nakamura,kai.nakamura255@example.com,1960,2023-05-13 05:47:14
256,Nora Okafor,nora.okafor256@example.com,1987,2023-05-20 13:34:35
257,Zara Rossi,zara.rossi257@example.com,1955,2023-05-17 15:12:23
258,Elijah Berg,elijah.berg258@example.com,2000,2023-05-19 13:09:46
259,Lea Berg,lea.berg259@example.com,1996,2023-05-25 09:33:37
260,Omar Ricci,omar.ricci260@example.com,1955,2023-05-26 00:53:39
261,Liam Novak,liam.novak261@example.com,1983,2023-05-22 16:37:05
262,Milan Nakamura,milan.nakamura262@example.com,1988,2023-05-26 08:19:48
263,Hugo Petrov,hugo.petrov263@example.com,1988,2023-05-07 06:52:40
264,Ravi Berg,ravi.berg264@example.com,1980,2023-05-02 05:40:07
265,Liam Silva,liam.silva265@example.com,1969,2023-05-10 15:32:07
266,Nina Berg,nina.berg266@example.com,2000,2023-05-12 11:33:06
267,Sofia Costa,sofia.costa267@example.com,1959,2023-05-20 07:14:17
268,Yuki Nakamura,yuki.nakamura268@example.com,1994,2023-05-15 10:24:59
269,Ines Weber,ines.weber269@example.com,1996,2023-05-02 13:39:16
270,Sofia Nakamura,sofia.nakamura270@example.com,1966,2023-05-20 06:52:41
271,Lena Yilmaz,lena.yilmaz271@example.com,1987,2023-05-12 08:11:40
272,Aris Kowalski,aris.kowalski272@example.com,1995,2023-05-16 18:47:39
273,Elijah Andersen,elijah.andersen273@example.com,1972,2023-05-15 16:18:05
274,Tomas Weber,tomas.weber274@example.com,1986,2023-05-24 20:34:28
275,Ravi Moreau,ravi.moreau275@example.com,1964,2023-05-25 10:36:02
276,Ravi Rossi,ravi.rossi276@example.com,1967,2023-05-13 16:34:26
277,Yuki Berg,yuki.berg277@example.com,1996,2023-05-18 13:53:22
278,Yuki Ricci,yuki.ricci278@example.com,1976,2023-05-11 16:14:32
279,Nora Ricci,nora.ricci279@example.com,1978,2023-05-20 15:05:32
280,Emma Kowalski,emma.kowalski280@example.com,2002,2023-05-22 13:33:26
281,Luca Zhang,luca.zhang281@example.com,1994,2023-05-17 18:16:51
282,Hugo Larsen,hugo.larsen282@example.com,1960,2023-05-18 11:04:06
283,Lena Weber,lena.weber283@example.com,1981,2023-05-27 23:43:14
284,Luca Silva,luca.silva284@example.com,1986,2023-05-28 21:13:19
285,Kai Sorensen,kai.sorensen285@example.com,1973,2023-05-04 09:25:40
286,Milan Zhang,milan.zhang286@example.com,1959,2023-05-17 06:28:13
287,Mila Muller,mila.muller287@example.com,1979,2023-05-17 03:48:41
288,Sofia Haddad,sofia.haddad288@example.com,1990,2023-05-03 17:43:35
289,Aya Larsen,aya.larsen289@example.com,1965,2023-05-09 02:24:32
290,Aris Moreau,aris.moreau290@example.com,1986,2023-05-16 19:28:24
291,Sofia Costa,sofia.costa291@example.com,1979,2023-05-09 18:04:53
292,Zara Novak,zara.novak292@example.com,1970,2023-06-09 04:51:26
293,Luca Haddad,luca.haddad293@example.com,1999,2023-06-02 17:45:07
294,Freya Yilmaz,freya.yilmaz294@example.com,1998,2023-06-28 20:52:32
295,Tomas Berg,tomas.berg295@example.com,1976,2023-06-11 18:30:55
296,Aya Yilmaz,aya.yilmaz296@example.com,1972,2023-06-20 03:24:13
297,Lena Yilmaz,lena.yilmaz297@example.com,1964,2023-06-26 00:55:16
298,Hugo Nakamura,hugo.nakamura298@example.com,1981,2023-06-01 14:27:28
299,Lena Rossi,lena.rossi299@example.com,2002,2023-06-04 02:17:18
300,Noah Berg,noah.berg300@example.com,1980,2023-06-05 00:46:49
301,Nina Haddad,nina.haddad301@example.com,1960,2023-06-03 00:37:07
302,Aris Moreau,aris.moreau302@example.com,1992,2023-06-05 00:17:08
303,Ravi Yilmaz,ravi.yilmaz303@example.com,1960,2023-06-18 05:15:35
304,Kai Silva,kai.silva304@example.com,1997,2023-06-10 15:00:18
305,Nora Sorensen,nora.sorensen305@example.com,1968,2023-06-19 07:54:08
306,Sofia Moreau,sofia.moreau306@example.com,1998,2023-06-04 00:09:55
307,Mila Weber,mila.weber307@example.com,2002,2023-06-10 07:06:51
308,Sofia Larsen,sofia.larsen308@example.com,1987,2023-06-18 20:28:34
309,Milan Weber,milan.weber309@example.com,1997,2023-06-06 18:32:19
310,Lena Nakamura,lena.nakamura310@example.com,1956,2023-06-14 22:22:34
311,Noah Rossi,noah.rossi311@example.com,1956,2023-06-16 16:59:41
312,Nora Novak,nora.novak312@example.com,1958,2023-06-20 19:31:36
313,Kai Zhang,kai.zhang313@example.com,1980,2023-06-23 23:10:01
314,Emma Moreau,emma.moreau314@example.com,1963,2023-06-06 17:45:25
315,Omar Costa,omar.costa315@example.com,1985,2023-06-04 09:21:45
316,Mila Ivanov,mila.ivanov316@example.com,1987,2023-06-28 01:29:41
317,Lea Silva,lea.silva317@example.com,1971,2023-06-09 13:11:21
318,Ravi Haddad,ravi.haddad318@example.com,1978,2023-06-20 08:24:32
319,Sofia Moreau,sofia.moreau319@example.com,2000,2023-06-08 14:24:38
320,Zara Costa,zara.costa320@example.com,2000,2023-06-23 09:55:48
321,Nora Haddad,nora.haddad321@example.com,1987,2023-06-24 17:06:58
322,Tomas Larsen,tomas.larsen322@example.com,1983,2023-06-15 12:52:53
323,Noah Sorensen,noah.sorensen323@example.com,1980,2023-06-18 20:21:44
324,Lena Varga,lena.varga324@example.com,1974,2023-06-18 20:14:31
325,Noah Rossi,noah.rossi325@example.com,1965,2023-06-16 19:32:38
326,Noah Ivanov,noah.ivanov326@example.com,2001,2023-06-03 00:26:14
327,Tomas Moreau,tomas.moreau327@example.com,1984,2023-06-19 19:43:31
328,Nora Ivanov,nora.ivanov328@example.com,1957,2023-06-25 07:25:39
329,Zara Johnson,zara.johnson329@example.com,1962,2023-06-24 07:08:59
330,Sana Johnson,sana.johnson330@example.com,1964,2023-06-18 21:16:25
331,Zara Weber,zara.weber331@example.com,1978,2023-06-08 12:07:57
332,Liam Johnson,liam.johnson332@example.com,1989,2023-06-07 22:38:16
333,Lena Ivanov,lena.ivanov333@example.com,1983,2023-06-08 12:47:56
334,Hugo Weber,hugo.weber334@example.com,1983,2023-06-16 23:35:57
335,Nina Okafor,nina.okafor335@example.com,1979,2023-06-20 18:38:48
336,Luca Novak,luca.novak336@example.com,1999,2023-06-11 16:57:26
337,Tomas Muller,tomas.muller337@example.com,1988,2023-06-07 13:54:29
338,Mila Andersen,mila.andersen338@example.com,1965,2023-06-08 16:59:41
339,Lea Larsen,lea.larsen339@example.com,1956,2023-06-20 11:01:10
340,Nora Petrov,nora.petrov340@example.com,1970,2023-06-08 00:54:35
341,Sofia Haddad,sofia.haddad341@example.com,2002,2023-06-19 04:13:37
342,Yuki Rossi,yuki.rossi342@example.com,1980,2023-06-04 05:53:04
343,Emma Okafor,emma.okafor343@example.com,1985,2023-06-11 19:58:25
344,Omar Ricci,omar.ricci344@example.com,1993,2023-06-22 05:17:42
345,Aris Yilmaz,aris.yilmaz345@example.com,1990,2023-06-26 09:51:42
346,Elijah Weber,elijah.weber346@example.com,1996,2023-06-03 10:53:07
347,Mila Novak,mila.novak347@example.com,1968,2023-06-18 17:28:58
348,Sofia Zhang,sofia.zhang348@example.com,1999,2023-06-15 14:05:40
349,Milan Haddad,milan.haddad349@example.com,1977,2023-06-26 08:42:40
350,Sofia Zhang,sofia.zhang350@example.com,1965,2023-06-04 01:39:55
351,Ines Ivanov,ines.ivanov351@example.com,1955,2023-06-23 22:39:46
352,Kai Varga,kai.varga352@example.com,1997,2023-06-11 08:21:40
353,Nina Andersen,nina.andersen353@example.com,1998,2023-06-05 21:51:25
354,Aya Dubois,aya.dubois354@example.com,1997,2023-06-03 08:25:38
355,Yuki Sorensen,yuki.sorensen355@example.com,1956,2023-06-14 14:36:30
356,Zara Toth,zara.toth356@example.com,1956,2023-06-03 19:54:27
357,Nora Nakamura,nora.nakamura357@example.com,1999,2023-06-02 05:35:28
358,Emma Berg,emma.berg358@example.com,1963,2023-07-21 02:36:53
359,Ines Johnson,ines.johnson359@example.com,1980,2023-07-10 10:45:14
360,Noah Kowalski,noah.kowalski360@example.com,1970,2023-07-02 06:03:13
361,Sana Okafor,sana.okafor361@example.com,1978,2023-07-25 16:52:58
362,Elijah Ricci,elijah.ricci362@example.com,1977,2023-07-16 01:34:19
363,Ravi Petrov,ravi.petrov363@example.com,1974,2023-07-26 04:29:49
364,Yuki Yilmaz,yuki.yilmaz364@example.com,1974,2023-07-25 03:36:27
365,Lena Silva,lena.silva365@example.com,1986,2023-07-13 06:10:03
366,Omar Toth,omar.toth366@example.com,1999,2023-07-17 10:24:00
367,Sofia Costa,sofia.costa367@example.com,1957,2023-07-24 16:05:31
368,Lea Weber,lea.weber368@example.com,1977,2023-07-11 10:53:03
369,Zara Ivanov,zara.ivanov369@example.com,1980,2023-07-19 10:45:24
370,Lea Kowalski,lea.kowalski370@example.com,1969,2023-07-16 05:23:29
371,Zara Larsen,zara.larsen371@example.com,1981,2023-07-20 02:57:29
372,Yuki Silva,yuki.silva372@example.com,1957,2023-07-26 15:26:17
373,Tomas Haddad,tomas.haddad373@example.com,1987,2023-07-17 01:51:42
374,Omar Moreau,omar.moreau374@example.com,1986,2023-07-10 04:57:46
375,Milan Kowalski,milan.kowalski375@example.com,1986,2023-07-22 02:47:14
376,Nora Weber,nora.weber376@example.com,1989,2023-07-21 11:20:31
377,Sana Novak,sana.novak377@example.com,1994,2023-07-01 16:35:02
378,Aya Johnson,aya.johnson378@example.com,1975,2023-07-24 07:48:14
379,Liam Zhang,liam.zhang379@example.com,1963,2023-07-16 09:50:57
380,Nina Ivanov,nina.ivanov380@example.com,1990,2023-07-19 09:13:06
381,Elijah Petrov,elijah.petrov381@example.com,1998,2023-07-14 07:23:29
382,Yuki Silva,yuki.silva382@example.com,1970,2023-07-13 11:19:28
383,Aris Okafor,aris.okafor383@example.com,1967,2023-07-24 02:11:09
384,Zara Sorensen,zara.sorensen384@example.com,1957,2023-07-08 06:38:52
385,Liam Weber,liam.weber385@example.com,1977,2023-07-17 14:06:35
386,Aris Zhang,aris.zhang386@example.com,1989,2023-07-12 20:59:29
387,Sana Larsen,sana.larsen387@example.com,1988,2023-07-27 15:26:11
388,Hugo Costa,hugo.costa388@example.com,1990,2023-07-09 00:27:24
389,Luca Novak,luca.novak389@example.com,1966,2023-07-26 05:23:24
390,Nina Silva,nina.silva390@example.com,1980,2023-07-13 09:20:14
391,Ines Ricci,ines.ricci391@example.com,1971,2023-07-26 03:59:20
392,Hugo Muller,hugo.muller392@example.com,2000,2023-07-08 11:06:33
393,Liam Sorensen,liam.sorensen393@example.com,1982,2023-07-26 18:36:38
394,Noah Muller,noah.muller394@example.com,1965,2023-07-19 04:05:32
395,Mila Silva,mila.silva395@example.com,1963,2023-07-07 09:29:52
396,Omar Rossi,omar.rossi396@example.com,1955,2023-07-06 08:45:20
397,Zara Johnson,zara.johnson397@example.com,1997,2023-07-05 05:09:11
398,Aris Kowalski,aris.kowalski398@example.com,1985,2023-07-16 19:40:34
399,Omar Ricci,omar.ricci399@example.com,1985,2023-07-21 02:25:05
400,Milan Varga,milan.varga400@example.com,1981,2023-07-06 06:44:09
401,Noah Varga,noah.varga401@example.com,1976,2023-07-20 05:09:32
402,Nina Yilmaz,nina.yilmaz402@example.com,1973,2023-07-14 07:52:47
403,Emma Haddad,emma.haddad403@example.com,1997,2023-07-18 14:28:58
404,Aya Muller,aya.muller404@example.com,1973,2023-07-06 04:44:27
405,Yuki Yilmaz,yuki.yilmaz405@example.com,1957,2023-07-06 05:06:36
406,Emma Muller,emma.muller406@example.com,1966,2023-07-15 09:31:30
407,Omar Haddad,omar.haddad407@example.com,1993,2023-07-18 06:06:04
408,Emma Costa,emma.costa408@example.com,1986,2023-07-01 08:29:36
409,Ravi Novak,ravi.novak409@example.com,1957,2023-07-26 16:30:10
410,Freya Costa,freya.costa410@example.com,1985,2023-07-08 21:09:18
411,Luca Varga,luca.varga411@example.com,1960,2023-07-09 20:09:21
412,Sofia Nakamura,sofia.nakamura412@example.com,1999,2023-07-05 13:03:19
413,Lena Silva,lena.silva413@example.com,1964,2023-07-24 11:09:08
414,Kai Muller,kai.muller414@example.com,1966,2023-07-28 21:54:29
415,Liam Kowalski,liam.kowalski415@example.com,1976,2023-07-27 07:03:43
416,Elijah Larsen,elijah.larsen416@example.com,1960,2023-07-25 10:53:57
417,Nina Silva,nina.silva417@example.com,1986,2023-07-01 16:52:08
418,Omar Varga,omar.varga418@example.com,1987,2023-07-21 03:01:39
419,Sofia Zhang,sofia.zhang419@example.com,1967,2023-07-20 05:07:22
420,Kai Toth,kai.toth420@example.com,1992,2023-07-25 18:08:10
421,Nina Zhang,nina.zhang421@example.com,2000,2023-07-26 07:02:43
422,Tomas Muller,tomas.muller422@example.com,1991,2023-07-12 05:42:44
423,Emma Petrov,emma.petrov423@example.com,1955,2023-07-02 13:14:59
424,Milan Varga,milan.varga424@example.com,1976,2023-07-22 18:24:52
425,Hugo Haddad,hugo.haddad425@example.com,1981,2023-07-04 12:52:29
426,Elijah Zhang,elijah.zhang426@example.com,1984,2023-07-19 21:26:38
427,Mila Larsen,mila.larsen427@example.com,1958,2023-08-20 04:08:04
428,Hugo Rossi,hugo.rossi428@example.com,2000,2023-08-21 14:11:10
429,Sofia Kowalski,sofia.kowalski429@example.com,1963,2023-08-11 17:17:33
430,Nora Okafor,nora.okafor430@example.com,1998,2023-08-11 14:46:37
431,Milan Costa,milan.costa431@example.com,1994,2023-08-24 15:34:26
432,Sana Johnson,sana.johnson432@example.com,1990,2023-08-18 03:46:16
433,Lena Haddad,lena.haddad433@example.com,1983,2023-08-10 19:02:15
434,Ines Petrov,ines.petrov434@example.com,1998,2023-08-09 05:34:49
435,Emma Silva,emma.silva435@example.com,1960,2023-08-23 00:35:35
436,Elijah Andersen,elijah.andersen436@example.com,1958,2023-08-27 10:51:26
437,Mila Silva,mila.silva437@example.com,2002,2023-08-19 07:28:46
438,Luca Larsen,luca.larsen438@example.com,1972,2023-08-22 18:46:31
439,Milan Silva,milan.silva439@example.com,1981,2023-08-02 18:15:20
440,Elijah Ivanov,elijah.ivanov440@example.com,1975,2023-08-25 20:38:03
441,Liam Haddad,liam.haddad441@example.com,1996,2023-08-20 03:44:41
442,Nora Muller,nora.muller442@example.com,1983,2023-08-03 17:59:48
443,Aya Okafor,aya.okafor443@example.com,1974,2023-08-19 13:51:39
444,Omar Berg,omar.berg444@example.com,1961,2023-08-19 16:19:14
445,Lena Novak,lena.novak445@example.com,1997,2023-08-26 23:12:07
446,Ines Sorensen,ines.sorensen446@example.com,1987,2023-08-28 20:20:33
447,Tomas Moreau,tomas.moreau447@example.com,1969,2023-08-05 00:08:31
448,Hugo Zhang,hugo.zhang448@example.com,1968,2023-08-28 10:16:08
449,Milan Okafor,milan.okafor449@example.com,1974,2023-08-16 22:28:42
450,Aya Okafor,aya.okafor450@example.com,1966,2023-08-06 22:31:00
451,Omar Petrov,omar.petrov451@example.com,2001,2023-08-06 20:12:07
452,Freya Varga,freya.varga452@example.com,1955,2023-08-25 08:45:32
453,Omar Novak,omar.novak453@example.com,2000,2023-08-21 04:13:33
454,Mila Moreau,mila.moreau454@example.com,1956,2023-08-10 19:10:01
455,Hugo Berg,hugo.berg455@example.com,1984,2023-08-15 17:05:34
456,Nora Haddad,nora.haddad456@example.com,1969,2023-08-23 21:45:02
457,Emma Okafor,emma.okafor457@example.com,1960,2023-08-12 21:56:03
458,Tomas Kowalski,tomas.kowalski458@example.com,1977,2023-08-24 17:48:47
459,Aris Sorensen,aris.sorensen459@example.com,1957,2023-08-12 07:45:55
460,Elijah Sorensen,elijah.sorensen460@example.com,1962,2023-08-01 01:18:09
461,Ines Weber,ines.weber461@example.com,1979,2023-08-26 22:44:59
462,Emma Andersen,emma.andersen462@example.com,1984,2023-08-13 01:25:18
463,Aya Johnson,aya.johnson463@example.com,1966,2023-08-11 04:10:14
464,Lea Petrov,lea.petrov464@example.com,1993,2023-08-20 05:35:06
465,Omar Weber,omar.weber465@example.com,1955,2023-08-19 10:26:12
466,Tomas Rossi,tomas.rossi466@example.com,1984,2023-08-22 17:18:48
467,Noah Moreau,noah.moreau467@example.com,1988,2023-08-27 14:46:45
468,Yuki Sorensen,yuki.sorensen468@example.com,1992,2023-08-12 04:22:42
469,Aya Weber,aya.weber469@example.com,1995,2023-08-17 15:59:05
470,Sana Costa,sana.costa470@example.com,1991,2023-08-06 15:12:10
471,Liam Dubois,liam.dubois471@example.com,1987,2023-08-13 14:41:59
472,Milan Ivanov,milan.ivanov472@example.com,1983,2023-08-05 10:15:43
473,Elijah Andersen,elijah.andersen473@example.com,1999,2023-08-20 23:41:56
474,Milan Rossi,milan.rossi474@example.com,1963,2023-08-03 13:06:22
475,Lea Petrov,lea.petrov475@example.com,1994,2023-08-03 14:16:05
476,Ravi Varga,ravi.varga476@example.com,1973,2023-08-15 16:50:27
477,Tomas Dubois,tomas.dubois477@example.com,1994,2023-08-22 09:05:45
478,Tomas Costa,tomas.costa478@example.com,1998,2023-08-11 08:17:31
479,Hugo Yilmaz,hugo.yilmaz479@example.com,2002,2023-08-05 12:58:14
480,Freya Yilmaz,freya.yilmaz480@example.com,1985,2023-08-09 08:55:33
481,Tomas Petrov,tomas.petrov481@example.com,1998,2023-08-19 22:53:18
482,Hugo Andersen,hugo.andersen482@example.com,1958,2023-08-07 10:25:09
483,Kai Dubois,kai.dubois483@example.com,1969,2023-08-11 10:51:23
484,Lea Okafor,lea.okafor484@example.com,1960,2023-08-21 17:00:02
485,Sofia Larsen,sofia.larsen485@example.com,1969,2023-08-12 06:38:12
486,Sofia Zhang,sofia.zhang486@example.com,1966,2023-08-24 01:12:41
487,Lena Sorensen,lena.sorensen487@example.com,1962,2023-08-04 19:39:13
488,Tomas Sorensen,tomas.sorensen488@example.com,1973,2023-08-17 15:24:49
489,Noah Novak,noah.novak489@example.com,1989,2023-08-27 15:23:49
490,Ines Kowalski,ines.kowalski490@example.com,1963,2023-08-09 17:48:37
491,Tomas Ivanov,tomas.ivanov491@example.com,1982,2023-08-01 00:11:57
492,Aya Johnson,aya.johnson492@example.com,1983,2023-08-10 09:35:24
493,Sofia Muller,sofia.muller493@example.com,1966,2023-08-28 02:47:45
494,Ines Silva,ines.silva494@example.com,1970,2023-08-15 19:54:04
495,Ravi Kowalski,ravi.kowalski495@example.com,1985,2023-08-15 03:46:07
496,Tomas Rossi,tomas.rossi496@example.com,1981,2023-08-02 08:58:05
497,Hugo Johnson,hugo.johnson497@example.com,1999,2023-08-01 02:29:08
498,Zara Weber,zara.weber498@example.com,1962,2023-09-11 15:43:57
499,Elijah Dubois,elijah.dubois499@example.com,1997,2023-09-23 19:20:29
500,Tomas Berg,tomas.berg500@example.com,1988,2023-09-06 17:55:24
501,Tomas Varga,tomas.varga501@example.com,1989,2023-09-24 23:38:13
502,Kai Rossi,kai.rossi502@example.com,1980,2023-09-21 23:50:39
503,Yuki Rossi,yuki.rossi503@example.com,1986,2023-09-20 02:43:26
504,Sana Weber,sana.weber504@example.com,2002,2023-09-23 02:49:40
505,Tomas Novak,tomas.novak505@example.com,2000,2023-09-23 16:01:35
506,Yuki Dubois,yuki.dubois506@example.com,1991,2023-09-24 02:14:11
507,Liam Sorensen,liam.sorensen507@example.com,1994,2023-09-01 23:24:44
508,Mila Yilmaz,mila.yilmaz508@example.com,1958,2023-09-20 04:26:18
509,Kai Larsen,kai.larsen509@example.com,1979,2023-09-21 21:08:56
510,Nina Costa,nina.costa510@example.com,1997,2023-09-09 06:05:34
511,Liam Larsen,liam.larsen511@example.com,1990,2023-09-08 20:18:19
512,Zara Johnson,zara.johnson512@example.com,1978,2023-09-01 13:23:09
513,Sana Okafor,sana.okafor513@example.com,1975,2023-09-05 08:03:22
514,Ines Kowalski,ines.kowalski514@example.com,1992,2023-09-11 06:31:55
515,Luca Johnson,luca.johnson515@example.com,1959,2023-09-06 11:41:10
516,Sana Costa,sana.costa516@example.com,1965,2023-09-06 00:32:47
517,Luca Andersen,luca.andersen517@example.com,1977,2023-09-21 11:19:51
518,Tomas Toth,tomas.toth518@example.com,1961,2023-09-01 09:19:04
519,Elijah Novak,elijah.novak519@example.com,1970,2023-09-12 00:32:40
520,Ines Dubois,ines.dubois520@example.com,1983,2023-09-08 14:39:02
521,Mila Zhang,mila.zhang521@example.com,1958,2023-09-21 06:28:25
522,Mila Varga,mila.varga522@example.com,1983,2023-09-23 10:53:38
523,Aya Moreau,aya.moreau523@example.com,1958,2023-09-20 07:33:36
524,Ines Toth,ines.toth524@example.com,1985,2023-09-25 16:30:09
525,Sofia Ivanov,sofia.ivanov525@example.com,1985,2023-09-15 20:26:15
526,Hugo Novak,hugo.novak526@example.com,1962,2023-09-22 22:15:32
527,Kai Okafor,kai.okafor527@example.com,1958,2023-09-03 15:24:03
528,Sana Kowalski,sana.kowalski528@example.com,1995,2023-09-11 16:55:48
529,Noah Nakamura,noah.nakamura529@example.com,1997,2023-09-21 09:51:55
530,Emma Silva,emma.silva530@example.com,1983,2023-09-28 14:11:23
531,Zara Nakamura,zara.nakamura531@example.com,1976,2023-09-14 12:40:25
532,Liam Okafor,liam.okafor532@example.com,1990,2023-09-15 19:05:09
533,Emma Novak,emma.novak533@example.com,1970,2023-09-15 07:37:03
534,Sofia Larsen,sofia.larsen534@example.com,1979,2023-09-27 00:24:55
535,Tomas Haddad,tomas.haddad535@example.com,1956,2023-09-20 10:06:22
536,Ines Moreau,ines.moreau536@example.com,1973,2023-09-02 06:49:37
537,Sofia Muller,sofia.muller537@example.com,1984,2023-09-03 17:26:43
538,Kai Nakamura,kai.nakamura538@example.com,1971,2023-09-04 22:00:06
539,Zara Johnson,zara.johnson539@example.com,1979,2023-09-03 04:33:04
540,Nora Rossi,nora.rossi540@example.com,1989,2023-09-10 07:59:58
541,Kai Novak,kai.novak541@example.com,1959,2023-09-07 18:35:08
542,Aris Toth,aris.toth542@example.com,1994,2023-09-28 09:37:36
543,Yuki Toth,yuki.toth543@example.com,1957,2023-09-18 18:29:39
544,Mila Yilmaz,mila.yilmaz544@example.com,1967,2023-09-14 02:16:11
545,Yuki Johnson,yuki.johnson545@example.com,1976,2023-09-14 21:45:46
546,Hugo Sorensen,hugo.sorensen546@example.com,1972,2023-09-17 02:24:38
547,Liam Zhang,liam.zhang547@example.com,2001,2023-09-10 02:14:48
548,Noah Sorensen,noah.sorensen548@example.com,2001,2023-09-27 18:03:07
549,Nora Petrov,nora.petrov549@example.com,1986,2023-09-18 21:56:37
550,Freya Okafor,freya.okafor550@example.com,1966,2023-09-16 08:57:22
551,Aya Andersen,aya.andersen551@example.com,1964,2023-09-02 06:52:58
552,Noah Ricci,noah.ricci552@example.com,1968,2023-09-04 19:54:26
553,Omar Dubois,omar.dubois553@example.com,1988,2023-09-15 16:40:59
554,Ines Costa,ines.costa554@example.com,1964,2023-09-19 14:43:12
555,Freya Zhang,freya.zhang555@example.com,1968,2023-09-11 21:09:14
556,Lena Haddad,lena.haddad556@example.com,2001,2023-09-04 04:54:35
557,Kai Andersen,kai.andersen557@example.com,1988,2023-09-25 19:02:18
558,Hugo Costa,hugo.costa558@example.com,1994,2023-09-09 18:43:22
559,Ravi Novak,ravi.novak559@example.com,1978,2023-09-28 10:23:39
560,Luca Larsen,luca.larsen560@example.com,1986,2023-09-06 15:24:06
561,Freya Kowalski,freya.kowalski561@example.com,1958,2023-09-14 09:40:33
562,Freya Dubois,freya.dubois562@example.com,1965,2023-09-26 01:14:20
563,Kai Ivanov,kai.ivanov563@example.com,1965,2023-09-03 13:21:04
564,Luca Okafor,luca.okafor564@example.com,1960,2023-09-15 05:31:23
565,Aris Toth,aris.toth565@example.com,2002,2023-09-01 23:47:36
566,Luca Novak,luca.novak566@example.com,1974,2023-09-07 16:58:43
567,Zara Yilmaz,zara.yilmaz567@example.com,1965,2023-09-11 19:34:24
568,Ravi Kowalski,ravi.kowalski568@example.com,1983,2023-09-15 08:24:41
569,Lena Andersen,lena.andersen569@example.com,1998,2023-09-21 22:11:10
570,Ravi Berg,ravi.berg570@example.com,1962,2023-09-27 21:37:54
571,Yuki Zhang,yuki.zhang571@example.com,1964,2023-09-18 11:33:03
572,Omar Moreau,omar.moreau572@example.com,1994,2023-10-04 18:58:54
573,Milan Okafor,milan.okafor573@example.com,1966,2023-10-07 00:06:15
574,Freya Weber,freya.weber574@example.com,1963,2023-10-13 21:31:15
575,Kai Weber,kai.weber575@example.com,1989,2023-10-12 05:13:28
576,Nina Moreau,nina.moreau576@example.com,1979,2023-10-24 08:24:07
577,Elijah Costa,elijah.costa577@example.com,1972,2023-10-21 12:55:15
578,Nina Ricci,nina.ricci578@example.com,1995,2023-10-04 04:35:51
579,Aya Petrov,aya.petrov579@example.com,1974,2023-10-01 11:54:11
580,Aya Muller,aya.muller580@example.com,1969,2023-10-16 01:01:49
581,Yuki Costa,yuki.costa581@example.com,1955,2023-10-14 09:19:05
582,Noah Novak,noah.novak582@example.com,1993,2023-10-16 09:23:17
583,Omar Haddad,omar.haddad583@example.com,1979,2023-10-11 07:53:21
584,Kai Zhang,kai.zhang584@example.com,1994,2023-10-08 17:22:21
585,Ravi Andersen,ravi.andersen585@example.com,1967,2023-10-08 20:29:09
586,Zara Sorensen,zara.sorensen586@example.com,1979,2023-10-11 01:16:03
587,Tomas Ricci,tomas.ricci587@example.com,1987,2023-10-08 13:08:08
588,Liam Moreau,liam.moreau588@example.com,1963,2023-10-02 04:17:31
589,Freya Moreau,freya.moreau589@example.com,1974,2023-10-28 03:37:11
590,Sana Johnson,sana.johnson590@example.com,1979,2023-10-16 16:41:58
591,Emma Zhang,emma.zhang591@example.com,1981,2023-10-09 04:53:56
592,Freya Varga,freya.varga592@example.com,1986,2023-10-25 02:02:28
593,Freya Zhang,freya.zhang593@example.com,1955,2023-10-27 12:46:49
594,Mila Novak,mila.novak594@example.com,2000,2023-10-09 08:40:16
595,Kai Varga,kai.varga595@example.com,1965,2023-10-13 09:58:19
596,Aris Toth,aris.toth596@example.com,1998,2023-10-23 15:16:31
597,Mila Novak,mila.novak597@example.com,1987,2023-10-18 20:58:21
598,Aya Varga,aya.varga598@example.com,1968,2023-10-16 08:37:17
599,Hugo Muller,hugo.muller599@example.com,1993,2023-10-16 12:22:52
600,Nina Kowalski,nina.kowalski600@example.com,1998,2023-10-26 17:17:12
601,Nora Kowalski,nora.kowalski601@example.com,1994,2023-10-17 06:36:14
602,Nora Ivanov,nora.ivanov602@example.com,1977,2023-10-11 07:43:06
603,Aris Zhang,aris.zhang603@example.com,1972,2023-10-07 07:19:05
604,Aya Nakamura,aya.nakamura604@example.com,1996,2023-10-19 20:36:15
605,Sofia Silva,sofia.silva605@example.com,1978,2023-10-28 20:02:21
606,Noah Nakamura,noah.nakamura606@example.com,1995,2023-10-06 05:38:22
607,Emma Muller,emma.muller607@example.com,2002,2023-10-24 08:45:30
608,Aya Zhang,aya.zhang608@example.com,1958,2023-10-08 18:52:56
609,Kai Yilmaz,kai.yilmaz609@example.com,1989,2023-10-04 02:27:27
610,Aya Silva,aya.silva610@example.com,1988,2023-10-25 14:31:22
611,Aya Zhang,aya.zhang611@example.com,1997,2023-10-15 06:24:03
612,Ines Andersen,ines.andersen612@example.com,1972,2023-10-07 11:40:19
613,Freya Kowalski,freya.kowalski613@example.com,1980,2023-10-04 09:26:49
614,Ravi Petrov,ravi.petrov614@example.com,1982,2023-10-13 14:39:45
615,Aris Sorensen,aris.sorensen615@example.com,1986,2023-10-26 14:24:40
616,Milan Zhang,milan.zhang616@example.com,1959,2023-10-03 03:16:20
617,Luca Nakamura,luca.nakamura617@example.com,1973,2023-10-25 11:05:42
618,Lena Ivanov,lena.ivanov618@example.com,1974,2023-10-07 17:46:17
619,Sofia Okafor,sofia.okafor619@example.com,1969,2023-10-12 20:57:57
620,Lea Costa,lea.costa620@example.com,1980,2023-10-06 18:44:53
621,Sofia Haddad,sofia.haddad621@example.com,1984,2023-10-20 06:00:01
622,Nora Larsen,nora.larsen622@example.com,1974,2023-10-05 02:08:01
623,Emma Weber,emma.weber623@example.com,1994,2023-10-06 01:36:43
624,Lena Kowalski,lena.kowalski624@example.com,1964,2023-10-11 00:12:20
625,Ines Larsen,ines.larsen625@example.com,1973,2023-10-03 13:39:55
626,Elijah Weber,elijah.weber626@example.com,1985,2023-10-14 13:49:36
627,Luca Moreau,luca.moreau627@example.com,1973,2023-10-14 11:11:13
628,Luca Muller,luca.muller628@example.com,1984,2023-10-14 13:45:41
629,Aya Zhang,aya.zhang629@example.com,1985,2023-10-16 01:58:12
630,Milan Yilmaz,milan.yilmaz630@example.com,2001,2023-10-11 10:12:42
631,Mila Varga,mila.varga631@example.com,1978,2023-10-12 07:02:59
632,Aya Larsen,aya.larsen632@example.com,1964,2023-10-12 05:59:04
633,Freya Novak,freya.novak633@example.com,1961,2023-10-08 07:57:31
634,Aya Zhang,aya.zhang634@example.com,1973,2023-10-23 17:16:44
635,Hugo Johnson,hugo.johnson635@example.com,1993,2023-10-11 16:11:14
636,Kai Dubois,kai.dubois636@example.com,1976,2023-10-24 07:48:31
637,Yuki Rossi,yuki.rossi637@example.com,2001,2023-10-03 18:46:56
638,Yuki Haddad,yuki.haddad638@example.com,1982,2023-10-23 00:23:34
639,Nora Dubois,nora.dubois639@example.com,1966,2023-10-06 13:08:22
640,Hugo Johnson,hugo.johnson640@example.com,1995,2023-10-08 03:41:39
641,Sana Moreau,sana.moreau641@example.com,1991,2023-10-06 14:10:50
642,Zara Varga,zara.varga642@example.com,1990,2023-10-26 19:41:01
643,Aya Yilmaz,aya.yilmaz643@example.com,1972,2023-10-20 15:44:56
644,Hugo Nakamura,hugo.nakamura644@example.com,1957,2023-10-15 05:55:42
645,Elijah Varga,elijah.varga645@example.com,1955,2023-10-19 20:16:50
646,Lena Johnson,lena.johnson646@example.com,1980,2023-10-11 14:30:33
647,Elijah Petrov,elijah.petrov647@example.com,1969,2023-10-16 00:34:54
648,Zara Rossi,zara.rossi648@example.com,1960,2023-10-18 18:01:49
649,Sana Silva,sana.silva649@example.com,1998,2023-11-27 18:47:23
650,Omar Rossi,omar.rossi650@example.com,1996,2023-11-08 21:33:23
651,Nora Moreau,nora.moreau651@example.com,1972,2023-11-27 03:12:01
652,Nora Dubois,nora.dubois652@example.com,1973,2023-11-25 13:47:10
653,Yuki Okafor,yuki.okafor653@example.com,1958,2023-11-16 07:35:19
654,Omar Toth,omar.toth654@example.com,1968,2023-11-03 06:24:41
655,Nina Nakamura,nina.nakamura655@example.com,1957,2023-11-09 14:56:15
656,Elijah Larsen,elijah.larsen656@example.com,1966,2023-11-09 07:59:17
657,Kai Varga,kai.varga657@example.com,1960,2023-11-24 12:59:15
658,Milan Berg,milan.berg658@example.com,1967,2023-11-21 02:30:55
659,Milan Novak,milan.novak659@example.com,1994,2023-11-21 14:56:50
660,Luca Andersen,luca.andersen660@example.com,1986,2023-11-08 14:09:29
661,Liam Nakamura,liam.nakamura661@example.com,1994,2023-11-22 06:42:53
662,Zara Varga,zara.varga662@example.com,1974,2023-11-11 19:14:40
663,Sofia Rossi,sofia.rossi663@example.com,2000,2023-11-11 20:43:28
664,Luca Dubois,luca.dubois664@example.com,1997,2023-11-07 10:35:06
665,Mila Costa,mila.costa665@example.com,1990,2023-11-13 11:48:42
666,Sofia Varga,sofia.varga666@example.com,1969,2023-11-09 17:36:43
667,Sofia Yilmaz,sofia.yilmaz667@example.com,1974,2023-11-18 11:00:26
668,Hugo Yilmaz,hugo.yilmaz668@example.com,1990,2023-11-26 21:21:49
669,Nora Ricci,nora.ricci669@example.com,1991,2023-11-08 15:29:10
670,Ines Varga,ines.varga670@example.com,1976,2023-11-26 04:32:42
671,Liam Kowalski,liam.kowalski671@example.com,1963,2023-11-01 00:24:18
672,Liam Costa,liam.costa672@example.com,1972,2023-11-24 06:38:20
673,Freya Ivanov,freya.ivanov673@example.com,1982,2023-11-23 16:42:24
674,Tomas Silva,tomas.silva674@example.com,1985,2023-11-08 23:16:47
675,Liam Ivanov,liam.ivanov675@example.com,1990,2023-11-25 22:19:29
676,Yuki Sorensen,yuki.sorensen676@example.com,1973,2023-11-02 22:10:04
677,Aya Novak,aya.novak677@example.com,1967,2023-11-20 10:28:28
678,Nina Berg,nina.berg678@example.com,1989,2023-11-28 09:53:56
679,Nina Moreau,nina.moreau679@example.com,1976,2023-11-19 09:13:43
680,Emma Zhang,emma.zhang680@example.com,1989,2023-11-18 09:46:58
681,Sana Haddad,sana.haddad681@example.com,1980,2023-11-05 03:17:02
682,Aris Johnson,aris.johnson682@example.com,1990,2023-11-11 06:35:31
683,Hugo Nakamura,hugo.nakamura683@example.com,1974,2023-11-19 15:01:17
684,Nora Berg,nora.berg684@example.com,1956,2023-11-08 16:54:06
685,Nina Kowalski,nina.kowalski685@example.com,1977,2023-11-28 07:28:26
686,Aya Larsen,aya.larsen686@example.com,1984,2023-11-25 19:25:22
687,Mila Moreau,mila.moreau687@example.com,1992,2023-11-26 01:24:14
688,Nina Muller,nina.muller688@example.com,1968,2023-11-20 09:34:36
689,Lena Toth,lena.toth689@example.com,1982,2023-11-24 16:54:37
690,Lena Novak,lena.novak690@example.com,2000,2023-11-25 14:23:54
691,Yuki Nakamura,yuki.nakamura691@example.com,1977,2023-11-03 22:15:37
692,Hugo Novak,hugo.novak692@example.com,1972,2023-11-01 01:04:40
693,Aya Moreau,aya.moreau693@example.com,1960,2023-11-12 14:33:53
694,Milan Muller,milan.muller694@example.com,1994,2023-11-01 11:54:56
695,Liam Toth,liam.toth695@example.com,1960,2023-11-18 08:56:56
696,Ravi Kowalski,ravi.kowalski696@example.com,1979,2023-11-17 16:06:53
697,Nina Andersen,nina.andersen697@example.com,1971,2023-11-11 04:33:54
698,Liam Okafor,liam.okafor698@example.com,1964,2023-11-20 04:25:19
699,Nina Petrov,nina.petrov699@example.com,1994,2023-11-09 15:36:40
700,Freya Rossi,freya.rossi700@example.com,1968,2023-11-11 00:15:22
701,Zara Andersen,zara.andersen701@example.com,1957,2023-11-18 15:36:27
702,Sana Okafor,sana.okafor702@example.com,1979,2023-11-28 10:10:16
703,Omar Ricci,omar.ricci703@example.com,2001,2023-11-28 19:22:34
704,Noah Moreau,noah.moreau704@example.com,1977,2023-11-04 07:14:27
705,Yuki Novak,yuki.novak705@example.com,1999,2023-11-21 16:37:50
706,Freya Varga,freya.varga706@example.com,1992,2023-11-01 21:50:21
707,Liam Sorensen,liam.sorensen707@example.com,1998,2023-11-28 13:11:58
708,Tomas Moreau,tomas.moreau708@example.com,1981,2023-11-13 22:29:10
709,Mila Ricci,mila.ricci709@example.com,1988,2023-11-27 20:12:17
710,Kai Petrov,kai.petrov710@example.com,1992,2023-11-16 16:18:22
711,Nora Ricci,nora.ricci711@example.com,1989,2023-11-26 17:58:54
712,Emma Zhang,emma.zhang712@example.com,1997,2023-11-07 18:21:10
713,Freya Zhang,freya.zhang713@example.com,1998,2023-11-14 18:01:49
714,Hugo Toth,hugo.toth714@example.com,1987,2023-11-13 17:17:40
715,Sofia Ivanov,sofia.ivanov715@example.com,1995,2023-11-08 12:18:57
716,Hugo Ricci,hugo.ricci716@example.com,1979,2023-11-04 06:35:41
717,Mila Muller,mila.muller717@example.com,1997,2023-11-26 18:36:57
718,Liam Toth,liam.toth718@example.com,1991,2023-11-19 13:47:15
719,Nora Rossi,nora.rossi719@example.com,1987,2023-11-15 04:10:21
720,Omar Dubois,omar.dubois720@example.com,1996,2023-11-10 07:33:30
721,Omar Andersen,omar.andersen721@example.com,1999,2023-11-21 07:52:24
722,Sana Petrov,sana.petrov722@example.com,1978,2023-11-23 11:20:52
723,Liam Novak,liam.novak723@example.com,1956,2023-11-11 23:24:35
724,Mila Moreau,mila.moreau724@example.com,2000,2023-11-08 17:15:49
725,Lea Silva,lea.silva725@example.com,1997,2023-11-01 07:48:35
726,Sana Novak,sana.novak726@example.com,1959,2023-11-19 20:47:27
727,Omar Ivanov,omar.ivanov727@example.com,1990,2023-11-04 22:52:17
728,Hugo Muller,hugo.muller728@example.com,1977,2023-12-08 13:31:35
729,Sana Kowalski,sana.kowalski729@example.com,1975,2023-12-16 10:20:53
730,Sofia Larsen,sofia.larsen730@example.com,1971,2023-12-02 08:07:44
731,Mila Toth,mila.toth731@example.com,1985,2023-12-08 06:12:40
732,Omar Novak,omar.novak732@example.com,1998,2023-12-28 06:23:04
733,Lea Silva,lea.silva733@example.com,1992,2023-12-26 10:09:51
734,Liam Toth,liam.toth734@example.com,2002,2023-12-10 10:19:41
735,Omar Larsen,omar.larsen735@example.com,1984,2023-12-15 10:32:25
736,Nora Moreau,nora.moreau736@example.com,1959,2023-12-13 04:12:04
737,Nora Weber,nora.weber737@example.com,1968,2023-12-24 22:41:54
738,Liam Haddad,liam.haddad738@example.com,2002,2023-12-04 21:17:30
739,Elijah Okafor,elijah.okafor739@example.com,1965,2023-12-03 23:32:34
740,Sana Costa,sana.costa740@example.com,1955,2023-12-09 11:01:12
741,Ravi Andersen,ravi.andersen741@example.com,1962,2023-12-23 18:39:26
742,Noah Toth,noah.toth742@example.com,1972,2023-12-28 17:43:01
743,Zara Toth,zara.toth743@example.com,1968,2023-12-19 04:51:12
744,Nora Okafor,nora.okafor744@example.com,2000,2023-12-22 01:02:13
745,Tomas Petrov,tomas.petrov745@example.com,1985,2023-12-28 18:48:36
746,Elijah Moreau,elijah.moreau746@example.com,1976,2023-12-08 22:29:38
747,Nina Sorensen,nina.sorensen747@example.com,1980,2023-12-28 22:06:19
748,Nina Silva,nina.silva748@example.com,1980,2023-12-24 10:38:55
749,Lea Yilmaz,lea.yilmaz749@example.com,1991,2023-12-08 21:10:43
750,Aris Moreau,aris.moreau750@example.com,1976,2023-12-15 05:22:58
751,Luca Zhang,luca.zhang751@example.com,1976,2023-12-08 16:05:21
752,Liam Ivanov,liam.ivanov752@example.com,1957,2023-12-18 19:38:07
753,Aya Weber,aya.weber753@example.com,1991,2023-12-13 06:12:00
754,Zara Johnson,zara.johnson754@example.com,1996,2023-12-23 20:18:58
755,Lena Varga,lena.varga755@example.com,1992,2023-12-01 05:23:09
756,Zara Muller,zara.muller756@example.com,1994,2023-12-23 20:08:08
757,Lena Rossi,lena.rossi757@example.com,1984,2023-12-21 07:52:30
758,Zara Andersen,zara.andersen758@example.com,2000,2023-12-26 15:54:45
759,Kai Toth,kai.toth759@example.com,1960,2023-12-16 07:11:26
760,Omar Sorensen,omar.sorensen760@example.com,1974,2023-12-28 11:12:58
761,Sana Silva,sana.silva761@example.com,1974,2023-12-15 07:05:27
762,Elijah Petrov,elijah.petrov762@example.com,1979,2023-12-07 07:20:22
763,Omar Muller,omar.muller763@example.com,1988,2023-12-02 02:05:18
764,Milan Novak,milan.novak764@example.com,1981,2023-12-14 04:12:49
765,Nina Costa,nina.costa765@example.com,1987,2023-12-03 18:13:22
766,Ines Johnson,ines.johnson766@example.com,1971,2023-12-10 17:03:14
767,Aya Okafor,aya.okafor767@example.com,1958,2023-12-25 15:50:08
768,Sofia Novak,sofia.novak768@example.com,1961,2023-12-16 12:16:09
769,Kai Johnson,kai.johnson769@example.com,1995,2023-12-09 19:38:28
770,Zara Dubois,zara.dubois770@example.com,2001,2023-12-11 06:14:53
771,Noah Zhang,noah.zhang771@example.com,2000,2023-12-08 04:29:28
772,Milan Johnson,milan.johnson772@example.com,2000,2023-12-04 15:08:45
773,Lena Johnson,lena.johnson773@example.com,1993,2023-12-17 14:53:19
774,Emma Weber,emma.weber774@example.com,1956,2023-12-21 21:53:42
775,Tomas Costa,tomas.costa775@example.com,1978,2023-12-19 20:37:20
776,Sofia Costa,sofia.costa776@example.com,1974,2023-12-23 09:25:17
777,Hugo Ivanov,hugo.ivanov777@example.com,1987,2023-12-02 19:36:18
778,Ines Haddad,ines.haddad778@example.com,1957,2023-12-03 21:44:35
779,Sana Kowalski,sana.kowalski779@example.com,1994,2023-12-06 22:00:35
780,Aris Haddad,aris.haddad780@example.com,1990,2023-12-21 13:38:46
781,Nora Varga,nora.varga781@example.com,1996,2023-12-16 01:14:35
782,Lea Kowalski,lea.kowalski782@example.com,1956,2023-12-06 07:54:48
783,Nora Dubois,nora.dubois783@example.com,1993,2023-12-13 20:16:59
784,Hugo Johnson,hugo.johnson784@example.com,1955,2023-12-03 00:43:08
785,Luca Berg,luca.berg785@example.com,1989,2023-12-04 13:59:45
786,Tomas Novak,tomas.novak786@example.com,1980,2023-12-09 01:25:46
787,Yuki Nakamura,yuki.nakamura787@example.com,1963,2023-12-24 21:10:20
788,Liam Rossi,liam.rossi788@example.com,1955,2023-12-07 04:34:34
789,Milan Petrov,milan.petrov789@example.com,1980,2023-12-11 08:03:14
790,Freya Rossi,freya.rossi790@example.com,1999,2023-12-17 20:03:31
791,Liam Moreau,liam.moreau791@example.com,1998,2023-12-23 18:20:58
792,Liam Varga,liam.varga792@example.com,1978,2023-12-23 14:27:01
793,Lea Petrov,lea.petrov793@example.com,1976,2023-12-21 18:55:41
794,Luca Dubois,luca.dubois794@example.com,1973,2023-12-08 21:30:08
795,Yuki Ivanov,yuki.ivanov795@example.com,1981,2023-12-10 07:26:41
796,Emma Silva,emma.silva796@example.com,1967,2023-12-11 04:06:49
797,Liam Petrov,liam.petrov797@example.com,1967,2023-12-01 08:03:12
798,Ines Nakamura,ines.nakamura798@example.com,1997,2023-12-25 07:52:00
799,Hugo Dubois,hugo.dubois799@example.com,1962,2023-12-11 13:34:05
800,Omar Berg,omar.berg800@example.com,1968,2023-12-20 04:36:16
801,Aya Muller,aya.muller801@example.com,1994,2023-12-02 15:33:12
802,Noah Moreau,noah.moreau802@example.com,2000,2023-12-27 01:44:37
803,Sana Sorensen,sana.sorensen803@example.com,1966,2023-12-02 18:28:32
804,Ines Johnson,ines.johnson804@example.com,1989,2023-12-03 04:19:44
805,Zara Haddad,zara.haddad805@example.com,1988,2023-12-07 19:56:50
806,Freya Ricci,freya.ricci806@example.com,1960,2023-12-28 07:14:36
807,Hugo Ricci,hugo.ricci807@example.com,1985,2023-12-12 21:52:27
808,Hugo Haddad,hugo.haddad808@example.com,1961,2023-12-06 16:18:46
809,Ravi Okafor,ravi.okafor809@example.com,1968,2023-12-12 22:06:36
810,Lea Ricci,lea.ricci810@example.com,1992,2024-01-14 13:04:27
811,Liam Johnson,liam.johnson811@example.com,1979,2024-01-19 10:20:58
812,Lena Kowalski,lena.kowalski812@example.com,1966,2024-01-08 00:31:58
813,Lea Kowalski,lea.kowalski813@example.com,1963,2024-01-02 00:25:07
814,Elijah Ivanov,elijah.ivanov814@example.com,1984,2024-01-12 13:57:48
815,Nora Silva,nora.silva815@example.com,1983,2024-01-02 11:58:28
816,Kai Okafor,kai.okafor816@example.com,1970,2024-01-14 02:04:43
817,Liam Dubois,liam.dubois817@example.com,1986,2024-01-17 09:45:43
818,Emma Ricci,emma.ricci818@example.com,1963,2024-01-19 01:06:09
819,Luca Muller,luca.muller819@example.com,1998,2024-01-20 02:59:41
820,Noah Weber,noah.weber820@example.com,1963,2024-01-06 06:01:22
821,Elijah Haddad,elijah.haddad821@example.com,1996,2024-01-28 03:25:51
822,Kai Haddad,kai.haddad822@example.com,1979,2024-01-18 16:34:25
823,Aris Sorensen,aris.sorensen823@example.com,1986,2024-01-05 05:43:00
824,Tomas Ricci,tomas.ricci824@example.com,2000,2024-01-07 06:28:03
825,Nora Varga,nora.varga825@example.com,1959,2024-01-09 19:27:42
826,Luca Yilmaz,luca.yilmaz826@example.com,1991,2024-01-16 07:21:45
827,Hugo Zhang,hugo.zhang827@example.com,1980,2024-01-13 02:54:11
828,Sofia Okafor,sofia.okafor828@example.com,1998,2024-01-02 10:09:47
829,Lea Zhang,lea.zhang829@example.com,1974,2024-01-13 04:47:53
830,Hugo Ricci,hugo.ricci830@example.com,1980,2024-01-11 00:41:39
831,Aya Varga,aya.varga831@example.com,1994,2024-01-15 17:31:22
832,Lena Weber,lena.weber832@example.com,1985,2024-01-15 19:21:20
833,Ines Costa,ines.costa833@example.com,1989,2024-01-26 17:00:04
834,Freya Nakamura,freya.nakamura834@example.com,1978,2024-01-07 15:19:17
835,Liam Dubois,liam.dubois835@example.com,1956,2024-01-24 19:20:45
836,Ravi Novak,ravi.novak836@example.com,1999,2024-01-28 20:09:33
837,Elijah Rossi,elijah.rossi837@example.com,1959,2024-01-26 01:13:41
838,Yuki Berg,yuki.berg838@example.com,1989,2024-01-27 03:08:36
839,Noah Muller,noah.muller839@example.com,1974,2024-01-26 18:41:32
840,Omar Weber,omar.weber840@example.com,1985,2024-01-10 16:24:25
841,Hugo Costa,hugo.costa841@example.com,1991,2024-01-20 01:57:56
842,Kai Costa,kai.costa842@example.com,1960,2024-01-23 05:57:57
843,Nora Toth,nora.toth843@example.com,1957,2024-01-18 14:51:40
844,Ines Yilmaz,ines.yilmaz844@example.com,1967,2024-01-07 12:17:13
845,Aris Dubois,aris.dubois845@example.com,1994,2024-01-28 11:37:50
846,Noah Varga,noah.varga846@example.com,1996,2024-01-20 12:31:16
847,Sofia Costa,sofia.costa847@example.com,1997,2024-01-05 20:53:03
848,Milan Silva,milan.silva848@example.com,1981,2024-01-20 03:23:06
849,Kai Weber,kai.weber849@example.com,1989,2024-01-18 14:02:45
850,Zara Muller,zara.muller850@example.com,1993,2024-01-14 08:05:48
851,Aya Moreau,aya.moreau851@example.com,1959,2024-01-07 20:35:27
852,Liam Larsen,liam.larsen852@example.com,1993,2024-01-05 02:46:15
853,Liam Weber,liam.weber853@example.com,1971,2024-01-15 07:46:03
854,Luca Andersen,luca.andersen854@example.com,2002,2024-01-21 06:06:12
855,Noah Dubois,noah.dubois855@example.com,1968,2024-01-05 09:43:01
856,Aya Muller,aya.muller856@example.com,1998,2024-01-18 06:05:09
857,Elijah Berg,elijah.berg857@example.com,1980,2024-01-09 21:39:33
858,Milan Johnson,milan.johnson858@example.com,1962,2024-01-14 15:53:55
859,Aris Johnson,aris.johnson859@example.com,1979,2024-01-27 21:14:10
860,Kai Kowalski,kai.kowalski860@example.com,1984,2024-01-21 19:58:23
861,Freya Andersen,freya.andersen861@example.com,1955,2024-01-05 22:49:13
862,Kai Larsen,kai.larsen862@example.com,1958,2024-01-11 04:20:50
863,Aris Muller,aris.muller863@example.com,1983,2024-01-05 07:50:19
864,Liam Kowalski,liam.kowalski864@example.com,1984,2024-01-16 16:52:02
865,Omar Ricci,omar.ricci865@example.com,1963,2024-01-03 08:36:38
866,Hugo Dubois,hugo.dubois866@example.com,1969,2024-01-02 23:08:52
867,Omar Johnson,omar.johnson867@example.com,2001,2024-01-02 04:45:23
868,Elijah Toth,elijah.toth868@example.com,1960,2024-01-04 22:27:11
869,Mila Novak,mila.novak869@example.com,2000,2024-01-04 07:29:39
870,Aris Johnson,aris.johnson870@example.com,1956,2024-01-22 07:30:15
871,Mila Ivanov,mila.ivanov871@example.com,1987,2024-01-03 06:31:16
872,Elijah Moreau,elijah.moreau872@example.com,1979,2024-01-05 23:04:31
873,Noah Nakamura,noah.nakamura873@example.com,1963,2024-01-20 00:11:44
874,Aya Novak,aya.novak874@example.com,1987,2024-01-20 05:29:36
875,Lena Toth,lena.toth875@example.com,1987,2024-01-19 02:05:36
876,Liam Varga,liam.varga876@example.com,1997,2024-01-17 10:22:27
877,Liam Berg,liam.berg877@example.com,1997,2024-01-08 05:09:18
878,Ravi Nakamura,ravi.nakamura878@example.com,1957,2024-01-01 15:01:20
879,Lena Dubois,lena.dubois879@example.com,1986,2024-01-04 15:41:01
880,Freya Costa,freya.costa880@example.com,1973,2024-01-12 11:43:38
881,Sofia Haddad,sofia.haddad881@example.com,1962,2024-01-08 14:14:59
882,Elijah Zhang,elijah.zhang882@example.com,1958,2024-01-18 15:51:49
883,Aris Andersen,aris.andersen883@example.com,1956,2024-01-26 22:51:42
884,Freya Zhang,freya.zhang884@example.com,1998,2024-01-15 03:59:35
885,Aris Rossi,aris.rossi885@example.com,1977,2024-01-06 12:07:15
886,Yuki Dubois,yuki.dubois886@example.com,1998,2024-01-06 08:27:35
887,Noah Johnson,noah.johnson887@example.com,1956,2024-01-25 02:08:08
888,Aya Nakamura,aya.nakamura888@example.com,1990,2024-01-18 02:51:07
889,Liam Andersen,liam.andersen889@example.com,1991,2024-01-20 22:44:09
890,Zara Johnson,zara.johnson890@example.com,1966,2024-01-11 09:55:35
891,Luca Muller,luca.muller891@example.com,1955,2024-01-06 08:24:15
892,Aris Moreau,aris.moreau892@example.com,1981,2024-01-19 03:46:32
893,Aya Dubois,aya.dubois893@example.com,1958,2024-01-08 09:25:59
894,Ravi Okafor,ravi.okafor894@example.com,1998,2024-01-28 16:03:55
895,Lena Rossi,lena.rossi895@example.com,1983,2024-02-19 14:09:43
896,Lea Andersen,lea.andersen896@example.com,1957,2024-02-22 15:38:24
897,Kai Ricci,kai.ricci897@example.com,1957,2024-02-13 18:26:50
898,Omar Larsen,omar.larsen898@example.com,1972,2024-02-26 16:32:56
899,Lea Yilmaz,lea.yilmaz899@example.com,1966,2024-02-19 11:27:18
900,Freya Toth,freya.toth900@example.com,1973,2024-02-04 16:23:48
901,Kai Andersen,kai.andersen901@example.com,1985,2024-02-17 10:40:45
902,Nora Haddad,nora.haddad902@example.com,1998,2024-02-25 05:39:16
903,Nina Costa,nina.costa903@example.com,1966,2024-02-27 19:09:48
904,Aya Novak,aya.novak904@example.com,1984,2024-02-22 00:12:12
905,Lena Toth,lena.toth905@example.com,1962,2024-02-16 18:13:06
906,Freya Haddad,freya.haddad906@example.com,1968,2024-02-14 12:18:52
907,Sana Petrov,sana.petrov907@example.com,1993,2024-02-24 09:30:36
908,Ines Dubois,ines.dubois908@example.com,1956,2024-02-18 14:32:07
909,Liam Novak,liam.novak909@example.com,1965,2024-02-13 00:03:52
910,Liam Weber,liam.weber910@example.com,1995,2024-02-26 10:20:39
911,Hugo Kowalski,hugo.kowalski911@example.com,1972,2024-02-01 16:44:40
912,Yuki Kowalski,yuki.kowalski912@example.com,1988,2024-02-20 03:44:13
913,Aris Andersen,aris.andersen913@example.com,1964,2024-02-11 00:49:45
914,Freya Larsen,freya.larsen914@example.com,1955,2024-02-26 09:29:17
915,Yuki Varga,yuki.varga915@example.com,1993,2024-02-04 07:00:53
916,Liam Zhang,liam.zhang916@example.com,1979,2024-02-06 13:45:09
917,Kai Berg,kai.berg917@example.com,1985,2024-02-10 18:15:10
918,Liam Toth,liam.toth918@example.com,1959,2024-02-26 07:18:46
919,Aris Kowalski,aris.kowalski919@example.com,1964,2024-02-19 11:07:22
920,Freya Dubois,freya.dubois920@example.com,1989,2024-02-10 17:06:39
921,Luca Zhang,luca.zhang921@example.com,1989,2024-02-09 21:48:45
922,Liam Berg,liam.berg922@example.com,1991,2024-02-28 07:35:19
923,Yuki Varga,yuki.varga923@example.com,2000,2024-02-24 15:54:03
924,Ines Nakamura,ines.nakamura924@example.com,1970,2024-02-23 18:09:00
925,Elijah Weber,elijah.weber925@example.com,1976,2024-02-01 03:33:36
926,Ines Ricci,ines.ricci926@example.com,1970,2024-02-06 04:00:29
927,Omar Haddad,omar.haddad927@example.com,1959,2024-02-10 21:13:14
928,Ravi Rossi,ravi.rossi928@example.com,1977,2024-02-22 20:10:48
929,Emma Costa,emma.costa929@example.com,1987,2024-02-07 01:47:38
930,Freya Kowalski,freya.kowalski930@example.com,1986,2024-02-10 11:46:41
931,Aris Varga,aris.varga931@example.com,1984,2024-02-16 19:15:30
932,Lea Ivanov,lea.ivanov932@example.com,1960,2024-02-23 16:08:08
933,Zara Dubois,zara.dubois933@example.com,1974,2024-02-23 10:47:50
934,Tomas Ricci,tomas.ricci934@example.com,1958,2024-02-21 18:46:09
935,Milan Dubois,milan.dubois935@example.com,1984,2024-02-28 11:50:45
936,Ines Weber,ines.weber936@example.com,1984,2024-02-28 11:53:55
937,Milan Ivanov,milan.ivanov937@example.com,1992,2024-02-06 06:39:11
938,Noah Larsen,noah.larsen938@example.com,1966,2024-02-25 00:27:57
939,Aya Dubois,aya.dubois939@example.com,1972,2024-02-22 09:41:18
940,Lea Andersen,lea.andersen940@example.com,1986,2024-02-23 06:56:59
941,Aris Kowalski,aris.kowalski941@example.com,2000,2024-02-18 17:39:59
942,Kai Moreau,kai.moreau942@example.com,1980,2024-02-28 02:26:56
943,Aya Moreau,aya.moreau943@example.com,1964,2024-02-01 02:40:39
944,Mila Moreau,mila.moreau944@example.com,1983,2024-02-26 03:52:00
945,Omar Toth,omar.toth945@example.com,1984,2024-02-26 19:58:37
946,Milan Sorensen,milan.sorensen946@example.com,1980,2024-02-21 07:30:05
947,Luca Dubois,luca.dubois947@example.com,1993,2024-02-24 18:47:06
948,Nina Muller,nina.muller948@example.com,1961,2024-02-22 02:25:12
949,Sana Andersen,sana.andersen949@example.com,1959,2024-02-10 05:14:08
950,Tomas Moreau,tomas.moreau950@example.com,1986,2024-02-28 00:32:16
951,Mila Petrov,mila.petrov951@example.com,1959,2024-02-28 00:47:03
952,Emma Rossi,emma.rossi952@example.com,1955,2024-02-17 21:43:54
953,Tomas Haddad,tomas.haddad953@example.com,1965,2024-02-10 17:29:16
954,Emma Ivanov,emma.ivanov954@example.com,1978,2024-02-22 12:16:35
955,Aris Berg,aris.berg955@example.com,1973,2024-02-16 00:42:36
956,Noah Dubois,noah.dubois956@example.com,1959,2024-02-14 19:59:25
957,Ravi Larsen,ravi.larsen957@example.com,1981,2024-02-23 03:11:03
958,Freya Petrov,freya.petrov958@example.com,1987,2024-02-21 03:50:21
959,Freya Larsen,freya.larsen959@example.com,1997,2024-02-13 14:28:59
960,Luca Okafor,luca.okafor960@example.com,1994,2024-02-03 20:53:59
961,Yuki Nakamura,yuki.nakamura961@example.com,1982,2024-02-28 17:24:35
962,Nina Rossi,nina.rossi962@example.com,2000,2024-02-23 17:30:08
963,Tomas Berg,tomas.berg963@example.com,1960,2024-02-25 15:55:13
964,Sana Silva,sana.silva964@example.com,1974,2024-02-08 21:37:09
965,Milan Novak,milan.novak965@example.com,1975,2024-02-15 00:00:01
966,Freya Ivanov,freya.ivanov966@example.com,1992,2024-02-02 21:41:41
967,Mila Toth,mila.toth967@example.com,1956,2024-02-08 04:18:38
968,Nina Zhang,nina.zhang968@example.com,1998,2024-02-15 01:48:37
969,Elijah Toth,elijah.toth969@example.com,2000,2024-02-22 15:00:12
970,Ravi Costa,ravi.costa970@example.com,1962,2024-02-10 07:12:58
971,Hugo Andersen,hugo.andersen971@example.com,1959,2024-02-23 02:41:50
972,Lea Petrov,lea.petrov972@example.com,1985,2024-02-02 11:59:58
973,Emma Rossi,emma.rossi973@example.com,1970,2024-02-04 01:55:07
974,Lena Rossi,lena.rossi974@example.com,1959,2024-02-17 05:50:52
975,Aya Varga,aya.varga975@example.com,1984,2024-02-13 02:19:17
976,Emma Moreau,emma.moreau976@example.com,1998,2024-02-24 23:20:33
977,Emma Rossi,emma.rossi977@example.com,1976,2024-02-21 18:53:45
978,Freya Toth,freya.toth978@example.com,1999,2024-02-27 02:25:36
979,Mila Haddad,mila.haddad979@example.com,1970,2024-02-17 21:42:39
980,Omar Rossi,omar.rossi980@example.com,1983,2024-02-25 17:19:59
981,Yuki Nakamura,yuki.nakamura981@example.com,1957,2024-02-14 03:26:04
982,Noah Rossi,noah.rossi982@example.com,1986,2024-03-14 19:35:06
983,Aya Costa,aya.costa983@example.com,1970,2024-03-15 10:05:16
984,Mila Haddad,mila.haddad984@example.com,1992,2024-03-14 19:14:40
985,Hugo Costa,hugo.costa985@example.com,1990,2024-03-17 18:01:23
986,Omar Kowalski,omar.kowalski986@example.com,1980,2024-03-19 19:31:35
987,Tomas Yilmaz,tomas.yilmaz987@example.com,1999,2024-03-24 17:43:43
988,Elijah Kowalski,elijah.kowalski988@example.com,1968,2024-03-21 14:04:51
989,Emma Moreau,emma.moreau989@example.com,1965,2024-03-15 04:03:48
990,Ines Haddad,ines.haddad990@example.com,1980,2024-03-27 09:44:19
991,Noah Ricci,noah.ricci991@example.com,1998,2024-03-14 23:54:51
992,Aris Yilmaz,aris.yilmaz992@example.com,1997,2024-03-12 19:31:46
993,Sana Rossi,sana.rossi993@example.com,1975,2024-03-12 23:49:24
994,Mila Varga,mila.varga994@example.com,1998,2024-03-23 18:26:09
995,Aya Toth,aya.toth995@example.com,1970,2024-03-08 01:37:23
996,Sana Johnson,sana.johnson996@example.com,1986,2024-03-02 22:39:22
997,Ines Yilmaz,ines.yilmaz997@example.com,1989,2024-03-20 20:39:40
998,Kai Ricci,kai.ricci998@example.com,1973,2024-03-08 10:52:24
999,Liam Rossi,liam.rossi999@example.com,1968,2024-03-14 12:43:39
1000,Tomas Dubois,tomas.dubois1000@example.com,1979,2024-03-11 06:25:54
1001,Sana Costa,sana.costa1001@example.com,1962,2024-03-05 03:39:12
1002,Zara Costa,zara.costa1002@example.com,1988,2024-03-03 16:57:09
1003,Zara Haddad,zara.haddad1003@example.com,1956,2024-03-18 15:20:02
1004,Ines Yilmaz,ines.yilmaz1004@example.com,1986,2024-03-24 07:59:31
1005,Emma Sorensen,emma.sorensen1005@example.com,1991,2024-03-03 12:04:40
1006,Lea Toth,lea.toth1006@example.com,1996,2024-03-28 04:30:39
1007,Ines Larsen,ines.larsen1007@example.com,1969,2024-03-13 01:12:21
1008,Lena Rossi,lena.rossi1008@example.com,2001,2024-03-01 07:26:45
1009,Ravi Johnson,ravi.johnson1009@example.com,1984,2024-03-20 23:34:43
1010,Freya Novak,freya.novak1010@example.com,1988,2024-03-10 09:20:10
1011,Sofia Muller,sofia.muller1011@example.com,1960,2024-03-18 03:56:46
1012,Emma Varga,emma.varga1012@example.com,1991,2024-03-17 09:23:14
1013,Aris Okafor,aris.okafor1013@example.com,1987,2024-03-04 02:58:30
1014,Emma Weber,emma.weber1014@example.com,1976,2024-03-22 22:50:26
1015,Mila Yilmaz,mila.yilmaz1015@example.com,1961,2024-03-13 01:29:39
1016,Elijah Ricci,elijah.ricci1016@example.com,1964,2024-03-11 18:58:26
1017,Ines Varga,ines.varga1017@example.com,2002,2024-03-06 16:06:38
1018,Sana Dubois,sana.dubois1018@example.com,1990,2024-03-11 08:34:37
1019,Mila Larsen,mila.larsen1019@example.com,1988,2024-03-09 21:32:21
1020,Liam Larsen,liam.larsen1020@example.com,1968,2024-03-03 18:10:10
1021,Luca Larsen,luca.larsen1021@example.com,1990,2024-03-07 06:03:27
1022,Liam Varga,liam.varga1022@example.com,1990,2024-03-04 18:50:16
1023,Freya Ivanov,freya.ivanov1023@example.com,1999,2024-03-04 13:57:51
1024,Milan Novak,milan.novak1024@example.com,1961,2024-03-26 11:11:42
1025,Liam Yilmaz,liam.yilmaz1025@example.com,1983,2024-03-09 12:48:14
1026,Freya Zhang,freya.zhang1026@example.com,1992,2024-03-05 16:13:26
1027,Luca Okafor,luca.okafor1027@example.com,1987,2024-03-24 18:00:34
1028,Yuki Muller,yuki.muller1028@example.com,1960,2024-03-14 01:18:54
1029,Liam Novak,liam.novak1029@example.com,1993,2024-03-04 09:21:44
1030,Lena Zhang,lena.zhang1030@example.com,2000,2024-03-07 02:21:11
1031,Lena Weber,lena.weber1031@example.com,1995,2024-03-27 04:18:12
1032,Aya Toth,aya.toth1032@example.com,1962,2024-03-23 00:56:55
1033,Yuki Petrov,yuki.petrov1033@example.com,1987,2024-03-04 05:49:25
1034,Zara Yilmaz,zara.yilmaz1034@example.com,1997,2024-03-24 12:36:08
1035,Elijah Andersen,elijah.andersen1035@example.com,1985,2024-03-05 08:55:37
1036,Freya Varga,freya.varga1036@example.com,1987,2024-03-14 03:51:14
1037,Freya Weber,freya.weber1037@example.com,1993,2024-03-25 21:27:21
1038,Zara Okafor,zara.okafor1038@example.com,1990,2024-03-07 09:06:15
1039,Sofia Moreau,sofia.moreau1039@example.com,1968,2024-03-19 08:27:48
1040,Yuki Larsen,yuki.larsen1040@example.com,1995,2024-03-14 04:34:20
1041,Hugo Varga,hugo.varga1041@example.com,1969,2024-03-20 19:55:15
1042,Hugo Ivanov,hugo.ivanov1042@example.com,1956,2024-03-12 02:30:47
1043,Milan Sorensen,milan.sorensen1043@example.com,1974,2024-03-22 06:39:48
1044,Lena Zhang,lena.zhang1044@example.com,1982,2024-03-13 04:40:28
1045,Aris Dubois,aris.dubois1045@example.com,1968,2024-03-19 03:04:42
1046,Freya Petrov,freya.petrov1046@example.com,1994,2024-03-10 08:53:52
1047,Emma Kowalski,emma.kowalski1047@example.com,1965,2024-03-02 09:46:47
1048,Mila Kowalski,mila.kowalski1048@example.com,1967,2024-03-12 22:26:14
1049,Nora Sorensen,nora.sorensen1049@example.com,1996,2024-03-13 02:14:26
1050,Sana Muller,sana.muller1050@example.com,1960,2024-03-26 01:34:44
1051,Hugo Ivanov,hugo.ivanov1051@example.com,1971,2024-03-20 05:29:44
1052,Milan Larsen,milan.larsen1052@example.com,1985,2024-03-10 02:44:03
1053,Sana Weber,sana.weber1053@example.com,1983,2024-03-17 15:12:01
1054,Yuki Novak,yuki.novak1054@example.com,1997,2024-03-01 11:43:50
1055,Mila Sorensen,mila.sorensen1055@example.com,1980,2024-03-08 09:57:52
1056,Sana Muller,sana.muller1056@example.com,1971,2024-03-20 22:45:54
1057,Kai Novak,kai.novak1057@example.com,1973,2024-03-22 20:53:19
1058,Tomas Toth,tomas.toth1058@example.com,1958,2024-03-13 02:30:15
1059,Sana Sorensen,sana.sorensen1059@example.com,1992,2024-03-03 02:59:33
1060,Nora Weber,nora.weber1060@example.com,1959,2024-03-24 01:31:59
1061,Kai Johnson,kai.johnson1061@example.com,1956,2024-03-12 07:33:15
1062,Tomas Rossi,tomas.rossi1062@example.com,1992,2024-03-07 05:08:50
1063,Sofia Ivanov,sofia.ivanov1063@example.com,1956,2024-03-18 01:55:27
1064,Omar Novak,omar.novak1064@example.com,1998,2024-03-19 19:41:52
1065,Luca Petrov,luca.petrov1065@example.com,1985,2024-03-08 18:16:45
1066,Mila Johnson,mila.johnson1066@example.com,1965,2024-03-17 22:09:09
1067,Tomas Muller,tomas.muller1067@example.com,1995,2024-03-06 00:53:54
1068,Ines Varga,ines.varga1068@example.com,1960,2024-03-06 20:34:51
1069,Aya Varga,aya.varga1069@example.com,1958,2024-03-14 17:55:00
1070,Hugo Yilmaz,hugo.yilmaz1070@example.com,1970,2024-03-06 23:39:55
1071,Luca Kowalski,luca.kowalski1071@example.com,1995,2024-03-10 23:02:18
1072,Noah Kowalski,noah.kowalski1072@example.com,1995,2024-04-23 23:07:39
1073,Sofia Weber,sofia.weber1073@example.com,1975,2024-04-15 11:14:25
1074,Tomas Sorensen,tomas.sorensen1074@example.com,1971,2024-04-10 18:46:53
1075,Sana Silva,sana.silva1075@example.com,1994,2024-04-02 13:10:02
1076,Elijah Varga,elijah.varga1076@example.com,1989,2024-04-15 03:40:44
1077,Ravi Dubois,ravi.dubois1077@example.com,1981,2024-04-27 17:21:40
1078,Tomas Larsen,tomas.larsen1078@example.com,1976,2024-04-20 05:00:00
1079,Emma Berg,emma.berg1079@example.com,1962,2024-04-24 00:28:16
1080,Sana Nakamura,sana.nakamura1080@example.com,1967,2024-04-15 10:30:49
1081,Ines Yilmaz,ines.yilmaz1081@example.com,1983,2024-04-07 17:58:48
1082,Tomas Moreau,tomas.moreau1082@example.com,1968,2024-04-02 16:33:12
1083,Ines Toth,ines.toth1083@example.com,1959,2024-04-06 04:12:32
1084,Luca Andersen,luca.andersen1084@example.com,1973,2024-04-22 11:15:23
1085,Elijah Petrov,elijah.petrov1085@example.com,1984,2024-04-16 09:33:49
1086,Kai Weber,kai.weber1086@example.com,1990,2024-04-06 10:23:56
1087,Elijah Kowalski,elijah.kowalski1087@example.com,1999,2024-04-04 07:20:10
1088,Milan Okafor,milan.okafor1088@example.com,1956,2024-04-21 04:51:04
1089,Mila Yilmaz,mila.yilmaz1089@example.com,1969,2024-04-12 13:11:06
1090,Lena Novak,lena.novak1090@example.com,1967,2024-04-05 10:29:40
1091,Lena Berg,lena.berg1091@example.com,1982,2024-04-20 01:28:41
1092,Freya Yilmaz,freya.yilmaz1092@example.com,1972,2024-04-13 17:42:18
1093,Aris Nakamura,aris.nakamura1093@example.com,2000,2024-04-05 07:49:32
1094,Luca Toth,luca.toth1094@example.com,2002,2024-04-19 11:52:45
1095,Nora Berg,nora.berg1095@example.com,1966,2024-04-20 17:41:32
1096,Zara Varga,zara.varga1096@example.com,1958,2024-04-14 11:15:24
1097,Aya Weber,aya.weber1097@example.com,1982,2024-04-14 23:29:54
1098,Ines Andersen,ines.andersen1098@example.com,1983,2024-04-02 07:26:15
1099,Elijah Ivanov,elijah.ivanov1099@example.com,1971,2024-04-25 22:42:04
1100,Elijah Ricci,elijah.ricci1100@example.com,1960,2024-04-19 04:12:31
1101,Freya Haddad,freya.haddad1101@example.com,1961,2024-04-12 10:10:28
1102,Luca Costa,luca.costa1102@example.com,1974,2024-04-21 23:34:02
1103,Freya Haddad,freya.haddad1103@example.com,1991,2024-04-22 19:15:33
1104,Nina Zhang,nina.zhang1104@example.com,1969,2024-04-07 06:31:50
1105,Sana Nakamura,sana.nakamura1105@example.com,1977,2024-04-15 13:43:54
1106,Kai Dubois,kai.dubois1106@example.com,1978,2024-04-02 16:34:22
1107,Omar Rossi,omar.rossi1107@example.com,1971,2024-04-12 16:51:42
1108,Emma Haddad,emma.haddad1108@example.com,1990,2024-04-20 13:54:45
1109,Nora Andersen,nora.andersen1109@example.com,1968,2024-04-15 14:55:06
1110,Sana Larsen,sana.larsen1110@example.com,1966,2024-04-16 19:20:41
1111,Hugo Okafor,hugo.okafor1111@example.com,1957,2024-04-03 07:42:41
1112,Zara Dubois,zara.dubois1112@example.com,1964,2024-04-24 15:56:25
1113,Ines Andersen,ines.andersen1113@example.com,1983,2024-04-04 08:52:55
1114,Lea Costa,lea.costa1114@example.com,1967,2024-04-21 04:45:44
1115,Ravi Yilmaz,ravi.yilmaz1115@example.com,1961,2024-04-23 20:31:41
1116,Nina Andersen,nina.andersen1116@example.com,1986,2024-04-28 08:15:52
1117,Lea Kowalski,lea.kowalski1117@example.com,1985,2024-04-07 09:43:43
1118,Nora Toth,nora.toth1118@example.com,1956,2024-04-03 10:55:30
1119,Kai Larsen,kai.larsen1119@example.com,1990,2024-04-21 08:31:06
1120,Milan Costa,milan.costa1120@example.com,1992,2024-04-09 08:41:49
1121,Noah Dubois,noah.dubois1121@example.com,1962,2024-04-14 07:28:41
1122,Ravi Rossi,ravi.rossi1122@example.com,1980,2024-04-24 01:31:38
1123,Nina Muller,nina.muller1123@example.com,1974,2024-04-03 09:15:42
1124,Noah Sorensen,noah.sorensen1124@example.com,1982,2024-04-04 08:57:18
1125,Milan Weber,milan.weber1125@example.com,1970,2024-04-27 16:35:22
1126,Nora Varga,nora.varga1126@example.com,1961,2024-04-10 01:21:33
1127,Noah Costa,noah.costa1127@example.com,1983,2024-04-06 08:09:16
1128,Tomas Larsen,tomas.larsen1128@example.com,2002,2024-04-16 10:39:43
1129,Ines Berg,ines.berg1129@example.com,1981,2024-04-25 16:03:01
1130,Emma Berg,emma.berg1130@example.com,1987,2024-04-28 17:31:17
1131,Ravi Haddad,ravi.haddad1131@example.com,1987,2024-04-11 13:48:35
1132,Aris Silva,aris.silva1132@example.com,1980,2024-04-10 18:24:47
1133,Noah Weber,noah.weber1133@example.com,1967,2024-04-12 18:04:42
1134,Freya Larsen,freya.larsen1134@example.com,1955,2024-04-07 03:22:50
1135,Ravi Dubois,ravi.dubois1135@example.com,1958,2024-04-27 08:13:08
1136,Sofia Haddad,sofia.haddad1136@example.com,1980,2024-04-21 15:33:32
1137,Omar Kowalski,omar.kowalski1137@example.com,1967,2024-04-17 16:58:04
1138,Kai Nakamura,kai.nakamura1138@example.com,1962,2024-04-13 13:02:22
1139,Hugo Okafor,hugo.okafor1139@example.com,1984,2024-04-26 20:28:11
1140,Elijah Andersen,elijah.andersen1140@example.com,2001,2024-04-25 06:26:09
1141,Zara Weber,zara.weber1141@example.com,1992,2024-04-16 00:29:11
1142,Lena Weber,lena.weber1142@example.com,1964,2024-04-18 11:01:06
1143,Sofia Moreau,sofia.moreau1143@example.com,1966,2024-04-19 09:06:29
1144,Nina Haddad,nina.haddad1144@example.com,1966,2024-04-03 14:36:19
1145,Lena Andersen,lena.andersen1145@example.com,1988,2024-04-21 05:39:36
1146,Nora Ivanov,nora.ivanov1146@example.com,2001,2024-04-15 22:42:22
1147,Noah Muller,noah.muller1147@example.com,1978,2024-04-15 18:28:50
1148,Emma Ivanov,emma.ivanov1148@example.com,1988,2024-04-20 06:34:09
1149,Sana Rossi,sana.rossi1149@example.com,1972,2024-04-16 20:38:33
1150,Ravi Ivanov,ravi.ivanov1150@example.com,1994,2024-04-26 16:01:47
1151,Sofia Kowalski,sofia.kowalski1151@example.com,2002,2024-04-24 15:37:00
1152,Freya Dubois,freya.dubois1152@example.com,1965,2024-04-18 19:45:35
1153,Lea Toth,lea.toth1153@example.com,1978,2024-04-14 08:16:01
1154,Freya Varga,freya.varga1154@example.com,1978,2024-04-22 16:13:59
1155,Yuki Zhang,yuki.zhang1155@example.com,1985,2024-04-05 03:38:39
1156,Omar Yilmaz,omar.yilmaz1156@example.com,1965,2024-04-12 06:00:36
1157,Elijah Haddad,elijah.haddad1157@example.com,1992,2024-04-09 01:45:57
1158,Zara Haddad,zara.haddad1158@example.com,1981,2024-04-01 08:46:03
1159,Sana Silva,sana.silva1159@example.com,2000,2024-04-23 11:25:57
1160,Zara Berg,zara.berg1160@example.com,1972,2024-04-26 18:07:46
1161,Sofia Kowalski,sofia.kowalski1161@example.com,1957,2024-04-22 21:02:05
1162,Ines Dubois,ines.dubois1162@example.com,1972,2024-04-27 14:00:00
1163,Omar Yilmaz,omar.yilmaz1163@example.com,1973,2024-04-19 07:31:39
1164,Zara Yilmaz,zara.yilmaz1164@example.com,1970,2024-04-24 16:00:59
1165,Liam Moreau,liam.moreau1165@example.com,1984,2024-05-06 11:59:54
1166,Omar Johnson,omar.johnson1166@example.com,1967,2024-05-18 13:48:07
1167,Lea Ricci,lea.ricci1167@example.com,1986,2024-05-08 04:53:11
1168,Milan Silva,milan.silva1168@example.com,1999,2024-05-25 01:04:20
1169,Nora Ricci,nora.ricci1169@example.com,1981,2024-05-12 17:38:36
1170,Zara Weber,zara.weber1170@example.com,1992,2024-05-27 04:31:49
1171,Lena Kowalski,lena.kowalski1171@example.com,1972,2024-05-06 01:09:22
1172,Freya Larsen,freya.larsen1172@example.com,1975,2024-05-04 00:35:38
1173,Aya Larsen,aya.larsen1173@example.com,1988,2024-05-03 04:06:45
1174,Kai Costa,kai.costa1174@example.com,1983,2024-05-23 00:03:17
1175,Ravi Berg,ravi.berg1175@example.com,1964,2024-05-14 12:45:54
1176,Nora Rossi,nora.rossi1176@example.com,1969,2024-05-19 18:43:09
1177,Luca Novak,luca.novak1177@example.com,1955,2024-05-14 10:06:36
1178,Ines Varga,ines.varga1178@example.com,1987,2024-05-07 17:42:23
1179,Kai Larsen,kai.larsen1179@example.com,1975,2024-05-08 21:47:16
1180,Emma Zhang,emma.zhang1180@example.com,1999,2024-05-23 09:38:54
1181,Ines Moreau,ines.moreau1181@example.com,1984,2024-05-19 12:39:39
1182,Ines Petrov,ines.petrov1182@example.com,1966,2024-05-14 16:06:39
1183,Kai Petrov,kai.petrov1183@example.com,1960,2024-05-19 19:27:36
1184,Noah Berg,noah.berg1184@example.com,1995,2024-05-19 09:03:00
1185,Ravi Varga,ravi.varga1185@example.com,1968,2024-05-28 19:05:34
1186,Kai Yilmaz,kai.yilmaz1186@example.com,1960,2024-05-17 07:19:28
1187,Noah Yilmaz,noah.yilmaz1187@example.com,1994,2024-05-02 21:21:41
1188,Ines Berg,ines.berg1188@example.com,1992,2024-05-14 09:13:35
1189,Luca Ricci,luca.ricci1189@example.com,1968,2024-05-05 00:26:09
1190,Mila Weber,mila.weber1190@example.com,1973,2024-05-04 20:27:32
1191,Tomas Berg,tomas.berg1191@example.com,1982,2024-05-13 16:02:26
1192,Ines Haddad,ines.haddad1192@example.com,1959,2024-05-18 13:50:10
1193,Mila Ricci,mila.ricci1193@example.com,1956,2024-05-25 20:27:45
1194,Nina Ivanov,nina.ivanov1194@example.com,1975,2024-05-04 03:54:21
1195,Luca Larsen,luca.larsen1195@example.com,1957,2024-05-11 02:33:21
1196,Nora Rossi,nora.rossi1196@example.com,1995,2024-05-17 12:01:45
1197,Nina Novak,nina.novak1197@example.com,1985,2024-05-16 02:48:17
1198,Milan Ricci,milan.ricci1198@example.com,1991,2024-05-14 01:59:13
1199,Freya Andersen,freya.andersen1199@example.com,2001,2024-05-21 01:33:23
1200,Aya Ricci,aya.ricci1200@example.com,1983,2024-05-18 10:50:36
1201,Hugo Andersen,hugo.andersen1201@example.com,1998,2024-05-03 09:34:49
1202,Sofia Ivanov,sofia.ivanov1202@example.com,1960,2024-05-09 22:41:47
1203,Emma Yilmaz,emma.yilmaz1203@example.com,1988,2024-05-24 11:42:28
1204,Liam Haddad,liam.haddad1204@example.com,1967,2024-05-25 22:00:56
1205,Sana Berg,sana.berg1205@example.com,1956,2024-05-09 14:41:07
1206,Nora Okafor,nora.okafor1206@example.com,1962,2024-05-04 11:04:25
1207,Sana Costa,sana.costa1207@example.com,1984,2024-05-15 09:04:32
1208,Ravi Costa,ravi.costa1208@example.com,2001,2024-05-05 07:22:47
1209,Kai Zhang,kai.zhang1209@example.com,1962,2024-05-03 22:41:45
1210,Nina Toth,nina.toth1210@example.com,1976,2024-05-27 02:32:19
1211,Zara Moreau,zara.moreau1211@example.com,1979,2024-05-28 10:22:11
1212,Ravi Ricci,ravi.ricci1212@example.com,1963,2024-05-13 21:42:47
1213,Lea Rossi,lea.rossi1213@example.com,1966,2024-05-10 23:29:06
1214,Sana Varga,sana.varga1214@example.com,1986,2024-05-15 16:33:57
1215,Omar Zhang,omar.zhang1215@example.com,1980,2024-05-09 15:33:12
1216,Ravi Costa,ravi.costa1216@example.com,1989,2024-05-21 06:03:48
1217,Nora Rossi,nora.rossi1217@example.com,1957,2024-05-26 23:05:55
1218,Nora Muller,nora.muller1218@example.com,1983,2024-05-06 06:51:31
1219,Kai Okafor,kai.okafor1219@example.com,1976,2024-05-24 02:15:02
1220,Kai Muller,kai.muller1220@example.com,1956,2024-05-18 21:56:34
1221,Luca Andersen,luca.andersen1221@example.com,1997,2024-05-12 23:02:36
1222,Mila Johnson,mila.johnson1222@example.com,1999,2024-05-04 09:30:51
1223,Kai Toth,kai.toth1223@example.com,1995,2024-05-15 05:42:25
1224,Liam Haddad,liam.haddad1224@example.com,1955,2024-05-21 08:21:16
1225,Yuki Kowalski,yuki.kowalski1225@example.com,2002,2024-05-22 15:19:48
1226,Ines Moreau,ines.moreau1226@example.com,1984,2024-05-19 11:10:31
1227,Freya Rossi,freya.rossi1227@example.com,1986,2024-05-12 05:48:17
1228,Aya Okafor,aya.okafor1228@example.com,1994,2024-05-21 15:09:02
1229,Freya Weber,freya.weber1229@example.com,1971,2024-05-23 16:01:11
1230,Elijah Yilmaz,elijah.yilmaz1230@example.com,2001,2024-05-08 05:14:00
1231,Nora Nakamura,nora.nakamura1231@example.com,1961,2024-05-22 18:41:54
1232,Mila Novak,mila.novak1232@example.com,1962,2024-05-28 06:00:31
1233,Aris Dubois,aris.dubois1233@example.com,1957,2024-05-26 14:06:38
1234,Luca Kowalski,luca.kowalski1234@example.com,1981,2024-05-23 14:58:42
1235,Tomas Larsen,tomas.larsen1235@example.com,1967,2024-05-25 09:08:27
1236,Kai Muller,kai.muller1236@example.com,1957,2024-05-20 08:13:51
1237,Ravi Weber,ravi.weber1237@example.com,1973,2024-05-07 09:32:08
1238,Nina Novak,nina.novak1238@example.com,1998,2024-05-27 12:29:46
1239,Sofia Weber,sofia.weber1239@example.com,1983,2024-05-28 08:58:34
1240,Tomas Zhang,tomas.zhang1240@example.com,1956,2024-05-02 06:01:47
1241,Milan Larsen,milan.larsen1241@example.com,1960,2024-05-03 02:58:56
1242,Yuki Sorensen,yuki.sorensen1242@example.com,1996,2024-05-04 14:19:02
1243,Aris Yilmaz,aris.yilmaz1243@example.com,1960,2024-05-19 07:37:04
1244,Noah Dubois,noah.dubois1244@example.com,1978,2024-05-15 10:56:19
1245,Aris Ricci,aris.ricci1245@example.com,1957,2024-05-19 22:01:49
1246,Hugo Haddad,hugo.haddad1246@example.com,1982,2024-05-05 14:52:22
1247,Aris Sorensen,aris.sorensen1247@example.com,1959,2024-05-03 00:37:55
1248,Mila Okafor,mila.okafor1248@example.com,1962,2024-05-20 23:16:31
1249,Nina Moreau,nina.moreau1249@example.com,1976,2024-05-14 06:00:45
1250,Sofia Haddad,sofia.haddad1250@example.com,1991,2024-05-09 07:07:26
1251,Liam Costa,liam.costa1251@example.com,1962,2024-05-17 11:03:35
1252,Liam Novak,liam.novak1252@example.com,1995,2024-05-28 06:06:08
1253,Kai Okafor,kai.okafor1253@example.com,1987,2024-05-23 19:09:54
1254,Zara Novak,zara.novak1254@example.com,1982,2024-05-11 10:20:36
1255,Mila Larsen,mila.larsen1255@example.com,1974,2024-05-16 01:19:15
1256,Sana Ricci,sana.ricci1256@example.com,1986,2024-05-16 23:20:08
1257,Kai Toth,kai.toth1257@example.com,1956,2024-05-25 04:42:08
1258,Ravi Costa,ravi.costa1258@example.com,1965,2024-05-17 16:14:32
1259,Zara Novak,zara.novak1259@example.com,1979,2024-05-18 18:28:38
1260,Zara Costa,zara.costa1260@example.com,1968,2024-06-24 05:09:06
1261,Liam Costa,liam.costa1261@example.com,1975,2024-06-16 10:30:49
1262,Noah Okafor,noah.okafor1262@example.com,1983,2024-06-27 14:31:12
1263,Lena Larsen,lena.larsen1263@example.com,1962,2024-06-20 15:39:52
1264,Ines Petrov,ines.petrov1264@example.com,2001,2024-06-19 13:42:27
1265,Lea Petrov,lea.petrov1265@example.com,1962,2024-06-14 15:53:35
1266,Elijah Johnson,elijah.johnson1266@example.com,1972,2024-06-07 06:11:03
1267,Ravi Berg,ravi.berg1267@example.com,2000,2024-06-09 08:02:44
1268,Elijah Weber,elijah.weber1268@example.com,1961,2024-06-19 04:50:24
1269,Kai Silva,kai.silva1269@example.com,1995,2024-06-04 17:46:38
1270,Aya Ricci,aya.ricci1270@example.com,1964,2024-06-07 06:10:03
1271,Yuki Rossi,yuki.rossi1271@example.com,1987,2024-06-26 21:54:52
1272,Luca Ricci,luca.ricci1272@example.com,1973,2024-06-09 17:13:41
1273,Nina Toth,nina.toth1273@example.com,1971,2024-06-15 11:26:16
1274,Elijah Muller,elijah.muller1274@example.com,1990,2024-06-23 16:15:32
1275,Zara Rossi,zara.rossi1275@example.com,2001,2024-06-28 23:55:33
1276,Hugo Okafor,hugo.okafor1276@example.com,1966,2024-06-26 06:18:04
1277,Liam Petrov,liam.petrov1277@example.com,1958,2024-06-21 22:25:18
1278,Aris Andersen,aris.andersen1278@example.com,1969,2024-06-26 05:54:49
1279,Milan Weber,milan.weber1279@example.com,1963,2024-06-04 20:03:16
1280,Zara Ricci,zara.ricci1280@example.com,1965,2024-06-05 22:29:33
1281,Mila Novak,mila.novak1281@example.com,1979,2024-06-08 06:09:19
1282,Lena Novak,lena.novak1282@example.com,1986,2024-06-21 18:21:20
1283,Zara Novak,zara.novak1283@example.com,1992,2024-06-17 08:30:25
1284,Yuki Andersen,yuki.andersen1284@example.com,1968,2024-06-18 21:29:00
1285,Yuki Weber,yuki.weber1285@example.com,1958,2024-06-08 08:57:27
1286,Milan Haddad,milan.haddad1286@example.com,1994,2024-06-24 21:20:31
1287,Aya Costa,aya.costa1287@example.com,1968,2024-06-08 16:50:53
1288,Noah Haddad,noah.haddad1288@example.com,1973,2024-06-22 02:54:28
1289,Aya Ricci,aya.ricci1289@example.com,1967,2024-06-14 01:55:55
1290,Noah Yilmaz,noah.yilmaz1290@example.com,2002,2024-06-27 16:14:19
1291,Aya Weber,aya.weber1291@example.com,1967,2024-06-02 03:06:23
1292,Hugo Petrov,hugo.petrov1292@example.com,1990,2024-06-16 05:35:59
1293,Ines Andersen,ines.andersen1293@example.com,1987,2024-06-06 07:22:52
1294,Freya Yilmaz,freya.yilmaz1294@example.com,1992,2024-06-12 01:45:54
1295,Ravi Ricci,ravi.ricci1295@example.com,1984,2024-06-05 18:49:26
1296,Noah Dubois,noah.dubois1296@example.com,1977,2024-06-08 06:31:30
1297,Milan Yilmaz,milan.yilmaz1297@example.com,1997,2024-06-14 00:43:26
1298,Nina Kowalski,nina.kowalski1298@example.com,1982,2024-06-09 00:51:49
1299,Lena Ivanov,lena.ivanov1299@example.com,1969,2024-06-03 05:12:00
1300,Sofia Nakamura,sofia.nakamura1300@example.com,1980,2024-06-13 10:02:26
1301,Aris Haddad,aris.haddad1301@example.com,1999,2024-06-01 04:30:03
1302,Luca Dubois,luca.dubois1302@example.com,1961,2024-06-03 08:31:30
1303,Aris Kowalski,aris.kowalski1303@example.com,1979,2024-06-07 06:57:21
1304,Aya Muller,aya.muller1304@example.com,1968,2024-06-01 12:34:30
1305,Lea Berg,lea.berg1305@example.com,1995,2024-06-27 09:05:08
1306,Noah Okafor,noah.okafor1306@example.com,1977,2024-06-17 04:15:37
1307,Sana Toth,sana.toth1307@example.com,1990,2024-06-22 14:57:14
1308,Sofia Okafor,sofia.okafor1308@example.com,1961,2024-06-13 09:23:54
1309,Zara Sorensen,zara.sorensen1309@example.com,1978,2024-06-14 14:05:56
1310,Yuki Ivanov,yuki.ivanov1310@example.com,1961,2024-06-04 13:27:13
1311,Nora Nakamura,nora.nakamura1311@example.com,1955,2024-06-17 05:16:15
1312,Tomas Costa,tomas.costa1312@example.com,1980,2024-06-25 08:48:12
1313,Liam Silva,liam.silva1313@example.com,1956,2024-06-25 13:16:27
1314,Noah Rossi,noah.rossi1314@example.com,1978,2024-06-02 22:40:37
1315,Milan Andersen,milan.andersen1315@example.com,1979,2024-06-06 15:58:18
1316,Zara Yilmaz,zara.yilmaz1316@example.com,1976,2024-06-23 04:09:16
1317,Aris Zhang,aris.zhang1317@example.com,1999,2024-06-12 00:21:30
1318,Omar Andersen,omar.andersen1318@example.com,1959,2024-06-02 11:01:30
1319,Zara Costa,zara.costa1319@example.com,1977,2024-06-18 10:30:19
1320,Aya Silva,aya.silva1320@example.com,1985,2024-06-28 19:49:41
1321,Kai Berg,kai.berg1321@example.com,1987,2024-06-18 01:27:46
1322,Milan Moreau,milan.moreau1322@example.com,1998,2024-06-04 19:29:12
1323,Tomas Weber,tomas.weber1323@example.com,1992,2024-06-10 12:16:15
1324,Aya Nakamura,aya.nakamura1324@example.com,1988,2024-06-10 06:21:42
1325,Luca Rossi,luca.rossi1325@example.com,1960,2024-06-02 21:29:09
1326,Milan Dubois,milan.dubois1326@example.com,1963,2024-06-21 15:52:57
1327,Ravi Muller,ravi.muller1327@example.com,1978,2024-06-22 13:18:46
1328,Lea Silva,lea.silva1328@example.com,2000,2024-06-24 15:56:08
1329,Tomas Silva,tomas.silva1329@example.com,1978,2024-06-18 19:12:08
1330,Lena Rossi,lena.rossi1330@example.com,1971,2024-06-07 09:29:46
1331,Nora Novak,nora.novak1331@example.com,2000,2024-06-11 07:28:43
1332,Noah Weber,noah.weber1332@example.com,1998,2024-06-18 06:51:04
1333,Mila Berg,mila.berg1333@example.com,1994,2024-06-01 05:55:41
1334,Elijah Kowalski,elijah.kowalski1334@example.com,1990,2024-06-24 20:35:36
1335,Zara Sorensen,zara.sorensen1335@example.com,1983,2024-06-01 06:32:45
1336,Ines Yilmaz,ines.yilmaz1336@example.com,1967,2024-06-08 15:58:34
1337,Lea Andersen,lea.andersen1337@example.com,1988,2024-06-12 23:41:59
1338,Ravi Andersen,ravi.andersen1338@example.com,1991,2024-06-20 01:59:01
1339,Aya Ricci,aya.ricci1339@example.com,1982,2024-06-25 23:27:22
1340,Zara Yilmaz,zara.yilmaz1340@example.com,1998,2024-06-24 02:14:05
1341,Aya Sorensen,aya.sorensen1341@example.com,1964,2024-06-05 01:09:19
1342,Nina Costa,nina.costa1342@example.com,1973,2024-06-08 21:36:04
1343,Kai Berg,kai.berg1343@example.com,1955,2024-06-27 15:04:26
1344,Omar Silva,omar.silva1344@example.com,1974,2024-06-15 19:31:19
1345,Aris Nakamura,aris.nakamura1345@example.com,1990,2024-06-08 16:16:39
1346,Lea Weber,lea.weber1346@example.com,1977,2024-06-04 13:30:08
1347,Luca Costa,luca.costa1347@example.com,1989,2024-06-26 18:28:51
1348,Lena Silva,lena.silva1348@example.com,1975,2024-06-23 15:26:45
1349,Ines Silva,ines.silva1349@example.com,1984,2024-06-24 15:55:15
1350,Hugo Moreau,hugo.moreau1350@example.com,1973,2024-06-08 16:54:59
1351,Mila Toth,mila.toth1351@example.com,1955,2024-06-28 13:38:54
1352,Ines Muller,ines.muller1352@example.com,1959,2024-06-27 18:47:56
1353,Nora Weber,nora.weber1353@example.com,1995,2024-06-20 03:33:42
1354,Sana Zhang,sana.zhang1354@example.com,1995,2024-06-19 13:12:06
1355,Sana Varga,sana.varga1355@example.com,1991,2024-06-16 20:00:33
1356,Zara Novak,zara.novak1356@example.com,1983,2024-06-10 10:43:08
1357,Sofia Ricci,sofia.ricci1357@example.com,1970,2024-06-09 02:57:57
1358,Aya Varga,aya.varga1358@example.com,1998,2024-07-21 19:56:22
1359,Freya Muller,freya.muller1359@example.com,1980,2024-07-14 04:22:57
1360,Hugo Toth,hugo.toth1360@example.com,1984,2024-07-28 22:15:27
1361,Elijah Larsen,elijah.larsen1361@example.com,1996,2024-07-20 10:12:01
1362,Omar Novak,omar.novak1362@example.com,1956,2024-07-19 10:15:21
1363,Zara Nakamura,zara.nakamura1363@example.com,1977,2024-07-03 09:55:39
1364,Zara Costa,zara.costa1364@example.com,1987,2024-07-12 23:29:10
1365,Omar Novak,omar.novak1365@example.com,1973,2024-07-15 13:01:01
1366,Noah Kowalski,noah.kowalski1366@example.com,1975,2024-07-17 13:28:16
1367,Milan Nakamura,milan.nakamura1367@example.com,1993,2024-07-12 21:16:48
1368,Zara Haddad,zara.haddad1368@example.com,1979,2024-07-18 08:25:19
1369,Mila Sorensen,mila.sorensen1369@example.com,1965,2024-07-07 02:11:15
1370,Yuki Okafor,yuki.okafor1370@example.com,1966,2024-07-21 23:59:48
1371,Yuki Andersen,yuki.andersen1371@example.com,1957,2024-07-25 06:11:10
1372,Aya Rossi,aya.rossi1372@example.com,1963,2024-07-24 15:50:32
1373,Kai Petrov,kai.petrov1373@example.com,2002,2024-07-15 09:42:06
1374,Tomas Larsen,tomas.larsen1374@example.com,1984,2024-07-04 02:23:06
1375,Nora Silva,nora.silva1375@example.com,1956,2024-07-22 12:39:17
1376,Kai Johnson,kai.johnson1376@example.com,1987,2024-07-01 05:14:16
1377,Mila Weber,mila.weber1377@example.com,1959,2024-07-08 21:22:46
1378,Liam Haddad,liam.haddad1378@example.com,1985,2024-07-11 04:51:47
1379,Elijah Yilmaz,elijah.yilmaz1379@example.com,1999,2024-07-02 09:03:08
1380,Kai Dubois,kai.dubois1380@example.com,1993,2024-07-17 15:32:27
1381,Ines Berg,ines.berg1381@example.com,1970,2024-07-22 03:53:26
1382,Nina Dubois,nina.dubois1382@example.com,1955,2024-07-06 20:03:29
1383,Kai Varga,kai.varga1383@example.com,1961,2024-07-20 18:36:10
1384,Hugo Muller,hugo.muller1384@example.com,1969,2024-07-04 12:17:07
1385,Nora Andersen,nora.andersen1385@example.com,1995,2024-07-08 16:33:14
1386,Nina Nakamura,nina.nakamura1386@example.com,1987,2024-07-12 23:37:05
1387,Aya Nakamura,aya.nakamura1387@example.com,1968,2024-07-26 00:14:24
1388,Kai Zhang,kai.zhang1388@example.com,1958,2024-07-18 18:59:12
1389,Tomas Ivanov,tomas.ivanov1389@example.com,1975,2024-07-14 00:00:08
1390,Noah Silva,noah.silva1390@example.com,1964,2024-07-11 05:23:00
1391,Sana Costa,sana.costa1391@example.com,1997,2024-07-07 21:50:02
1392,Hugo Larsen,hugo.larsen1392@example.com,1966,2024-07-24 19:33:47
1393,Lea Ivanov,lea.ivanov1393@example.com,1994,2024-07-10 02:11:15
1394,Emma Haddad,emma.haddad1394@example.com,1997,2024-07-19 08:14:28
1395,Yuki Larsen,yuki.larsen1395@example.com,1993,2024-07-20 01:51:55
1396,Liam Larsen,liam.larsen1396@example.com,1983,2024-07-15 07:40:12
1397,Luca Dubois,luca.dubois1397@example.com,1977,2024-07-09 14:13:14
1398,Zara Moreau,zara.moreau1398@example.com,1961,2024-07-28 16:23:23
1399,Zara Sorensen,zara.sorensen1399@example.com,1959,2024-07-16 07:13:58
1400,Freya Andersen,freya.andersen1400@example.com,1982,2024-07-01 21:28:02
1401,Lea Rossi,lea.rossi1401@example.com,1991,2024-07-15 18:11:50
1402,Mila Yilmaz,mila.yilmaz1402@example.com,1993,2024-07-21 12:23:14
1403,Noah Ivanov,noah.ivanov1403@example.com,1998,2024-07-18 11:18:33
1404,Sofia Yilmaz,sofia.yilmaz1404@example.com,1991,2024-07-26 02:10:09
1405,Zara Andersen,zara.andersen1405@example.com,1966,2024-07-21 18:58:08
1406,Tomas Kowalski,tomas.kowalski1406@example.com,1973,2024-07-09 16:10:52
1407,Emma Berg,emma.berg1407@example.com,1981,2024-07-25 05:29:34
1408,Kai Andersen,kai.andersen1408@example.com,1988,2024-07-23 01:05:43
1409,Omar Toth,omar.toth1409@example.com,1966,2024-07-03 16:49:12
1410,Liam Kowalski,liam.kowalski1410@example.com,1962,2024-07-26 22:16:20
1411,Emma Ivanov,emma.ivanov1411@example.com,1955,2024-07-08 04:23:51
1412,Lena Yilmaz,lena.yilmaz1412@example.com,1987,2024-07-10 16:26:21
1413,Zara Nakamura,zara.nakamura1413@example.com,1988,2024-07-09 13:20:50
1414,Zara Andersen,zara.andersen1414@example.com,1992,2024-07-16 06:22:08
1415,Freya Ivanov,freya.ivanov1415@example.com,1996,2024-07-09 18:20:31
1416,Lena Okafor,lena.okafor1416@example.com,1989,2024-07-01 09:54:37
1417,Freya Silva,freya.silva1417@example.com,1991,2024-07-20 22:31:15
1418,Freya Berg,freya.berg1418@example.com,1979,2024-07-25 12:52:46
1419,Elijah Ivanov,elijah.ivanov1419@example.com,1961,2024-07-13 08:56:01
1420,Hugo Petrov,hugo.petrov1420@example.com,1973,2024-07-08 03:47:27
1421,Yuki Rossi,yuki.rossi1421@example.com,1982,2024-07-10 16:14:08
1422,Lea Nakamura,lea.nakamura1422@example.com,1998,2024-07-04 06:12:18
1423,Tomas Costa,tomas.costa1423@example.com,1999,2024-07-08 04:53:11
1424,Nina Haddad,nina.haddad1424@example.com,1993,2024-07-13 19:02:30
1425,Lena Varga,lena.varga1425@example.com,1995,2024-07-02 08:58:51
1426,Tomas Ricci,tomas.ricci1426@example.com,1975,2024-07-22 14:44:04
1427,Noah Dubois,noah.dubois1427@example.com,1976,2024-07-07 14:16:05
1428,Lea Okafor,lea.okafor1428@example.com,1986,2024-07-16 13:48:48
1429,Lena Muller,lena.muller1429@example.com,1968,2024-07-12 16:12:31
1430,Ravi Varga,ravi.varga1430@example.com,1988,2024-07-05 20:38:57
1431,Hugo Costa,hugo.costa1431@example.com,1967,2024-07-02 15:09:24
1432,Liam Kowalski,liam.kowalski1432@example.com,1985,2024-07-22 07:47:19
1433,Zara Kowalski,zara.kowalski1433@example.com,1971,2024-07-08 06:38:43
1434,Zara Okafor,zara.okafor1434@example.com,2002,2024-07-07 00:49:51
1435,Nora Andersen,nora.andersen1435@example.com,1963,2024-07-15 08:47:11
1436,Nora Toth,nora.toth1436@example.com,1970,2024-07-03 07:25:35
1437,Emma Silva,emma.silva1437@example.com,1969,2024-07-25 20:50:53
1438,Luca Moreau,luca.moreau1438@example.com,1967,2024-07-21 19:14:55
1439,Sofia Petrov,sofia.petrov1439@example.com,1977,2024-07-25 04:24:59
1440,Noah Petrov,noah.petrov1440@example.com,1955,2024-07-21 05:46:54
1441,Zara Zhang,zara.zhang1441@example.com,1963,2024-07-02 05:05:51
1442,Tomas Ricci,tomas.ricci1442@example.com,1984,2024-07-05 20:35:46
1443,Zara Nakamura,zara.nakamura1443@example.com,2001,2024-07-20 00:02:39
1444,Ines Kowalski,ines.kowalski1444@example.com,1992,2024-07-21 12:13:56
1445,Mila Johnson,mila.johnson1445@example.com,1969,2024-07-26 21:27:27
1446,Yuki Weber,yuki.weber1446@example.com,1962,2024-07-01 08:37:52
1447,Nora Zhang,nora.zhang1447@example.com,1983,2024-07-13 12:28:56
1448,Luca Weber,luca.weber1448@example.com,1962,2024-07-06 19:55:50
1449,Omar Ivanov,omar.ivanov1449@example.com,1978,2024-07-12 03:29:59
1450,Zara Andersen,zara.andersen1450@example.com,1991,2024-07-25 03:47:56
1451,Aya Johnson,aya.johnson1451@example.com,1990,2024-07-10 04:08:28
1452,Aris Novak,aris.novak1452@example.com,1972,2024-07-15 18:01:57
1453,Mila Muller,mila.muller1453@example.com,1986,2024-07-09 02:23:05
1454,Milan Larsen,milan.larsen1454@example.com,1991,2024-07-26 16:53:50
1455,Hugo Andersen,hugo.andersen1455@example.com,1970,2024-07-28 10:13:46
1456,Hugo Kowalski,hugo.kowalski1456@example.com,1984,2024-07-22 17:22:24
1457,Omar Petrov,omar.petrov1457@example.com,1975,2024-07-08 23:50:43
1458,Hugo Zhang,hugo.zhang1458@example.com,1970,2024-07-28 01:53:30
1459,Mila Varga,mila.varga1459@example.com,1988,2024-08-26 10:05:48
1460,Aris Costa,aris.costa1460@example.com,1962,2024-08-03 02:28:44
1461,Noah Haddad,noah.haddad1461@example.com,1982,2024-08-24 07:07:56
1462,Lena Dubois,lena.dubois1462@example.com,1983,2024-08-27 14:38:34
1463,Liam Haddad,liam.haddad1463@example.com,1995,2024-08-25 20:36:41
1464,Nina Johnson,nina.johnson1464@example.com,1981,2024-08-09 22:29:19
1465,Lena Rossi,lena.rossi1465@example.com,1975,2024-08-04 04:07:16
1466,Milan Moreau,milan.moreau1466@example.com,1972,2024-08-18 01:30:33
1467,Nina Muller,nina.muller1467@example.com,1966,2024-08-14 15:10:13
1468,Omar Varga,omar.varga1468@example.com,1978,2024-08-06 23:44:21
1469,Sofia Weber,sofia.weber1469@example.com,1970,2024-08-24 02:50:03
1470,Hugo Kowalski,hugo.kowalski1470@example.com,1969,2024-08-23 18:48:10
1471,Hugo Costa,hugo.costa1471@example.com,1984,2024-08-06 14:30:06
1472,Milan Andersen,milan.andersen1472@example.com,1976,2024-08-07 18:58:34
1473,Nina Moreau,nina.moreau1473@example.com,1993,2024-08-11 05:07:35
1474,Omar Moreau,omar.moreau1474@example.com,1996,2024-08-26 20:24:39
1475,Omar Yilmaz,omar.yilmaz1475@example.com,1984,2024-08-20 06:29:23
1476,Emma Nakamura,emma.nakamura1476@example.com,1979,2024-08-18 13:00:21
1477,Sofia Yilmaz,sofia.yilmaz1477@example.com,2001,2024-08-25 03:11:05
1478,Sana Nakamura,sana.nakamura1478@example.com,1970,2024-08-12 20:08:06
1479,Lena Ivanov,lena.ivanov1479@example.com,1957,2024-08-19 13:08:41
1480,Mila Okafor,mila.okafor1480@example.com,2001,2024-08-26 11:51:48
1481,Sana Novak,sana.novak1481@example.com,1958,2024-08-24 13:33:11
1482,Nora Nakamura,nora.nakamura1482@example.com,1995,2024-08-24 07:45:26
1483,Noah Okafor,noah.okafor1483@example.com,1969,2024-08-09 02:04:26
1484,Nora Toth,nora.toth1484@example.com,1971,2024-08-14 08:44:18
1485,Ines Zhang,ines.zhang1485@example.com,1977,2024-08-21 02:11:06
1486,Lena Berg,lena.berg1486@example.com,1956,2024-08-04 05:58:24
1487,Emma Yilmaz,emma.yilmaz1487@example.com,1990,2024-08-27 16:36:29
1488,Sana Muller,sana.muller1488@example.com,1986,2024-08-01 17:36:45
1489,Luca Silva,luca.silva1489@example.com,1998,2024-08-12 00:30:32
1490,Nina Sorensen,nina.sorensen1490@example.com,1959,2024-08-22 03:52:47
1491,Sana Sorensen,sana.sorensen1491@example.com,1988,2024-08-09 02:02:49
1492,Milan Ivanov,milan.ivanov1492@example.com,1983,2024-08-28 20:47:24
1493,Luca Petrov,luca.petrov1493@example.com,1988,2024-08-17 22:06:37
1494,Noah Berg,noah.berg1494@example.com,1968,2024-08-17 02:13:33
1495,Milan Petrov,milan.petrov1495@example.com,1993,2024-08-05 22:35:25
1496,Sofia Weber,sofia.weber1496@example.com,1998,2024-08-16 11:54:26
1497,Tomas Kowalski,tomas.kowalski1497@example.com,1988,2024-08-04 14:19:18
1498,Ines Varga,ines.varga1498@example.com,1963,2024-08-23 21:15:46
1499,Noah Haddad,noah.haddad1499@example.com,1989,2024-08-06 04:11:27
1500,Tomas Zhang,tomas.zhang1500@example.com,1970,2024-08-02 17:06:36
1501,Luca Zhang,luca.zhang1501@example.com,1963,2024-08-22 09:49:22
1502,Ines Berg,ines.berg1502@example.com,1958,2024-08-02 06:56:06
1503,Nora Zhang,nora.zhang1503@example.com,1961,2024-08-06 04:39:12
1504,Lea Varga,lea.varga1504@example.com,1962,2024-08-04 01:22:41
1505,Lea Novak,lea.novak1505@example.com,1957,2024-08-21 02:33:03
1506,Liam Okafor,liam.okafor1506@example.com,2002,2024-08-11 10:58:15
1507,Milan Silva,milan.silva1507@example.com,1974,2024-08-05 04:03:23
1508,Aris Weber,aris.weber1508@example.com,1970,2024-08-04 11:16:16
1509,Luca Toth,luca.toth1509@example.com,1991,2024-08-17 04:29:18
1510,Lea Ricci,lea.ricci1510@example.com,1986,2024-08-20 03:50:16
1511,Tomas Zhang,tomas.zhang1511@example.com,1969,2024-08-15 06:11:26
1512,Lena Okafor,lena.okafor1512@example.com,1960,2024-08-05 13:08:53
1513,Aya Moreau,aya.moreau1513@example.com,1990,2024-08-03 13:32:25
1514,Freya Ivanov,freya.ivanov1514@example.com,1962,2024-08-11 22:56:03
1515,Noah Silva,noah.silva1515@example.com,2002,2024-08-15 13:53:26
1516,Lea Petrov,lea.petrov1516@example.com,1996,2024-08-10 19:25:26
1517,Nina Toth,nina.toth1517@example.com,1988,2024-08-05 08:53:37
1518,Yuki Andersen,yuki.andersen1518@example.com,1984,2024-08-12 19:51:44
1519,Noah Kowalski,noah.kowalski1519@example.com,1985,2024-08-05 09:38:14
1520,Zara Zhang,zara.zhang1520@example.com,1970,2024-08-25 22:54:08
1521,Kai Ricci,kai.ricci1521@example.com,1967,2024-08-19 16:01:59
1522,Tomas Petrov,tomas.petrov1522@example.com,1974,2024-08-14 21:39:54
1523,Aris Weber,aris.weber1523@example.com,1963,2024-08-20 15:32:42
1524,Kai Toth,kai.toth1524@example.com,1995,2024-08-14 18:56:04
1525,Hugo Ivanov,hugo.ivanov1525@example.com,1982,2024-08-14 18:33:53
1526,Lena Rossi,lena.rossi1526@example.com,1989,2024-08-03 11:48:52
1527,Luca Johnson,luca.johnson1527@example.com,1975,2024-08-27 15:31:56
1528,Nina Yilmaz,nina.yilmaz1528@example.com,1957,2024-08-07 22:20:56
1529,Liam Larsen,liam.larsen1529@example.com,1977,2024-08-19 19:43:00
1530,Zara Novak,zara.novak1530@example.com,1998,2024-08-20 11:20:30
1531,Noah Varga,noah.varga1531@example.com,1992,2024-08-24 12:33:14
1532,Emma Johnson,emma.johnson1532@example.com,1956,2024-08-20 14:43:09
1533,Mila Larsen,mila.larsen1533@example.com,1966,2024-08-15 05:57:45
1534,Kai Dubois,kai.dubois1534@example.com,1973,2024-08-17 09:39:21
1535,Ines Moreau,ines.moreau1535@example.com,1974,2024-08-28 02:54:43
1536,Kai Costa,kai.costa1536@example.com,1975,2024-08-13 14:25:05
1537,Lea Ivanov,lea.ivanov1537@example.com,1971,2024-08-22 17:24:48
1538,Mila Johnson,mila.johnson1538@example.com,1965,2024-08-15 02:26:57
1539,Emma Larsen,emma.larsen1539@example.com,1964,2024-08-10 10:41:40
1540,Sana Andersen,sana.andersen1540@example.com,1976,2024-08-13 06:18:58
1541,Kai Rossi,kai.rossi1541@example.com,1976,2024-08-18 21:50:28
1542,Emma Moreau,emma.moreau1542@example.com,1963,2024-08-14 12:43:44
1543,Milan Zhang,milan.zhang1543@example.com,2002,2024-08-18 08:47:04
1544,Ines Larsen,ines.larsen1544@example.com,1980,2024-08-17 07:31:36
1545,Freya Rossi,freya.rossi1545@example.com,1956,2024-08-20 05:00:57
1546,Tomas Okafor,tomas.okafor1546@example.com,1998,2024-08-19 09:24:04
1547,Elijah Larsen,elijah.larsen1547@example.com,1978,2024-08-03 20:54:40
1548,Ines Nakamura,ines.nakamura1548@example.com,1975,2024-08-14 19:00:30
1549,Nora Petrov,nora.petrov1549@example.com,1972,2024-08-17 04:58:59
1550,Yuki Muller,yuki.muller1550@example.com,1988,2024-08-23 10:45:02
1551,Luca Okafor,luca.okafor1551@example.com,1977,2024-08-15 05:15:38
1552,Aya Andersen,aya.andersen1552@example.com,1996,2024-08-23 07:22:36
1553,Milan Johnson,milan.johnson1553@example.com,1980,2024-08-16 00:49:13
1554,Yuki Muller,yuki.muller1554@example.com,1956,2024-08-22 20:47:12
1555,Yuki Sorensen,yuki.sorensen1555@example.com,1984,2024-08-02 18:33:41
1556,Ravi Andersen,ravi.andersen1556@example.com,1996,2024-08-21 18:05:47
1557,Emma Haddad,emma.haddad1557@example.com,1987,2024-08-18 18:52:57
1558,Hugo Weber,hugo.weber1558@example.com,1962,2024-08-06 17:06:04
1559,Lena Rossi,lena.rossi1559@example.com,1979,2024-08-07 09:19:51
1560,Mila Sorensen,mila.sorensen1560@example.com,1963,2024-08-27 01:25:20
1561,Luca Petrov,luca.petrov1561@example.com,1978,2024-08-04 04:26:55
1562,Noah Dubois,noah.dubois1562@example.com,1979,2024-09-19 04:19:13
1563,Zara Zhang,zara.zhang1563@example.com,1982,2024-09-22 01:48:03
1564,Lena Dubois,lena.dubois1564@example.com,1973,2024-09-05 14:06:40
1565,Emma Varga,emma.varga1565@example.com,1999,2024-09-21 04:12:01
1566,Lea Zhang,lea.zhang1566@example.com,1962,2024-09-24 12:22:12
1567,Liam Costa,liam.costa1567@example.com,1977,2024-09-27 22:55:58
1568,Nina Silva,nina.silva1568@example.com,1960,2024-09-26 01:27:45
1569,Freya Ricci,freya.ricci1569@example.com,1989,2024-09-04 08:03:43
1570,Liam Toth,liam.toth1570@example.com,1996,2024-09-22 23:34:46
1571,Elijah Moreau,elijah.moreau1571@example.com,1972,2024-09-24 05:29:23
1572,Sana Varga,sana.varga1572@example.com,1994,2024-09-06 13:24:30
1573,Freya Yilmaz,freya.yilmaz1573@example.com,1959,2024-09-03 01:35:57
1574,Nina Larsen,nina.larsen1574@example.com,1994,2024-09-01 18:30:51
1575,Nina Nakamura,nina.nakamura1575@example.com,2001,2024-09-03 15:53:04
1576,Mila Toth,mila.toth1576@example.com,1968,2024-09-03 14:22:32
1577,Emma Muller,emma.muller1577@example.com,1964,2024-09-25 11:53:47
1578,Freya Yilmaz,freya.yilmaz1578@example.com,1996,2024-09-17 15:28:50
1579,Elijah Larsen,elijah.larsen1579@example.com,2002,2024-09-25 14:54:38
1580,Aris Varga,aris.varga1580@example.com,1956,2024-09-16 16:47:43
1581,Lena Johnson,lena.johnson1581@example.com,1983,2024-09-10 16:13:56
1582,Lena Larsen,lena.larsen1582@example.com,1971,2024-09-01 18:11:22
1583,Lea Rossi,lea.rossi1583@example.com,1985,2024-09-15 16:07:25
1584,Mila Ivanov,mila.ivanov1584@example.com,1966,2024-09-26 10:11:40
1585,Tomas Petrov,tomas.petrov1585@example.com,1995,2024-09-11 19:27:16
1586,Zara Toth,zara.toth1586@example.com,1985,2024-09-25 09:10:05
1587,Omar Berg,omar.berg1587@example.com,1973,2024-09-22 02:19:31
1588,Omar Kowalski,omar.kowalski1588@example.com,1990,2024-09-01 13:37:57
1589,Hugo Kowalski,hugo.kowalski1589@example.com,1997,2024-09-16 02:31:37
1590,Aya Yilmaz,aya.yilmaz1590@example.com,1992,2024-09-08 07:16:40
1591,Noah Kowalski,noah.kowalski1591@example.com,1968,2024-09-24 11:28:30
1592,Ines Kowalski,ines.kowalski1592@example.com,1972,2024-09-22 01:23:16
1593,Hugo Nakamura,hugo.nakamura1593@example.com,1979,2024-09-24 09:00:21
1594,Aris Muller,aris.muller1594@example.com,1968,2024-09-23 16:08:40
1595,Milan Berg,milan.berg1595@example.com,1956,2024-09-12 15:34:20
1596,Aris Kowalski,aris.kowalski1596@example.com,1985,2024-09-11 15:53:11
1597,Nina Kowalski,nina.kowalski1597@example.com,1971,2024-09-15 14:21:34
1598,Zara Nakamura,zara.nakamura1598@example.com,1997,2024-09-17 14:23:04
1599,Nora Sorensen,nora.sorensen1599@example.com,1971,2024-09-17 06:13:27
1600,Luca Kowalski,luca.kowalski1600@example.com,1996,2024-09-16 18:43:13
1601,Omar Silva,omar.silva1601@example.com,1983,2024-09-01 11:03:41
1602,Aya Novak,aya.novak1602@example.com,1958,2024-09-24 00:15:11
1603,Nora Larsen,nora.larsen1603@example.com,1988,2024-09-23 02:22:22
1604,Emma Rossi,emma.rossi1604@example.com,1981,2024-09-03 18:11:53
1605,Nina Muller,nina.muller1605@example.com,1971,2024-09-14 19:37:20
1606,Kai Moreau,kai.moreau1606@example.com,1994,2024-09-24 21:28:09
1607,Mila Costa,mila.costa1607@example.com,1959,2024-09-13 13:29:28
1608,Elijah Nakamura,elijah.nakamura1608@example.com,1966,2024-09-21 20:55:43
1609,Hugo Dubois,hugo.dubois1609@example.com,1962,2024-09-08 15:27:06
1610,Luca Weber,luca.weber1610@example.com,1982,2024-09-14 22:47:42
1611,Aya Toth,aya.toth1611@example.com,1997,2024-09-18 22:06:08
1612,Sana Okafor,sana.okafor1612@example.com,1992,2024-09-01 17:21:28
1613,Kai Dubois,kai.dubois1613@example.com,1967,2024-09-18 04:41:46
1614,Hugo Novak,hugo.novak1614@example.com,1974,2024-09-08 16:06:13
1615,Hugo Novak,hugo.novak1615@example.com,1977,2024-09-14 15:29:52
1616,Sofia Nakamura,sofia.nakamura1616@example.com,1994,2024-09-10 11:18:33
1617,Ravi Johnson,ravi.johnson1617@example.com,1985,2024-09-06 16:59:23
1618,Zara Kowalski,zara.kowalski1618@example.com,1975,2024-09-02 20:53:31
1619,Liam Silva,liam.silva1619@example.com,1988,2024-09-24 02:22:57
1620,Zara Toth,zara.toth1620@example.com,1982,2024-09-22 05:53:59
1621,Kai Johnson,kai.johnson1621@example.com,1997,2024-09-24 07:32:01
1622,Kai Larsen,kai.larsen1622@example.com,2001,2024-09-13 09:19:38
1623,Mila Toth,mila.toth1623@example.com,1956,2024-09-05 14:07:10
1624,Nora Yilmaz,nora.yilmaz1624@example.com,1957,2024-09-14 21:57:13
1625,Liam Zhang,liam.zhang1625@example.com,1963,2024-09-21 11:12:03
1626,Ravi Moreau,ravi.moreau1626@example.com,1985,2024-09-08 03:41:17
1627,Elijah Costa,elijah.costa1627@example.com,1961,2024-09-12 02:08:55
1628,Omar Costa,omar.costa1628@example.com,1967,2024-09-22 16:05:27
1629,Zara Zhang,zara.zhang1629@example.com,1971,2024-09-08 23:30:35
1630,Luca Costa,luca.costa1630@example.com,1969,2024-09-19 16:31:03
1631,Yuki Haddad,yuki.haddad1631@example.com,1976,2024-09-09 04:37:10
1632,Nora Rossi,nora.rossi1632@example.com,1999,2024-09-27 05:02:17
1633,Sana Sorensen,sana.sorensen1633@example.com,1993,2024-09-09 10:48:50
1634,Zara Okafor,zara.okafor1634@example.com,1964,2024-09-12 07:59:38
1635,Lena Ivanov,lena.ivanov1635@example.com,1990,2024-09-17 00:03:43
1636,Lea Novak,lea.novak1636@example.com,1998,2024-09-09 19:56:20
1637,Tomas Ricci,tomas.ricci1637@example.com,1963,2024-09-26 01:06:14
1638,Omar Moreau,omar.moreau1638@example.com,1957,2024-09-08 21:45:53
1639,Freya Zhang,freya.zhang1639@example.com,1990,2024-09-06 01:12:41
1640,Sofia Kowalski,sofia.kowalski1640@example.com,1964,2024-09-04 12:25:08
1641,Zara Berg,zara.berg1641@example.com,1959,2024-09-05 19:36:00
1642,Zara Rossi,zara.rossi1642@example.com,1972,2024-09-20 00:37:59
1643,Hugo Yilmaz,hugo.yilmaz1643@example.com,1959,2024-09-19 21:30:03
1644,Ravi Yilmaz,ravi.yilmaz1644@example.com,1971,2024-09-15 20:18:51
1645,Emma Berg,emma.berg1645@example.com,1958,2024-09-06 19:09:02
1646,Nora Muller,nora.muller1646@example.com,1972,2024-09-06 23:41:11
1647,Aya Ricci,aya.ricci1647@example.com,1988,2024-09-04 19:10:01
1648,Mila Costa,mila.costa1648@example.com,1979,2024-09-13 07:33:37
1649,Freya Kowalski,freya.kowalski1649@example.com,1967,2024-09-07 21:20:11
1650,Nina Andersen,nina.andersen1650@example.com,1968,2024-09-08 11:24:25
1651,Sana Ricci,sana.ricci1651@example.com,1969,2024-09-10 05:46:19
1652,Liam Novak,liam.novak1652@example.com,1969,2024-09-18 21:41:35
1653,Kai Costa,kai.costa1653@example.com,1980,2024-09-18 00:38:41
1654,Freya Toth,freya.toth1654@example.com,1956,2024-09-21 15:01:35
1655,Nina Ivanov,nina.ivanov1655@example.com,1982,2024-09-21 05:25:14
1656,Elijah Berg,elijah.berg1656@example.com,1973,2024-09-13 10:00:16
1657,Elijah Sorensen,elijah.sorensen1657@example.com,1985,2024-09-07 06:33:33
1658,Emma Weber,emma.weber1658@example.com,1997,2024-09-04 14:05:18
1659,Yuki Ivanov,yuki.ivanov1659@example.com,1995,2024-09-02 04:56:49
1660,Hugo Haddad,hugo.haddad1660@example.com,1964,2024-09-07 07:35:40
1661,Aya Dubois,aya.dubois1661@example.com,1960,2024-09-24 04:56:43
1662,Elijah Johnson,elijah.johnson1662@example.com,2002,2024-09-20 13:14:56
1663,Liam Muller,liam.muller1663@example.com,1989,2024-09-20 16:17:37
1664,Aris Zhang,aris.zhang1664@example.com,1997,2024-09-10 23:11:46
1665,Freya Petrov,freya.petrov1665@example.com,1957,2024-09-08 01:54:02
1666,Noah Ivanov,noah.ivanov1666@example.com,1986,2024-09-23 07:29:50
1667,Zara Zhang,zara.zhang1667@example.com,1979,2024-09-18 10:50:45
1668,Liam Zhang,liam.zhang1668@example.com,1992,2024-10-24 20:46:14
1669,Emma Ivanov,emma.ivanov1669@example.com,1976,2024-10-14 16:10:08
1670,Ines Zhang,ines.zhang1670@example.com,1959,2024-10-23 12:19:21
1671,Lena Muller,lena.muller1671@example.com,1976,2024-10-02 21:27:53
1672,Ravi Toth,ravi.toth1672@example.com,1974,2024-10-09 20:53:03
1673,Liam Johnson,liam.johnson1673@example.com,1971,2024-10-26 23:24:09
1674,Mila Berg,mila.berg1674@example.com,1961,2024-10-11 08:21:36
1675,Nina Yilmaz,nina.yilmaz1675@example.com,1977,2024-10-25 07:17:36
1676,Ines Okafor,ines.okafor1676@example.com,1977,2024-10-14 09:14:29
1677,Nina Novak,nina.novak1677@example.com,1990,2024-10-03 16:36:22
1678,Elijah Toth,elijah.toth1678@example.com,1987,2024-10-03 04:56:04
1679,Aris Varga,aris.varga1679@example.com,1968,2024-10-19 10:52:50
1680,Milan Nakamura,milan.nakamura1680@example.com,1969,2024-10-17 00:01:02
1681,Yuki Ivanov,yuki.ivanov1681@example.com,1978,2024-10-10 01:26:40
1682,Yuki Weber,yuki.weber1682@example.com,1984,2024-10-17 10:42:17
1683,Noah Kowalski,noah.kowalski1683@example.com,1972,2024-10-19 06:55:08
1684,Kai Larsen,kai.larsen1684@example.com,1955,2024-10-22 21:20:16
1685,Ines Toth,ines.toth1685@example.com,1964,2024-10-12 20:25:41
1686,Ines Johnson,ines.johnson1686@example.com,1981,2024-10-07 20:26:57
1687,Elijah Nakamura,elijah.nakamura1687@example.com,1978,2024-10-13 19:10:24
1688,Elijah Ivanov,elijah.ivanov1688@example.com,1964,2024-10-12 09:28:00
1689,Omar Kowalski,omar.kowalski1689@example.com,2002,2024-10-28 08:29:53
1690,Emma Sorensen,emma.sorensen1690@example.com,1994,2024-10-17 03:13:48
1691,Nina Johnson,nina.johnson1691@example.com,1981,2024-10-18 01:53:08
1692,Zara Haddad,zara.haddad1692@example.com,1958,2024-10-22 00:06:06
1693,Tomas Silva,tomas.silva1693@example.com,1997,2024-10-14 09:21:03
1694,Lea Novak,lea.novak1694@example.com,1969,2024-10-05 09:37:48
1695,Liam Haddad,liam.haddad1695@example.com,1981,2024-10-18 07:02:57
1696,Nora Nakamura,nora.nakamura1696@example.com,1995,2024-10-22 12:41:38
1697,Sana Johnson,sana.johnson1697@example.com,1971,2024-10-03 22:06:02
1698,Sana Andersen,sana.andersen1698@example.com,1963,2024-10-11 14:00:20
1699,Noah Nakamura,noah.nakamura1699@example.com,1995,2024-10-19 14:48:43
1700,Liam Toth,liam.toth1700@example.com,1968,2024-10-17 22:40:18
1701,Tomas Sorensen,tomas.sorensen1701@example.com,1969,2024-10-11 13:55:09
1702,Emma Haddad,emma.haddad1702@example.com,1987,2024-10-09 19:20:16
1703,Elijah Rossi,elijah.rossi1703@example.com,1994,2024-10-03 13:51:31
1704,Ines Sorensen,ines.sorensen1704@example.com,1986,2024-10-03 08:20:38
1705,Nina Yilmaz,nina.yilmaz1705@example.com,1972,2024-10-17 15:13:00
1706,Kai Zhang,kai.zhang1706@example.com,1957,2024-10-13 20:02:05
1707,Omar Silva,omar.silva1707@example.com,2002,2024-10-27 08:25:00
1708,Luca Silva,luca.silva1708@example.com,1998,2024-10-12 08:22:40
1709,Kai Kowalski,kai.kowalski1709@example.com,1988,2024-10-21 23:37:22
1710,Nina Yilmaz,nina.yilmaz1710@example.com,1990,2024-10-11 04:43:04
1711,Tomas Nakamura,tomas.nakamura1711@example.com,1974,2024-10-09 09:27:24
1712,Luca Rossi,luca.rossi1712@example.com,2001,2024-10-17 20:33:20
1713,Omar Yilmaz,omar.yilmaz1713@example.com,1980,2024-10-07 21:53:18
1714,Noah Ivanov,noah.ivanov1714@example.com,1959,2024-10-20 08:27:15
1715,Mila Okafor,mila.okafor1715@example.com,1957,2024-10-24 23:22:29
1716,Lena Moreau,lena.moreau1716@example.com,1995,2024-10-16 06:21:27
1717,Milan Sorensen,milan.sorensen1717@example.com,1990,2024-10-05 13:50:53
1718,Nora Moreau,nora.moreau1718@example.com,1990,2024-10-06 05:04:05
1719,Liam Toth,liam.toth1719@example.com,1978,2024-10-20 14:24:01
1720,Kai Varga,kai.varga1720@example.com,2000,2024-10-27 11:42:32
1721,Yuki Costa,yuki.costa1721@example.com,1992,2024-10-13 10:59:35
1722,Elijah Moreau,elijah.moreau1722@example.com,1956,2024-10-27 17:11:32
1723,Omar Kowalski,omar.kowalski1723@example.com,1997,2024-10-16 21:38:44
1724,Luca Muller,luca.muller1724@example.com,1987,2024-10-22 12:35:42
1725,Zara Okafor,zara.okafor1725@example.com,1975,2024-10-19 21:20:02
1726,Ravi Toth,ravi.toth1726@example.com,1957,2024-10-06 11:23:04
1727,Lena Silva,lena.silva1727@example.com,1978,2024-10-22 08:15:01
1728,Sofia Okafor,sofia.okafor1728@example.com,1975,2024-10-06 15:10:47
1729,Emma Johnson,emma.johnson1729@example.com,2000,2024-10-02 01:33:26
1730,Sofia Johnson,sofia.johnson1730@example.com,1966,2024-10-24 20:31:22
1731,Aris Toth,aris.toth1731@example.com,1989,2024-10-28 05:50:31
1732,Omar Costa,omar.costa1732@example.com,1987,2024-10-21 19:09:22
1733,Mila Haddad,mila.haddad1733@example.com,1955,2024-10-06 17:20:54
1734,Nora Zhang,nora.zhang1734@example.com,1988,2024-10-06 08:37:14
1735,Kai Varga,kai.varga1735@example.com,1992,2024-10-04 14:53:00
1736,Nora Rossi,nora.rossi1736@example.com,1979,2024-10-10 09:32:39
1737,Milan Haddad,milan.haddad1737@example.com,1985,2024-10-21 10:57:23
1738,Emma Johnson,emma.johnson1738@example.com,1971,2024-10-14 13:22:30
1739,Yuki Kowalski,yuki.kowalski1739@example.com,1959,2024-10-20 05:37:22
1740,Elijah Johnson,elijah.johnson1740@example.com,1962,2024-10-24 06:30:04
1741,Zara Costa,zara.costa1741@example.com,1984,2024-10-15 01:39:25
1742,Sofia Yilmaz,sofia.yilmaz1742@example.com,1988,2024-10-24 16:23:44
1743,Elijah Andersen,elijah.andersen1743@example.com,1993,2024-10-27 09:59:56
1744,Aris Petrov,aris.petrov1744@example.com,1966,2024-10-27 20:06:56
1745,Yuki Novak,yuki.novak1745@example.com,1965,2024-10-17 16:51:26
1746,Aya Kowalski,aya.kowalski1746@example.com,2002,2024-10-27 23:35:22
1747,Sofia Varga,sofia.varga1747@example.com,1983,2024-10-14 01:44:52
1748,Yuki Berg,yuki.berg1748@example.com,1996,2024-10-07 16:47:50
1749,Aya Muller,aya.muller1749@example.com,1961,2024-10-12 20:20:07
1750,Zara Rossi,zara.rossi1750@example.com,1972,2024-10-16 13:38:17
1751,Sana Zhang,sana.zhang1751@example.com,1968,2024-10-27 14:34:17
1752,Milan Dubois,milan.dubois1752@example.com,1987,2024-10-26 18:13:17
1753,Liam Petrov,liam.petrov1753@example.com,1995,2024-10-19 20:48:19
1754,Elijah Silva,elijah.silva1754@example.com,1966,2024-10-10 10:20:17
1755,Luca Yilmaz,luca.yilmaz1755@example.com,1984,2024-10-14 08:26:46
1756,Lea Novak,lea.novak1756@example.com,1965,2024-10-21 00:08:28
1757,Milan Johnson,milan.johnson1757@example.com,1995,2024-10-01 01:41:33
1758,Kai Larsen,kai.larsen1758@example.com,1976,2024-10-23 18:03:07
1759,Aya Kowalski,aya.kowalski1759@example.com,1982,2024-10-20 17:41:36
1760,Luca Kowalski,luca.kowalski1760@example.com,1984,2024-10-25 07:00:49
1761,Ines Berg,ines.berg1761@example.com,1970,2024-10-08 15:02:45
1762,Ines Nakamura,ines.nakamura1762@example.com,1959,2024-10-26 22:05:18
1763,Yuki Haddad,yuki.haddad1763@example.com,1960,2024-10-15 23:44:30
1764,Aris Johnson,aris.johnson1764@example.com,1962,2024-10-19 13:41:20
1765,Ines Novak,ines.novak1765@example.com,1993,2024-10-18 02:45:21
1766,Hugo Kowalski,hugo.kowalski1766@example.com,1978,2024-10-22 22:08:10
1767,Tomas Larsen,tomas.larsen1767@example.com,1968,2024-10-16 16:46:00
1768,Nina Costa,nina.costa1768@example.com,1993,2024-10-22 02:41:36
1769,Lena Zhang,lena.zhang1769@example.com,1968,2024-10-03 02:12:36
1770,Hugo Nakamura,hugo.nakamura1770@example.com,1974,2024-10-28 18:45:24
1771,Hugo Rossi,hugo.rossi1771@example.com,1979,2024-10-03 11:28:51
1772,Tomas Kowalski,tomas.kowalski1772@example.com,1965,2024-10-11 21:12:35
1773,Mila Costa,mila.costa1773@example.com,1982,2024-10-14 11:26:37
1774,Nina Kowalski,nina.kowalski1774@example.com,1982,2024-10-14 02:56:44
1775,Elijah Dubois,elijah.dubois1775@example.com,1992,2024-10-10 06:07:39
1776,Kai Kowalski,kai.kowalski1776@example.com,1993,2024-11-23 06:19:39
1777,Noah Andersen,noah.andersen1777@example.com,1994,2024-11-23 02:39:27
1778,Mila Petrov,mila.petrov1778@example.com,1968,2024-11-06 00:17:32
1779,Luca Okafor,luca.okafor1779@example.com,2001,2024-11-01 08:28:15
1780,Ines Ricci,ines.ricci1780@example.com,1983,2024-11-24 20:28:30
1781,Sana Yilmaz,sana.yilmaz1781@example.com,1998,2024-11-01 09:58:44
1782,Nina Andersen,nina.andersen1782@example.com,1971,2024-11-10 09:40:39
1783,Hugo Novak,hugo.novak1783@example.com,1977,2024-11-08 21:40:47
1784,Lena Haddad,lena.haddad1784@example.com,1968,2024-11-16 11:19:52
1785,Kai Okafor,kai.okafor1785@example.com,1990,2024-11-19 17:04:38
1786,Aris Zhang,aris.zhang1786@example.com,1994,2024-11-19 12:58:54
1787,Yuki Johnson,yuki.johnson1787@example.com,1978,2024-11-01 18:01:02
1788,Milan Haddad,milan.haddad1788@example.com,1972,2024-11-06 02:24:08
1789,Nina Moreau,nina.moreau1789@example.com,1975,2024-11-07 00:49:09
1790,Yuki Petrov,yuki.petrov1790@example.com,1983,2024-11-17 07:47:01
1791,Tomas Ricci,tomas.ricci1791@example.com,1955,2024-11-26 03:24:23
1792,Tomas Petrov,tomas.petrov1792@example.com,1958,2024-11-20 03:22:49
1793,Aris Sorensen,aris.sorensen1793@example.com,1977,2024-11-24 17:23:53
1794,Aris Larsen,aris.larsen1794@example.com,2000,2024-11-08 15:48:18
1795,Omar Zhang,omar.zhang1795@example.com,1961,2024-11-23 00:14:35
1796,Milan Muller,milan.muller1796@example.com,1956,2024-11-05 07:30:59
1797,Liam Okafor,liam.okafor1797@example.com,1973,2024-11-01 22:55:57
1798,Sana Petrov,sana.petrov1798@example.com,1972,2024-11-08 03:37:10
1799,Liam Petrov,liam.petrov1799@example.com,1989,2024-11-07 00:52:41
1800,Aya Larsen,aya.larsen1800@example.com,1960,2024-11-08 17:29:10
1801,Mila Andersen,mila.andersen1801@example.com,2000,2024-11-20 18:04:50
1802,Sofia Muller,sofia.muller1802@example.com,1981,2024-11-16 09:52:21
1803,Emma Costa,emma.costa1803@example.com,1979,2024-11-22 10:47:57
1804,Aris Dubois,aris.dubois1804@example.com,1972,2024-11-28 00:03:05
1805,Aya Ricci,aya.ricci1805@example.com,1969,2024-11-15 06:43:02
1806,Aris Silva,aris.silva1806@example.com,2000,2024-11-14 06:50:09
1807,Sofia Moreau,sofia.moreau1807@example.com,1955,2024-11-18 10:48:43
1808,Ravi Ivanov,ravi.ivanov1808@example.com,1958,2024-11-15 18:13:26
1809,Lena Ivanov,lena.ivanov1809@example.com,1964,2024-11-16 00:31:20
1810,Emma Ricci,emma.ricci1810@example.com,1986,2024-11-05 03:15:14
1811,Aya Kowalski,aya.kowalski1811@example.com,1986,2024-11-13 00:43:48
1812,Luca Muller,luca.muller1812@example.com,1958,2024-11-18 23:11:15
1813,Freya Okafor,freya.okafor1813@example.com,1977,2024-11-22 13:16:20
1814,Milan Weber,milan.weber1814@example.com,1981,2024-11-04 00:47:06
1815,Luca Sorensen,luca.sorensen1815@example.com,1978,2024-11-01 20:15:25
1816,Luca Yilmaz,luca.yilmaz1816@example.com,2000,2024-11-27 15:40:57
1817,Luca Andersen,luca.andersen1817@example.com,1992,2024-11-13 18:21:47
1818,Ines Ricci,ines.ricci1818@example.com,1978,2024-11-11 13:03:54
1819,Nina Berg,nina.berg1819@example.com,1980,2024-11-23 08:28:35
1820,Emma Ricci,emma.ricci1820@example.com,1967,2024-11-12 14:49:28
1821,Nora Larsen,nora.larsen1821@example.com,1992,2024-11-23 01:51:20
1822,Noah Novak,noah.novak1822@example.com,1994,2024-11-11 14:02:45
1823,Ines Muller,ines.muller1823@example.com,1977,2024-11-02 20:17:07
1824,Hugo Johnson,hugo.johnson1824@example.com,1997,2024-11-26 23:02:15
1825,Hugo Ivanov,hugo.ivanov1825@example.com,1996,2024-11-09 16:20:00
1826,Sana Yilmaz,sana.yilmaz1826@example.com,1958,2024-11-07 23:08:42
1827,Nina Moreau,nina.moreau1827@example.com,1981,2024-11-19 19:30:07
1828,Ravi Nakamura,ravi.nakamura1828@example.com,2002,2024-11-17 09:59:57
1829,Nora Sorensen,nora.sorensen1829@example.com,1982,2024-11-28 14:14:44
1830,Noah Dubois,noah.dubois1830@example.com,1996,2024-11-06 06:26:43
1831,Tomas Sorensen,tomas.sorensen1831@example.com,1978,2024-11-10 22:22:11
1832,Milan Ricci,milan.ricci1832@example.com,1980,2024-11-09 11:08:00
1833,Sofia Zhang,sofia.zhang1833@example.com,1962,2024-11-13 20:09:40
1834,Mila Yilmaz,mila.yilmaz1834@example.com,1984,2024-11-26 15:35:25
1835,Aya Okafor,aya.okafor1835@example.com,1993,2024-11-02 09:58:37
1836,Omar Berg,omar.berg1836@example.com,1976,2024-11-25 17:04:24
1837,Luca Moreau,luca.moreau1837@example.com,1956,2024-11-04 19:08:55
1838,Yuki Muller,yuki.muller1838@example.com,1959,2024-11-01 12:37:08
1839,Aris Varga,aris.varga1839@example.com,1982,2024-11-23 04:17:03
1840,Freya Moreau,freya.moreau1840@example.com,1984,2024-11-03 08:21:40
1841,Ravi Berg,ravi.berg1841@example.com,1979,2024-11-15 10:22:41
1842,Hugo Varga,hugo.varga1842@example.com,1993,2024-11-04 01:48:37
1843,Omar Weber,omar.weber1843@example.com,2001,2024-11-12 10:14:15
1844,Milan Petrov,milan.petrov1844@example.com,1970,2024-11-20 05:34:12
1845,Ravi Kowalski,ravi.kowalski1845@example.com,1972,2024-11-28 06:31:59
1846,Freya Ivanov,freya.ivanov1846@example.com,1999,2024-11-21 07:00:25
1847,Tomas Nakamura,tomas.nakamura1847@example.com,1964,2024-11-20 22:05:16
1848,Zara Muller,zara.muller1848@example.com,1971,2024-11-07 11:48:43
1849,Ravi Rossi,ravi.rossi1849@example.com,1959,2024-11-19 12:36:29
1850,Nora Petrov,nora.petrov1850@example.com,1990,2024-11-13 04:20:40
1851,Yuki Nakamura,yuki.nakamura1851@example.com,1976,2024-11-14 01:58:17
1852,Emma Silva,emma.silva1852@example.com,1992,2024-11-13 07:12:13
1853,Hugo Moreau,hugo.moreau1853@example.com,1983,2024-11-23 17:26:11
1854,Tomas Silva,tomas.silva1854@example.com,1958,2024-11-11 12:51:27
1855,Lea Ricci,lea.ricci1855@example.com,2001,2024-11-23 02:00:25
1856,Mila Silva,mila.silva1856@example.com,2001,2024-11-22 07:01:17
1857,Lena Novak,lena.novak1857@example.com,1963,2024-11-22 20:43:14
1858,Lena Yilmaz,lena.yilmaz1858@example.com,2002,2024-11-02 01:35:38
1859,Liam Novak,liam.novak1859@example.com,1971,2024-11-01 13:35:53
1860,Lea Muller,lea.muller1860@example.com,1995,2024-11-04 16:10:05
1861,Elijah Berg,elijah.berg1861@example.com,1987,2024-11-12 00:57:17
1862,Freya Muller,freya.muller1862@example.com,1979,2024-11-23 20:43:44
1863,Tomas Toth,tomas.toth1863@example.com,1987,2024-11-13 22:41:12
1864,Lena Dubois,lena.dubois1864@example.com,1973,2024-11-17 19:17:31
1865,Aya Okafor,aya.okafor1865@example.com,1960,2024-11-18 06:49:02
1866,Tomas Zhang,tomas.zhang1866@example.com,1994,2024-11-10 17:46:41
1867,Luca Silva,luca.silva1867@example.com,1983,2024-11-14 16:20:11
1868,Ravi Ricci,ravi.ricci1868@example.com,1965,2024-11-14 18:05:55
1869,Sana Toth,sana.toth1869@example.com,1995,2024-11-02 21:36:58
1870,Milan Andersen,milan.andersen1870@example.com,1967,2024-11-23 18:27:40
1871,Aris Moreau,aris.moreau1871@example.com,2000,2024-11-22 06:17:00
1872,Ines Silva,ines.silva1872@example.com,1990,2024-11-10 20:23:39
1873,Kai Berg,kai.berg1873@example.com,1984,2024-11-01 08:38:07
1874,Freya Weber,freya.weber1874@example.com,1955,2024-11-18 07:22:30
1875,Nina Costa,nina.costa1875@example.com,1969,2024-11-21 03:38:33
1876,Aris Ivanov,aris.ivanov1876@example.com,1980,2024-11-12 09:59:04
1877,Liam Yilmaz,liam.yilmaz1877@example.com,1974,2024-11-28 07:44:52
1878,Sana Haddad,sana.haddad1878@example.com,1993,2024-11-25 13:29:30
1879,Sofia Costa,sofia.costa1879@example.com,1977,2024-11-28 23:57:45
1880,Nora Costa,nora.costa1880@example.com,1974,2024-11-20 21:19:32
1881,Noah Larsen,noah.larsen1881@example.com,1980,2024-11-17 00:15:41
1882,Sofia Ivanov,sofia.ivanov1882@example.com,1976,2024-11-08 04:48:53
1883,Freya Okafor,freya.okafor1883@example.com,1994,2024-11-10 22:39:59
1884,Lena Moreau,lena.moreau1884@example.com,1969,2024-11-06 18:38:10
1885,Liam Zhang,liam.zhang1885@example.com,1994,2024-11-25 12:03:57
1886,Nina Kowalski,nina.kowalski1886@example.com,1958,2024-11-19 00:08:35
1887,Nina Novak,nina.novak1887@example.com,1999,2024-12-22 15:36:30
1888,Sofia Moreau,sofia.moreau1888@example.com,1960,2024-12-09 11:23:36
1889,Tomas Kowalski,tomas.kowalski1889@example.com,1968,2024-12-23 00:53:39
1890,Milan Weber,milan.weber1890@example.com,1957,2024-12-26 15:56:12
1891,Noah Yilmaz,noah.yilmaz1891@example.com,1969,2024-12-15 20:43:21
1892,Nora Novak,nora.novak1892@example.com,1964,2024-12-09 02:52:36
1893,Tomas Berg,tomas.berg1893@example.com,1957,2024-12-21 04:58:10
1894,Ravi Haddad,ravi.haddad1894@example.com,1992,2024-12-24 21:26:54
1895,Mila Novak,mila.novak1895@example.com,1959,2024-12-03 20:44:13
1896,Ines Berg,ines.berg1896@example.com,1969,2024-12-25 21:00:56
1897,Liam Ivanov,liam.ivanov1897@example.com,1980,2024-12-13 11:38:12
1898,Noah Sorensen,noah.sorensen1898@example.com,1987,2024-12-11 12:47:47
1899,Tomas Varga,tomas.varga1899@example.com,1968,2024-12-20 07:09:59
1900,Sana Sorensen,sana.sorensen1900@example.com,1967,2024-12-14 10:16:20
1901,Liam Okafor,liam.okafor1901@example.com,1989,2024-12-04 21:57:00
1902,Omar Petrov,omar.petrov1902@example.com,1964,2024-12-18 01:49:11
1903,Ravi Novak,ravi.novak1903@example.com,1966,2024-12-17 11:45:14
1904,Yuki Dubois,yuki.dubois1904@example.com,1982,2024-12-12 13:49:55
1905,Noah Haddad,noah.haddad1905@example.com,2001,2024-12-19 23:44:10
1906,Sofia Dubois,sofia.dubois1906@example.com,1990,2024-12-20 04:49:46
1907,Elijah Muller,elijah.muller1907@example.com,1993,2024-12-09 15:27:50
1908,Emma Novak,emma.novak1908@example.com,1978,2024-12-11 07:58:26
1909,Ravi Weber,ravi.weber1909@example.com,1999,2024-12-27 13:27:22
1910,Luca Muller,luca.muller1910@example.com,1987,2024-12-25 19:40:32
1911,Nora Petrov,nora.petrov1911@example.com,1975,2024-12-17 10:16:11
1912,Sana Costa,sana.costa1912@example.com,1968,2024-12-07 01:43:25
1913,Hugo Haddad,hugo.haddad1913@example.com,1971,2024-12-21 03:59:26
1914,Elijah Kowalski,elijah.kowalski1914@example.com,1989,2024-12-17 15:52:17
1915,Elijah Okafor,elijah.okafor1915@example.com,1987,2024-12-14 10:04:35
1916,Sofia Larsen,sofia.larsen1916@example.com,1964,2024-12-09 14:39:43
1917,Milan Nakamura,milan.nakamura1917@example.com,2002,2024-12-26 12:39:20
1918,Zara Nakamura,zara.nakamura1918@example.com,1962,2024-12-26 03:08:10
1919,Yuki Kowalski,yuki.kowalski1919@example.com,1988,2024-12-05 09:58:20
1920,Ravi Moreau,ravi.moreau1920@example.com,2002,2024-12-24 08:08:44
1921,Ines Zhang,ines.zhang1921@example.com,1968,2024-12-14 22:42:35
1922,Aris Andersen,aris.andersen1922@example.com,2000,2024-12-27 05:55:59
1923,Ines Zhang,ines.zhang1923@example.com,1963,2024-12-28 18:48:39
1924,Luca Dubois,luca.dubois1924@example.com,1986,2024-12-05 19:55:22
1925,Aya Haddad,aya.haddad1925@example.com,1963,2024-12-14 23:47:14
1926,Tomas Nakamura,tomas.nakamura1926@example.com,1993,2024-12-18 07:17:17
1927,Ravi Haddad,ravi.haddad1927@example.com,1993,2024-12-08 20:26:24
1928,Elijah Moreau,elijah.moreau1928@example.com,1973,2024-12-27 15:33:44
1929,Ines Dubois,ines.dubois1929@example.com,1962,2024-12-24 21:26:18
1930,Kai Larsen,kai.larsen1930@example.com,1990,2024-12-27 13:25:21
1931,Sofia Berg,sofia.berg1931@example.com,1969,2024-12-22 16:42:39
1932,Lea Silva,lea.silva1932@example.com,1978,2024-12-13 14:03:52
1933,Nina Kowalski,nina.kowalski1933@example.com,1966,2024-12-05 12:18:02
1934,Sofia Zhang,sofia.zhang1934@example.com,1986,2024-12-14 06:09:24
1935,Ravi Costa,ravi.costa1935@example.com,1963,2024-12-07 07:37:56
1936,Omar Kowalski,omar.kowalski1936@example.com,1963,2024-12-05 18:14:15
1937,Milan Haddad,milan.haddad1937@example.com,1956,2024-12-09 14:28:21
1938,Freya Costa,freya.costa1938@example.com,1988,2024-12-14 22:14:22
1939,Sana Zhang,sana.zhang1939@example.com,1957,2024-12-27 05:21:45
1940,Omar Moreau,omar.moreau1940@example.com,1979,2024-12-08 01:32:52
1941,Emma Nakamura,emma.nakamura1941@example.com,1985,2024-12-21 01:44:38
1942,Yuki Berg,yuki.berg1942@example.com,1981,2024-12-09 23:42:39
1943,Milan Andersen,milan.andersen1943@example.com,1957,2024-12-12 23:15:44
1944,Noah Kowalski,noah.kowalski1944@example.com,1999,2024-12-15 23:15:54
1945,Aya Okafor,aya.okafor1945@example.com,1964,2024-12-16 15:21:46
1946,Kai Novak,kai.novak1946@example.com,2002,2024-12-01 15:16:27
1947,Ines Kowalski,ines.kowalski1947@example.com,1957,2024-12-05 18:56:16
1948,Luca Zhang,luca.zhang1948@example.com,1965,2024-12-25 11:26:27
1949,Kai Varga,kai.varga1949@example.com,1979,2024-12-07 09:57:53
1950,Lea Haddad,lea.haddad1950@example.com,1965,2024-12-18 00:40:10
1951,Nina Novak,nina.novak1951@example.com,1973,2024-12-25 04:03:07
1952,Noah Ivanov,noah.ivanov1952@example.com,1974,2024-12-23 23:48:09
1953,Mila Varga,mila.varga1953@example.com,1965,2024-12-26 19:02:41
1954,Tomas Ricci,tomas.ricci1954@example.com,1967,2024-12-10 23:27:51
1955,Sofia Toth,sofia.toth1955@example.com,1986,2024-12-17 08:49:05
1956,Elijah Kowalski,elijah.kowalski1956@example.com,1958,2024-12-28 11:51:57
1957,Ravi Costa,ravi.costa1957@example.com,1988,2024-12-01 14:24:00
1958,Nora Zhang,nora.zhang1958@example.com,1965,2024-12-05 21:01:06
1959,Ines Johnson,ines.johnson1959@example.com,1989,2024-12-01 19:56:24
1960,Hugo Haddad,hugo.haddad1960@example.com,1958,2024-12-13 06:40:48
1961,Aya Ivanov,aya.ivanov1961@example.com,1987,2024-12-14 17:44:51
1962,Zara Larsen,zara.larsen1962@example.com,1991,2024-12-19 10:50:40
1963,Sofia Novak,sofia.novak1963@example.com,1997,2024-12-15 21:06:29
1964,Elijah Johnson,elijah.johnson1964@example.com,1981,2024-12-05 20:13:27
1965,Aya Petrov,aya.petrov1965@example.com,1963,2024-12-03 06:51:40
1966,Ravi Kowalski,ravi.kowalski1966@example.com,1999,2024-12-22 07:30:04
1967,Zara Dubois,zara.dubois1967@example.com,2001,2024-12-06 22:13:11
1968,Noah Dubois,noah.dubois1968@example.com,1971,2024-12-06 22:45:03
1969,Emma Novak,emma.novak1969@example.com,1958,2024-12-25 16:13:34
1970,Nina Sorensen,nina.sorensen1970@example.com,1980,2024-12-06 20:06:11
1971,Kai Yilmaz,kai.yilmaz1971@example.com,1993,2024-12-06 16:59:25
1972,Emma Novak,emma.novak1972@example.com,1960,2024-12-16 16:50:51
1973,Liam Weber,liam.weber1973@example.com,1995,2024-12-25 00:46:51
1974,Omar Berg,omar.berg1974@example.com,1999,2024-12-24 19:40:04
1975,Elijah Weber,elijah.weber1975@example.com,1964,2024-12-13 17:36:41
1976,Aya Sorensen,aya.sorensen1976@example.com,1967,2024-12-16 20:24:33
1977,Yuki Rossi,yuki.rossi1977@example.com,1963,2024-12-12 21:57:46
1978,Lena Andersen,lena.andersen1978@example.com,1957,2024-12-22 03:28:30
1979,Omar Berg,omar.berg1979@example.com,1986,2024-12-27 09:17:43
1980,Zara Nakamura,zara.nakamura1980@example.com,2002,2024-12-02 15:15:53
1981,Lea Petrov,lea.petrov1981@example.com,1979,2024-12-23 03:12:20
1982,Freya Sorensen,freya.sorensen1982@example.com,1996,2024-12-07 01:00:55
1983,Yuki Moreau,yuki.moreau1983@example.com,1975,2024-12-18 02:48:22
1984,Zara Larsen,zara.larsen1984@example.com,1958,2024-12-22 03:50:05
1985,Luca Zhang,luca.zhang1985@example.com,1973,2024-12-01 01:57:01
1986,Aris Johnson,aris.johnson1986@example.com,1961,2024-12-05 23:55:35
1987,Ines Andersen,ines.andersen1987@example.com,1985,2024-12-25 18:14:47
1988,Sana Novak,sana.novak1988@example.com,1956,2024-12-13 00:42:47
1989,Zara Weber,zara.weber1989@example.com,1986,2024-12-12 13:34:54
1990,Nina Dubois,nina.dubois1990@example.com,1979,2024-12-16 04:21:29
1991,Ines Berg,ines.berg1991@example.com,1990,2024-12-25 05:07:38
1992,Omar Ricci,omar.ricci1992@example.com,1987,2024-12-14 07:33:45
1993,Mila Weber,mila.weber1993@example.com,1995,2024-12-14 11:03:06
1994,Yuki Ricci,yuki.ricci1994@example.com,1971,2024-12-15 13:24:39
1995,Tomas Varga,tomas.varga1995@example.com,1956,2024-12-22 02:37:51
1996,Lea Okafor,lea.okafor1996@example.com,1967,2024-12-08 02:56:46
1997,Lea Moreau,lea.moreau1997@example.com,1960,2024-12-25 07:08:22
1998,Lena Nakamura,lena.nakamura1998@example.com,1981,2024-12-18 07:45:16
1999,Ravi Zhang,ravi.zhang1999@example.com,1997,2024-12-24 19:52:20
2000,Sana Kowalski,sana.kowalski2000@example.com,1959,2024-12-22 16:17:09
